<vib version="5.0"><type>bootbank</type><name>amscli</name><version>11.5.0.22-1OEM.700.0.0.15525992</version><vendor>HPE</vendor><summary>Agentless Management Service ESXCLI Extension for ESXi</summary><description>Agentless Management Service ESXCLI Extension for ESXi</description><release-date>2020-02-16T20:01:49.646532+00:00</release-date><urls><url key="General info">http://www.hpe.com</url></urls><relationships><depends><constraint name="esx-version" relation="&gt;=" version="7.0.0"/><constraint name="esx-version" relation="&lt;&lt;" version="7.1.0"/></depends><conflicts/><replaces/><provides/><compatibleWith/></relationships><software-tags/><relative-path>vib20/amscli/HPE_bootbank_amscli_11.5.0.22-1OEM.700.0.0.15525992.vib</relative-path><packed-size>149560</packed-size><checksum checksum-type="sha-256">c453d1ea9784ca9f29e00830f05793097e318bb8b7388d8b67376c03f2bbc259</checksum><system-requires><maintenance-mode>false</maintenance-mode></system-requires><file-list><file>etc/init.d/amsesxcli.sh</file><file>opt/amsd/bin/ams_esxcli</file><file>opt/amsd/bin/ams_esxcli_sh</file><file>opt/amsd/bin/amsdesxcliwd.sh</file><file>opt/amsd/bin/amshesxcliwd.sh</file><file>opt/amsd/bin/getMPHWver</file><file>opt/amsd/bin/smad_rev_esxcli</file><file>opt/amsd/bin/smad_rev_esxcli_sh</file><file>usr/lib/vmware/esxcli/ext/ams.xml</file><file>usr/lib/vmware/esxcli/ext/smad_rev.xml</file></file-list><acceptance-level>partner</acceptance-level><live-install-allowed>false</live-install-allowed><live-remove-allowed>false</live-remove-allowed><cimom-restart>false</cimom-restart><stateless-ready>true</stateless-ready><overlay>false</overlay><payloads><payload name="amscli" type="vgz" size="141538"><checksum checksum-type="sha-256" verify-process="gunzip">a72d16dd7e9bb2262c9273d1a3acbc0b28eaf735b06b77f4ab7046410ecd039d</checksum><checksum checksum-type="sha-256">edd096dbd8fc0c920a5f38415565a4e42bc7819396db1cbf97dfcd2168591ba1</checksum><checksum checksum-type="sha-1" verify-process="gunzip">21faf54540fca75bc743b141cfd989772cf60824</checksum></payload></payloads></vib>