<vib version="5.0"><type>bootbank</type><name>amsd</name><version>700.11.5.0.28-1OEM.700.1.0.15525992</version><vendor>HPE</vendor><summary>Agentless Management Service Daemon</summary><description>Agentless Management Service Daemon for VMware ESX</description><release-date>2020-02-16T18:20:20.334006+00:00</release-date><urls/><relationships><depends><constraint name="vmkapi_2_6_0_0"/><constraint name="libvmkuser-7.0.0-1"/><constraint name="uwglibc64-2.12.2-1"/><constraint name="uwvmkcall-7.0.0-1"/><constraint name="nicmgmt" relation="=" version="0.1"/><constraint name="esx-version" relation="&gt;=" version="7.0.0"/><constraint name="esx-version" relation="&lt;&lt;" version="7.1.0"/></depends><conflicts/><replaces><constraint name="amshelper"/><constraint name="amsHelper"/><constraint name="hp-ams"/></replaces><provides/><compatibleWith/></relationships><software-tags><tag>daemon</tag></software-tags><relative-path>vib20/amsd/HPE_bootbank_amsd_700.11.5.0.28-1OEM.700.1.0.15525992.vib</relative-path><packed-size>1231302</packed-size><checksum checksum-type="sha-256">d554e95d5a51cb20ba3c05536b42fc94c0171ee440d736f8b83f6832ea350113</checksum><system-requires><maintenance-mode>false</maintenance-mode></system-requires><file-list><file>etc/init.d/amsd</file><file>etc/shutdown.d/amsd</file><file>etc/vmware/daemon/config/amsd.json</file><file>opt/amsd/bin/ahsd</file><file>opt/amsd/bin/ahslogger</file><file>opt/amsd/bin/amsd</file><file>opt/amsd/bin/amshelper</file><file>opt/amsd/bin/smad</file><file>opt/amsd/bin/smarev</file><file>opt/amsd/data/esxtoprc</file><file>opt/amsd/data/intf-mgmt.py</file><file>opt/amsd/data/pci.ids</file></file-list><acceptance-level>accepted</acceptance-level><live-install-allowed>false</live-install-allowed><live-remove-allowed>false</live-remove-allowed><cimom-restart>false</cimom-restart><stateless-ready>true</stateless-ready><overlay>false</overlay><payloads><payload name="amsd" type="vgz" size="1223086"><checksum checksum-type="sha-256" verify-process="gunzip">88894b7a6a66ceb52fe3b28e2c5d972362537b1917896ce3ef85cf2e7af21eac</checksum><checksum checksum-type="sha-256">99cad0261bf04515150faf1cd6f0df8e602ec3dfaa48f6dd2726a3a8c7dbd0c8</checksum><checksum checksum-type="sha-1" verify-process="gunzip">889e374fc938868bb433c4fa0ca39228e2293378</checksum></payload></payloads></vib>