<vib version="5.0"><type>bootbank</type><name>bnxtroce</name><version>216.0.58.0-1vmw.700.1.0.15843807</version><vendor>VMW</vendor><summary>VMware Esx VIB</summary><description>Broadcom NetXtreme-E ROCE Driver for VMware ESXi</description><release-date>2020-03-16T09:39:54.327967+00:00</release-date><urls/><relationships><depends><constraint name="vmkapi_2_6_0_0"/></depends><conflicts/><replaces/><provides/><compatibleWith/></relationships><software-tags><tag>RestrictStickyFiles</tag><tag>module</tag><tag>driver</tag></software-tags><relative-path>vib20/bnxtroce/VMW_bootbank_bnxtroce_216.0.58.0-1vmw.700.1.0.15843807.vib</relative-path><packed-size>98488</packed-size><checksum checksum-type="sha-256">e1bb752a6d4912346570b64644046b16619ed0854f1950de4b973fc50619686a</checksum><system-requires><maintenance-mode>true</maintenance-mode></system-requires><file-list><file>etc/vmware/default.map.d/bnxtroce.map</file><file>usr/lib/vmware/vmkmod/bnxtroce</file></file-list><acceptance-level>certified</acceptance-level><live-install-allowed>false</live-install-allowed><live-remove-allowed>false</live-remove-allowed><cimom-restart>false</cimom-restart><stateless-ready>true</stateless-ready><overlay>false</overlay><payloads><payload name="bnxtroce" type="vgz" size="93512"><checksum checksum-type="sha-256" verify-process="gunzip">6c436d6a154720f7d585a5f9572adaab745c1c6515908c1e1e3568caa4c02f60</checksum><checksum checksum-type="sha-256">68c9e01f815f2684836a41a07bace048f1c31da9df628507730b84c9de24a768</checksum><checksum checksum-type="sha-1" verify-process="gunzip">6a9f103ede43046cda9747a46046bb6076a195c9</checksum></payload></payloads></vib>