<vib version="5.0"><type>bootbank</type><name>bnxtnet</name><version>216.0.50.0-4vmw.700.1.0.15843807</version><vendor>VMW</vendor><summary>VMware Esx VIB</summary><description>Broadcom NetXtreme-C/E VMKAPI Ethernet driver for VMware ESXi</description><release-date>2020-03-16T09:39:54.305626+00:00</release-date><urls/><relationships><depends><constraint name="vmkapi_2_6_0_0"/></depends><conflicts/><replaces/><provides/><compatibleWith/></relationships><software-tags><tag>RestrictStickyFiles</tag><tag>PCIID 14e41604</tag><tag>PCIID 14e41605</tag><tag>PCIID 14e41606</tag><tag>PCIID 14e41609</tag><tag>PCIID 14e41614</tag><tag>PCIID 14e416c0</tag><tag>PCIID 14e416c1</tag><tag>PCIID 14e416c8</tag><tag>PCIID 14e416c9</tag><tag>PCIID 14e416ca</tag><tag>PCIID 14e416cb</tag><tag>PCIID 14e416cc</tag><tag>PCIID 14e416ce</tag><tag>PCIID 14e416cf</tag><tag>PCIID 14e416d0</tag><tag>PCIID 14e416d1</tag><tag>PCIID 14e416d2</tag><tag>PCIID 14e416d3</tag><tag>PCIID 14e416d4</tag><tag>PCIID 14e416d5</tag><tag>PCIID 14e416d6</tag><tag>PCIID 14e416d7</tag><tag>PCIID 14e416d8</tag><tag>PCIID 14e416d9</tag><tag>PCIID 14e416dc</tag><tag>PCIID 14e416de</tag><tag>PCIID 14e416df</tag><tag>PCIID 14e416e0</tag><tag>PCIID 14e416e1</tag><tag>PCIID 14e416e2</tag><tag>PCIID 14e416e3</tag><tag>PCIID 14e416e4</tag><tag>PCIID 14e416e5</tag><tag>PCIID 14e416e7</tag><tag>PCIID 14e416e8</tag><tag>PCIID 14e416e9</tag><tag>PCIID 14e416ea</tag><tag>PCIID 14e416eb</tag><tag>PCIID 14e416ec</tag><tag>PCIID 14e416ed</tag><tag>PCIID 14e416ee</tag><tag>PCIID 14e416ef</tag><tag>module</tag><tag>driver</tag></software-tags><relative-path>vib20/bnxtnet/VMW_bootbank_bnxtnet_216.0.50.0-4vmw.700.1.0.15843807.vib</relative-path><packed-size>203350</packed-size><checksum checksum-type="sha-256">2170e9d66b191173cf0f1dca3e40bb055a076cfb87c623e994453355dfc35f75</checksum><system-requires><maintenance-mode>true</maintenance-mode></system-requires><file-list><file>etc/vmware/default.map.d/bnxtnet.map</file><file>usr/lib/vmware/vmkmod/bnxtnet</file><file>usr/share/hwdata/default.pciids.d/bnxtnet.ids</file></file-list><acceptance-level>certified</acceptance-level><live-install-allowed>false</live-install-allowed><live-remove-allowed>false</live-remove-allowed><cimom-restart>false</cimom-restart><stateless-ready>true</stateless-ready><overlay>false</overlay><payloads><payload name="bnxtnet" type="vgz" size="197255"><checksum checksum-type="sha-256" verify-process="gunzip">85c998d60a8a9d77d3df420c94b80ec9c48f125344933e62e6f1f7daed4cf6ef</checksum><checksum checksum-type="sha-256">7c66d01cbeca743cac4b3e7eb9972facee17a9f242192c894b641313c666bf73</checksum><checksum checksum-type="sha-1" verify-process="gunzip">a36236a0972a8bed9980fe25e15f191f649cd95d</checksum></payload></payloads></vib>