<vib version="5.0"><type>bootbank</type><name>bootcfg</name><version>700.10.5.0.23-7.0.0.15525992</version><vendor>HPE</vendor><summary>Boot Configuration Utility for ESXi</summary><description>Boot Configuration Utility for ESXi</description><release-date>2020-03-02T01:55:30.850714+00:00</release-date><urls><url key="General info">http://www.example.com</url></urls><relationships><depends><constraint name="esx-version" relation="&gt;=" version="7.0.0"/><constraint name="esx-version" relation="&lt;&lt;" version="7.1.0"/><constraint name="uwglibc64-2.12.2-1"/><constraint name="libvmkuser-7.0.0-1"/><constraint name="uwvmkcall-7.0.0-1"/><constraint name="vmkapi_2_6_0_0"/></depends><conflicts/><replaces><constraint name="hpbootcfg"/></replaces><provides/><compatibleWith/></relationships><software-tags/><relative-path>vib20/bootcfg/HPE_bootbank_bootcfg_700.10.5.0.23-7.0.0.15525992.vib</relative-path><packed-size>23534</packed-size><checksum checksum-type="sha-256">614124aec44198146a37b96cfa77fb9b11f1fe0b06f36f1fad756ccfd99e6420</checksum><system-requires><maintenance-mode>false</maintenance-mode></system-requires><file-list><file>opt/tools/bootcfg</file><file>opt/tools/bootcfg_esxcli</file><file>usr/lib/vmware/esxcli/ext/bootcfg-esxcli.xml</file></file-list><acceptance-level>partner</acceptance-level><live-install-allowed>false</live-install-allowed><live-remove-allowed>false</live-remove-allowed><cimom-restart>false</cimom-restart><stateless-ready>true</stateless-ready><overlay>false</overlay><payloads><payload name="stage" type="vgz" size="15645"><checksum checksum-type="sha-256" verify-process="gunzip">34fbd58119c07e69c1bcbe4371587de951e26611c117596c770c46d18ae7b60d</checksum><checksum checksum-type="sha-256">85b057ca6b557ce9b04a2bd3170be68ea4b0ff0d0e82b41229df05596d4826e1</checksum><checksum checksum-type="sha-1" verify-process="gunzip">ea0c8f8dfe673ace4094c815f28a7285d582f34b</checksum></payload></payloads></vib>