<vib version="5.0"><type>bootbank</type><name>brcmfcoe</name><version>12.0.1500.0-1vmw.700.1.0.15843807</version><vendor>VMW</vendor><summary>VMware Esx VIB</summary><description>Emulex FCoE Driver</description><release-date>2020-03-16T09:39:53.208875+00:00</release-date><urls/><relationships><depends><constraint name="vmkapi_2_6_0_0"/></depends><conflicts/><replaces><constraint name="scsi-lpfc820"/></replaces><provides/><compatibleWith/></relationships><software-tags><tag>RestrictStickyFiles</tag><tag>PCIID 10df0724</tag><tag>PCIID 10df072c</tag><tag>PCIID 19a20714</tag><tag>module</tag><tag>driver</tag></software-tags><relative-path>vib20/brcmfcoe/VMW_bootbank_brcmfcoe_12.0.1500.0-1vmw.700.1.0.15843807.vib</relative-path><packed-size>605548</packed-size><checksum checksum-type="sha-256">657eefb38f2ef96004fb899ef5a995deee2d6b1f32f820741cc2f2ac836f2152</checksum><system-requires><maintenance-mode>true</maintenance-mode></system-requires><file-list><file>etc/vmware/default.map.d/brcmfcoe.map</file><file>usr/lib/vmware/vmkmod/brcmfcoe</file><file>usr/share/hwdata/default.pciids.d/brcmfcoe.ids</file></file-list><acceptance-level>certified</acceptance-level><live-install-allowed>false</live-install-allowed><live-remove-allowed>false</live-remove-allowed><cimom-restart>false</cimom-restart><stateless-ready>true</stateless-ready><overlay>false</overlay><payloads><payload name="brcmfcoe" type="vgz" size="600424"><checksum checksum-type="sha-256" verify-process="gunzip">21dc9073c7dd0e36cbf95297523dd2f1d4acecf2694beceb127ba95de58880ff</checksum><checksum checksum-type="sha-256">5192f2cb859bfa7cc45e42d40e4ea43737caef7e785fe904aa570e22dd001458</checksum><checksum checksum-type="sha-1" verify-process="gunzip">b152a81cc4650b2d5d1f24fb817704697953dcd9</checksum></payload></payloads></vib>