<vib version="5.0"><type>bootbank</type><name>brcmnvmefc</name><version>12.4.293.2-3vmw.700.1.0.15843807</version><vendor>VMW</vendor><summary>VMware Esx VIB</summary><description>Broadcom NVMe over Fabric Fibre Channel Driver</description><release-date>2020-03-16T09:39:54.373094+00:00</release-date><urls/><relationships><depends><constraint name="vmkapi_2_6_0_0"/></depends><conflicts/><replaces/><provides/><compatibleWith/></relationships><software-tags><tag>RestrictStickyFiles</tag><tag>module</tag><tag>driver</tag></software-tags><relative-path>vib20/brcmnvmefc/VMW_bootbank_brcmnvmefc_12.4.293.2-3vmw.700.1.0.15843807.vib</relative-path><packed-size>37224</packed-size><checksum checksum-type="sha-256">1fe1e6e0e4a5c64b5fa920d8395f2ca6f2bab85d6fd3274043ed91e0c667d8b6</checksum><system-requires><maintenance-mode>true</maintenance-mode></system-requires><file-list><file>etc/vmware/default.map.d/brcmnvmefc.map</file><file>usr/lib/vmware/vmkmod/brcmnvmefc</file></file-list><acceptance-level>certified</acceptance-level><live-install-allowed>false</live-install-allowed><live-remove-allowed>false</live-remove-allowed><cimom-restart>false</cimom-restart><stateless-ready>true</stateless-ready><overlay>false</overlay><payloads><payload name="brcmnvme" type="vgz" size="32244"><checksum checksum-type="sha-256" verify-process="gunzip">3549c32e7184fa18b8ad61a9bf81052f60b32c2e553651a9a1ad8323d2858768</checksum><checksum checksum-type="sha-256">5f3a52b3133483dd6764bcabe05001700abf610e74159039d58962dce60f2a25</checksum><checksum checksum-type="sha-1" verify-process="gunzip">a85c4a75d7d5a9c48b03a16184ab69138d7a1367</checksum></payload></payloads></vib>