<vib version="5.0"><type>bootbank</type><name>conrep</name><version>700.10.5.0.34-7.0.0.15525992</version><vendor>HPE</vendor><summary>Configuration Utility CONREP for ESXi</summary><description>Configuration Utility CONREP for ESXi</description><release-date>2020-03-02T01:56:36.116952+00:00</release-date><urls><url key="General info">http://www.example.com</url></urls><relationships><depends><constraint name="esx-version" relation="&gt;=" version="7.0.0"/><constraint name="esx-version" relation="&lt;&lt;" version="7.1.0"/><constraint name="uwglibc64-2.12.2-1"/><constraint name="libvmkuser-7.0.0-1"/><constraint name="uwvmkcall-7.0.0-1"/><constraint name="vmkapi_2_6_0_0"/></depends><conflicts/><replaces><constraint name="hp-conrep"/></replaces><provides/><compatibleWith/></relationships><software-tags/><relative-path>vib20/conrep/HPE_bootbank_conrep_700.10.5.0.34-7.0.0.15525992.vib</relative-path><packed-size>594962</packed-size><checksum checksum-type="sha-256">6ad7017e87945e71a7faa38a245eacbb0108b0c6d41eedbb2aba1b978e00a5fd</checksum><system-requires><maintenance-mode>false</maintenance-mode></system-requires><file-list><file>opt/tools/conrep</file><file>opt/tools/conrep.xml</file><file>opt/tools/conrep_gen10.xml</file></file-list><acceptance-level>partner</acceptance-level><live-install-allowed>true</live-install-allowed><live-remove-allowed>true</live-remove-allowed><cimom-restart>false</cimom-restart><stateless-ready>true</stateless-ready><overlay>false</overlay><payloads><payload name="stage" type="vgz" size="587096"><checksum checksum-type="sha-256" verify-process="gunzip">5b5455afc36d0dbee7a4a8f5bf706b2bddc26194890df300ee750bb1c9c858f4</checksum><checksum checksum-type="sha-256">94a20db4d2e7a6df396a22016b061c4a1bbd77ecd56560d9a69c8df861a08945</checksum><checksum checksum-type="sha-1" verify-process="gunzip">b6d4151eb905e5198b358c65bc8059a5c26d3eda</checksum></payload></payloads></vib>