<vib version="5.0"><type>bootbank</type><name>cpu-microcode</name><version>7.0.0-1.0.15843807</version><vendor>VMware</vendor><summary>CPU microcode updates</summary><description>This package contains selected CPU microcode updates. Generally, microcode is the responsibility of the CPU vendors and hardware platform vendors. Microcode updates are developed by the CPU vendor, tested by the platform vendor, and supplied to customers when necessary as part of platform firmware (BIOS) updates. Additionally, however, ESXi sometimes applies microcode updates that are important for security or ESXi functionality.</description><release-date>2020-03-16T09:40:04.185911+00:00</release-date><urls/><relationships><depends><constraint name="esx-version" relation="&gt;=" version="6.0.0"/><constraint name="esx-version" relation="&lt;=" version="7.0.0"/></depends><conflicts/><replaces><constraint name="ivb-patch"/></replaces><provides/><compatibleWith/></relationships><software-tags><tag>RestrictStickyFiles</tag></software-tags><relative-path>vib20/cpu-microcode/VMware_bootbank_cpu-microcode_7.0.0-1.0.15843807.vib</relative-path><packed-size>1319088</packed-size><checksum checksum-type="sha-256">824b1af011462c4261270bd73222ba845d586ad77954a8a14f6f3ced63ab5e2e</checksum><system-requires><maintenance-mode>true</maintenance-mode></system-requires><acceptance-level>certified</acceptance-level><live-install-allowed>false</live-install-allowed><live-remove-allowed>false</live-remove-allowed><cimom-restart>false</cimom-restart><stateless-ready>true</stateless-ready><overlay>false</overlay><payloads><payload name="uc_amd" type="boot" boot-order="52" size="5541"><checksum checksum-type="sha-256" verify-process="gunzip">0f93b91a4cacbbe1aa02e2992574fdd795d13f9598b2fcf8a4421355f604e079</checksum><checksum checksum-type="sha-256">88ac48fe52be278d09d870d5a7dd09dab5e0c138a044f1046e7184805851a9c7</checksum><checksum checksum-type="sha-1" verify-process="gunzip">c80f5a5c51c2728e7148d11b221c38b1509da23f</checksum></payload><payload name="uc_hygon" type="boot" boot-order="52" size="29"><checksum checksum-type="sha-256" verify-process="gunzip">e4e161fac0b65d9546ea048bd4231c878bd10ce1932b4fb0663e9e9cc4444a2a</checksum><checksum checksum-type="sha-256">1cc0b2be8063fde18acec3f023faf97d14d381c43dc27d51f60c1d72d6b57ea1</checksum><checksum checksum-type="sha-1" verify-process="gunzip">03d144cf8dff2dd39d931812ebd6866f4436823f</checksum></payload><payload name="uc_intel" type="boot" boot-order="51" size="1307186"><checksum checksum-type="sha-256" verify-process="gunzip">70a24e6fac19a848625f97e096a35e5311f08851cf1cf24d147e5fe200f3c746</checksum><checksum checksum-type="sha-256">571e2660bf0c432f516066e0830549519fd591d97d1c1106d377e5a7ee20f47f</checksum><checksum checksum-type="sha-1" verify-process="gunzip">dab97f74293cc9244d9f2bc0d1198265a1d1bb4f</checksum></payload></payloads></vib>