<vib version="5.0"><type>bootbank</type><name>cru</name><version>700.10.16-1OEM.700.0.0.14828939</version><vendor>HPE</vendor><summary>VMware Esx VIB</summary><description>cru driver for vmkernel</description><release-date>2019-12-17T15:17:12.395670+00:00</release-date><urls/><relationships><depends><constraint name="vmkapi_2_6_0_0"/></depends><conflicts/><replaces><constraint name="hpe-cru"/><constraint name="char-hpcru"/><constraint name="oem-vmware-esx-drivers-char-hpcru"/></replaces><provides/><compatibleWith/></relationships><software-tags><tag>PCIID 103c3306</tag><tag>module</tag><tag>driver</tag></software-tags><relative-path>vib20/cru/HPE_bootbank_cru_700.10.16-1OEM.700.0.0.14828939.vib</relative-path><packed-size>16170</packed-size><checksum checksum-type="sha-256">15b43b36e98b8f36511a0d90ca5590e299ccfdc66c1d2d5ae15a71726d9be280</checksum><system-requires><maintenance-mode>true</maintenance-mode></system-requires><file-list><file>etc/vmware/default.map.d/cru.map</file><file>usr/lib/vmware/vmkmod/cru</file></file-list><acceptance-level>partner</acceptance-level><live-install-allowed>false</live-install-allowed><live-remove-allowed>false</live-remove-allowed><cimom-restart>false</cimom-restart><stateless-ready>true</stateless-ready><overlay>false</overlay><payloads><payload name="cru" type="vgz" size="8512"><checksum checksum-type="sha-256" verify-process="gunzip">5d06e0e21ef56d45f2bc0dfc412e9763addcfcfc42385cc961053e78ce97d499</checksum><checksum checksum-type="sha-256">5e3de8f7f7c8dd0a2ed22334a4a0fadcc5bdb26921061a5050e0ad1e40d40b3c</checksum><checksum checksum-type="sha-1" verify-process="gunzip">861307e667a66079bb2f488aac17e31acac3e912</checksum></payload></payloads></vib>