<vib version="5.0"><type>bootbank</type><name>crx</name><version>7.0.0-1.0.15843807</version><vendor>VMware</vendor><summary>CRX related bits</summary><description>Container runtime for ESX.</description><release-date>2020-03-16T09:40:41.419271+00:00</release-date><urls/><relationships><depends/><conflicts/><replaces/><provides/><compatibleWith/></relationships><software-tags><tag>RestrictStickyFiles</tag></software-tags><relative-path>vib20/crx/VMware_bootbank_crx_7.0.0-1.0.15843807.vib</relative-path><packed-size>7384822</packed-size><checksum checksum-type="sha-256">b948cd7d346800cf8159ff0e6348da800a09ba10f90e34d7ec09ec36beb15835</checksum><system-requires><maintenance-mode>false</maintenance-mode></system-requires><file-list><file>bin/crx-cli</file><file>etc/vmware/secpolicy/tardisks/VMware-crx</file><file>etc/vmware/vm-support/crx-logs.mfx</file><file>usr/lib/vmware/crx/crx-imgfetcher-initrd</file><file>usr/lib/vmware/crx/crx-initrd</file><file>usr/lib/vmware/crx/crx-podvm-initrd</file><file>usr/lib/vmware/crx/vmlinuz-esx</file><file>usr/lib/vmware/guestos-settings/CRXPod1-64</file><file>usr/lib/vmware/guestos-settings/CRXSys1-64</file><file>usr/libexec/jumpstart/plugins/libcrx-crontab.so</file></file-list><acceptance-level>certified</acceptance-level><live-install-allowed>true</live-install-allowed><live-remove-allowed>true</live-remove-allowed><cimom-restart>false</cimom-restart><stateless-ready>true</stateless-ready><overlay>false</overlay><payloads><payload name="crx" type="vgz" size="7379577"><checksum checksum-type="sha-256" verify-process="gunzip">4c040eb31fef8f40a85fda00a4883dbd19302bc4c222522b2d2834101bb76a74</checksum><checksum checksum-type="sha-256">906c19ea45ddb9b01d427d0319b522a63231d584040a9c02a52a5d1941d307de</checksum><checksum checksum-type="sha-1" verify-process="gunzip">540fefcd6c3c56108f31df845d3721e8a6fd72b6</checksum></payload></payloads></vib>