<vib version="5.0"><type>bootbank</type><name>elx-esx-libelxima.so</name><version>12.0.1200.0-2vmw.700.1.0.15843807</version><vendor>VMware</vendor><summary>IMA plugin for elxiscsi driver</summary><description>This package contains the IMA plugin of the elxiscsi driver.</description><release-date>2020-03-16T09:40:36.372541+00:00</release-date><urls/><relationships><depends/><conflicts/><replaces><constraint name="ima-be2iscsi"/><constraint name="elxima"/></replaces><provides/><compatibleWith/></relationships><software-tags><tag>RestrictStickyFiles</tag></software-tags><relative-path>vib20/elx-esx-libelxima.so/VMware_bootbank_elx-esx-libelxima.so_12.0.1200.0-2vmw.700.1.0.15843807.vib</relative-path><packed-size>475900</packed-size><checksum checksum-type="sha-256">01ff76eac6593d760c4eacd02ca96fec6346415bf5ac9fb424a92e5fd5bec303</checksum><system-requires><maintenance-mode>true</maintenance-mode></system-requires><file-list><file>etc/config/EMU/mili/intr_logopts.txt</file><file>etc/config/EMU/mili/savestp.txt</file><file>etc/config/EMU/mili/savetgt.txt</file><file>usr/lib64/vmware/ima_plugins/libelxima.so</file></file-list><acceptance-level>certified</acceptance-level><live-install-allowed>false</live-install-allowed><live-remove-allowed>false</live-remove-allowed><cimom-restart>false</cimom-restart><stateless-ready>true</stateless-ready><overlay>false</overlay><payloads><payload name="elx-esx-" type="vgz" size="470788"><checksum checksum-type="sha-256" verify-process="gunzip">359ee803f7ba3c1c13a829bc2d4fc9cfa0cf2356790e07b702aa98985be03746</checksum><checksum checksum-type="sha-256">92c540ea3e9d8acb5df70954337d2ffb8920bb43f24b59217870e8d735bb0358</checksum><checksum checksum-type="sha-1" verify-process="gunzip">7d67f0248c4bb8710eeea59f142e7419fd417d62</checksum></payload></payloads></vib>