<vib version="5.0"><type>bootbank</type><name>elxiscsi</name><version>12.0.1200.0-1vmw.700.1.0.15843807</version><vendor>VMW</vendor><summary>VMware Esx VIB</summary><description>Emulex OneConnect iSCSI Driver</description><release-date>2020-03-16T09:39:53.234728+00:00</release-date><urls/><relationships><depends><constraint name="vmkapi_2_6_0_0"/></depends><conflicts/><replaces><constraint name="scsi-be2iscsi"/></replaces><provides/><compatibleWith/></relationships><software-tags><tag>RestrictStickyFiles</tag><tag>PCIID 10df0722</tag><tag>PCIID 19a20222</tag><tag>PCIID 19a20712</tag><tag>module</tag><tag>driver</tag></software-tags><relative-path>vib20/elxiscsi/VMW_bootbank_elxiscsi_12.0.1200.0-1vmw.700.1.0.15843807.vib</relative-path><packed-size>156514</packed-size><checksum checksum-type="sha-256">2359ee2e038107c671809d230efd4f7553d626e76b7d402cc0111a0ac90c961d</checksum><system-requires><maintenance-mode>true</maintenance-mode></system-requires><file-list><file>etc/vmware/default.map.d/elxiscsi.map</file><file>usr/lib/vmware/vmkmod/elxiscsi</file><file>usr/share/hwdata/default.pciids.d/elxiscsi.ids</file></file-list><acceptance-level>certified</acceptance-level><live-install-allowed>false</live-install-allowed><live-remove-allowed>false</live-remove-allowed><cimom-restart>false</cimom-restart><stateless-ready>true</stateless-ready><overlay>false</overlay><payloads><payload name="elxiscsi" type="vgz" size="151376"><checksum checksum-type="sha-256" verify-process="gunzip">2c3f36d14d14ff44cb126b3f51f1ab7d59967ab81ab47270d2964ad8b117553d</checksum><checksum checksum-type="sha-256">057acc68c7c75e9c3cef18b72cbf6c5e4dd36935e0d77e09ef35693932184df4</checksum><checksum checksum-type="sha-1" verify-process="gunzip">caf2d36205c7ef5521bb41a29f768100376d5496</checksum></payload></payloads></vib>