<vib version="5.0"><type>bootbank</type><name>elxnet</name><version>12.0.1250.0-5vmw.700.1.0.15843807</version><vendor>VMW</vendor><summary>VMware Esx VIB</summary><description>Emulex OneConnect Network Driver</description><release-date>2020-03-16T09:39:53.561647+00:00</release-date><urls/><relationships><depends><constraint name="vmkapi_2_6_0_0"/></depends><conflicts/><replaces><constraint name="net-be2net"/></replaces><provides/><compatibleWith/></relationships><software-tags><tag>RestrictStickyFiles</tag><tag>PCIID 10df0720</tag><tag>PCIID 10df0720103c1934</tag><tag>PCIID 10df0720103c1935</tag><tag>PCIID 10df0720103c21d4</tag><tag>PCIID 10df0720103c220a</tag><tag>PCIID 10df0720103c2343</tag><tag>PCIID 10df0720103c803f</tag><tag>PCIID 10df072015908153</tag><tag>PCIID 19a20211</tag><tag>PCIID 19a20221</tag><tag>PCIID 19a20700</tag><tag>PCIID 19a20700103c1746</tag><tag>PCIID 19a20700103c1747</tag><tag>PCIID 19a20700103c1748</tag><tag>PCIID 19a20700103c1749</tag><tag>PCIID 19a20700103c174a</tag><tag>PCIID 19a20700103c174b</tag><tag>PCIID 19a20700103c3314</tag><tag>PCIID 19a20710</tag><tag>PCIID 19a20710103c177b</tag><tag>PCIID 19a20710103c17a3</tag><tag>PCIID 19a20710103c17a6</tag><tag>PCIID 19a20710103c184e</tag><tag>PCIID 19a20710103c2151</tag><tag>PCIID 19a20710103c3315</tag><tag>PCIID 19a20710103c3340</tag><tag>PCIID 19a20710103c3341</tag><tag>PCIID 19a20710103c3342</tag><tag>PCIID 19a20710103c3343</tag><tag>PCIID 19a20710103c3344</tag><tag>PCIID 19a20710103c3345</tag><tag>PCIID 19a20710103c3376</tag><tag>PCIID 19a20710103c337b</tag><tag>PCIID 19a20710103c337c</tag><tag>PCIID 19a20710103c3391</tag><tag>PCIID 19a20710103c3392</tag><tag>module</tag><tag>driver</tag></software-tags><relative-path>vib20/elxnet/VMW_bootbank_elxnet_12.0.1250.0-5vmw.700.1.0.15843807.vib</relative-path><packed-size>187108</packed-size><checksum checksum-type="sha-256">0fbc20f258c6e8a97c382ac383556ddeeef31c52a130bbf19622bbce763a267a</checksum><system-requires><maintenance-mode>true</maintenance-mode></system-requires><file-list><file>etc/vmware/default.map.d/elxnet.map</file><file>usr/lib/vmware/vmkmod/elxnet</file><file>usr/share/hwdata/default.pciids.d/elxnet.ids</file></file-list><acceptance-level>certified</acceptance-level><live-install-allowed>false</live-install-allowed><live-remove-allowed>false</live-remove-allowed><cimom-restart>false</cimom-restart><stateless-ready>true</stateless-ready><overlay>false</overlay><payloads><payload name="elxnet" type="vgz" size="180908"><checksum checksum-type="sha-256" verify-process="gunzip">9f9db9e6bf0f1a8f7b089b2b79e1c81f030574d8ea993f11bf51518447f9e6e8</checksum><checksum checksum-type="sha-256">2c8e7185740062703872595fd9528c4576f9e35f000f9cd65f53cacd464a3a83</checksum><checksum checksum-type="sha-1" verify-process="gunzip">4661b4a222bc53324a61999392b9d6951f834742</checksum></payload></payloads></vib>