<vib version="5.0"><type>bootbank</type><name>esx-xserver</name><version>7.0.0-1.0.15843807</version><vendor>VMware</vendor><summary>ESXi X.Org Xserver</summary><description>X.Org Xserver and supporting libraries for OpenGL support.</description><release-date>2020-03-16T09:40:35.997624+00:00</release-date><urls/><relationships><depends><constraint name="esx-version" relation="=" version="7.0.0"/></depends><conflicts/><replaces><constraint name="xorg"/><constraint name="esx-xorg"/></replaces><provides/><compatibleWith/></relationships><software-tags><tag>RestrictStickyFiles</tag></software-tags><relative-path>vib20/esx-xserver/VMware_bootbank_esx-xserver_7.0.0-1.0.15843807.vib</relative-path><packed-size>1462396</packed-size><checksum checksum-type="sha-256">ed77c6ecf54819e57c40b0facd51c27c6ab7d308aff4da16105f36827cf815e4</checksum><system-requires><maintenance-mode>false</maintenance-mode></system-requires><file-list><file>bin/Xorg</file><file>bin/gpuvm</file><file>bin/xkbcomp</file><file>etc/X11/server.xkm</file><file>etc/X11/xorg.conf</file><file>etc/init.d/xorg</file><file>etc/vmsyslog.conf.d/xorg.conf</file><file>lib64/libXfont2.so.2</file><file>lib64/libfontenc.so.1</file><file>lib64/libpciaccess.so.0</file><file>lib64/libpixman-1.so.0</file><file>lib64/libxkbfile.so.1</file><file>usr/lib/xorg/modules/drivers/dummy_drv.so</file><file>usr/lib/xorg/modules/extensions/libgpu.so</file><file>usr/lib/xorg/modules/input/void_drv.so</file><file>usr/lib/xorg/modules/libfb.so</file><file>usr/lib/xorg/modules/libwfb.so</file><file>usr/lib/xorg/protocol.txt</file><file>usr/share/X11/xkb/compat/accessx</file><file>usr/share/X11/xkb/compat/basic</file><file>usr/share/X11/xkb/compat/caps</file><file>usr/share/X11/xkb/compat/complete</file><file>usr/share/X11/xkb/compat/iso9995</file><file>usr/share/X11/xkb/compat/ledcaps</file><file>usr/share/X11/xkb/compat/lednum</file><file>usr/share/X11/xkb/compat/ledscroll</file><file>usr/share/X11/xkb/compat/level5</file><file>usr/share/X11/xkb/compat/misc</file><file>usr/share/X11/xkb/compat/mousekeys</file><file>usr/share/X11/xkb/compat/xfree86</file><file>usr/share/X11/xkb/geometry/pc</file><file>usr/share/X11/xkb/keycodes/aliases</file><file>usr/share/X11/xkb/keycodes/xfree86</file><file>usr/share/X11/xkb/rules/base</file><file>usr/share/X11/xkb/symbols/altwin</file><file>usr/share/X11/xkb/symbols/inet</file><file>usr/share/X11/xkb/symbols/keypad</file><file>usr/share/X11/xkb/symbols/pc</file><file>usr/share/X11/xkb/symbols/us</file><file>usr/share/X11/xkb/types/basic</file><file>usr/share/X11/xkb/types/complete</file><file>usr/share/X11/xkb/types/extra</file><file>usr/share/X11/xkb/types/iso9995</file><file>usr/share/X11/xkb/types/level5</file><file>usr/share/X11/xkb/types/mousekeys</file><file>usr/share/X11/xkb/types/numpad</file><file>usr/share/X11/xkb/types/pc</file></file-list><acceptance-level>certified</acceptance-level><live-install-allowed>true</live-install-allowed><live-remove-allowed>true</live-remove-allowed><cimom-restart>false</cimom-restart><stateless-ready>true</stateless-ready><overlay>true</overlay><payloads><payload name="xorg" type="vgz" size="1455532"><checksum checksum-type="sha-256" verify-process="gunzip">43a86989c41f4092d910a81255dd1bbd10efd9862fbbe4eefd23524b257bfed5</checksum><checksum checksum-type="sha-256">95bb4ad6c30a7f1274f682105fe03d15de4a4f716413bf62bb6fb81f5c4261ad</checksum><checksum checksum-type="sha-1" verify-process="gunzip">d71c7cf42fd92cc15d233093d5350ed2d13e2883</checksum></payload></payloads></vib>