<vib version="5.0"><type>bootbank</type><name>esx-dvfilter-generic-fastpath</name><version>7.0.0-1.0.15843807</version><vendor>VMware</vendor><summary>dvfilter-generic-fastpath module</summary><description>This package contains dvfilter-generic-fastpath(TrafficFilter) module.</description><release-date>2020-03-16T09:40:36.031487+00:00</release-date><urls/><relationships><depends><constraint name="esx-version" relation="=" version="7.0.0"/><constraint name="vmkapi_2_6_0_0"/></depends><conflicts/><replaces/><provides><provide name="trafficFilter" version="0.1.0.0"/></provides><compatibleWith/></relationships><software-tags><tag>RestrictStickyFiles</tag></software-tags><relative-path>vib20/esx-dvfilter-generic-fastpath/VMware_bootbank_esx-dvfilter-generic-fastpath_7.0.0-1.0.15843807.vib</relative-path><packed-size>116814</packed-size><checksum checksum-type="sha-256">0756508280408ed5b6c92a8a1dcb2e8fd20ae970158e4768af7e6a0e3ca45877</checksum><system-requires><maintenance-mode>false</maintenance-mode></system-requires><file-list><file>usr/lib/vmware/vmkmod/dvfilter-generic-fastpath</file><file>usr/libexec/jumpstart/plugins/dvfilter-generic-fastpath.json</file></file-list><acceptance-level>certified</acceptance-level><live-install-allowed>true</live-install-allowed><live-remove-allowed>false</live-remove-allowed><cimom-restart>false</cimom-restart><stateless-ready>true</stateless-ready><overlay>false</overlay><payloads><payload name="esx-dvfi" type="vgz" size="111660"><checksum checksum-type="sha-256" verify-process="gunzip">e93c80504121e7ac4b019629e0c473563b0e2afaf6f6ee7212cd6f1686050ecf</checksum><checksum checksum-type="sha-256">68e4faa1c228ee5d3ae4145ae43ee5df85803c5c1807157b1c7ecbe147f329ef</checksum><checksum checksum-type="sha-1" verify-process="gunzip">03e3e187670f7c1ec15b1ed920fab96b4d4e3b20</checksum></payload></payloads></vib>