<vib version="5.0"><type>bootbank</type><name>esx-ui</name><version>1.34.0-15603211</version><vendor>VMware</vendor><summary>VMware Host Client</summary><description>An embedded web UI for ESXi</description><release-date>2020-02-07T23:57:35.928463+00:00</release-date><urls/><relationships><depends><constraint name="esx-version" relation="&gt;=" version="5.0.0"/></depends><conflicts/><replaces/><provides/><compatibleWith/></relationships><software-tags/><relative-path>vib20/esx-ui/VMware_bootbank_esx-ui_1.34.0-15603211.vib</relative-path><packed-size>3894908</packed-size><checksum checksum-type="sha-256">a051b94db0a665b989c2dc65fab111e2a885b4c6304ecc8d392013c7c1da1594</checksum><system-requires><maintenance-mode>false</maintenance-mode></system-requires><file-list><file>etc/init.d/esxui</file><file>usr/lib/vmware/hostd/docroot/ui/apple-touch-icon.png</file><file>usr/lib/vmware/hostd/docroot/ui/bower_components/codemirror/lib/codemirror.css</file><file>usr/lib/vmware/hostd/docroot/ui/bower_components/codemirror/theme/mdn-like.css</file><file>usr/lib/vmware/hostd/docroot/ui/bower_components/eonasdan-bootstrap-datetimepicker/build/css/bootstrap-datetimepicker.min.css</file><file>usr/lib/vmware/hostd/docroot/ui/bower_components/es6-promise/es6-promise.min.js</file><file>usr/lib/vmware/hostd/docroot/ui/bower_components/es6-shim/es6-shim.map</file><file>usr/lib/vmware/hostd/docroot/ui/bower_components/es6-shim/es6-shim.min.js</file><file>usr/lib/vmware/hostd/docroot/ui/bower_components/file-saver.js/FileSaver.js</file><file>usr/lib/vmware/hostd/docroot/ui/bower_components/i18n-js/app/assets/javascripts/i18n.js</file><file>usr/lib/vmware/hostd/docroot/ui/bower_components/ipaddr/ipaddr.min.js</file><file>usr/lib/vmware/hostd/docroot/ui/bower_components/jquery-ui/jquery-ui.min.js</file><file>usr/lib/vmware/hostd/docroot/ui/bower_components/jquery-ui/themes/base/images/ui-icons_444444_256x240.png</file><file>usr/lib/vmware/hostd/docroot/ui/bower_components/jquery-ui/themes/base/jquery-ui.min.css</file><file>usr/lib/vmware/hostd/docroot/ui/bower_components/jquery/dist/jquery.min.js</file><file>usr/lib/vmware/hostd/docroot/ui/bower_components/jxon/jxon.min.js</file><file>usr/lib/vmware/hostd/docroot/ui/bower_components/nvd3/build/nv.d3.min.css</file><file>usr/lib/vmware/hostd/docroot/ui/bower_components/requirejs/LICENSE</file><file>usr/lib/vmware/hostd/docroot/ui/bower_components/requirejs/README.md</file><file>usr/lib/vmware/hostd/docroot/ui/bower_components/requirejs/bower.json</file><file>usr/lib/vmware/hostd/docroot/ui/bower_components/requirejs/require.js</file><file>usr/lib/vmware/hostd/docroot/ui/bower_components/vui-bootstrap/css/images/kendoui.ttf</file><file>usr/lib/vmware/hostd/docroot/ui/bower_components/vui-bootstrap/css/images/kendoui.woff</file><file>usr/lib/vmware/hostd/docroot/ui/bower_components/vui-bootstrap/css/vui-bootstrap.min.css</file><file>usr/lib/vmware/hostd/docroot/ui/bower_components/vui-bootstrap/fonts/glyphicons-halflings-regular.eot</file><file>usr/lib/vmware/hostd/docroot/ui/bower_components/vui-bootstrap/fonts/glyphicons-halflings-regular.svg</file><file>usr/lib/vmware/hostd/docroot/ui/bower_components/vui-bootstrap/fonts/glyphicons-halflings-regular.ttf</file><file>usr/lib/vmware/hostd/docroot/ui/bower_components/vui-bootstrap/fonts/glyphicons-halflings-regular.woff</file><file>usr/lib/vmware/hostd/docroot/ui/bower_components/vui-bootstrap/img/body-gradient-bg.png</file><file>usr/lib/vmware/hostd/docroot/ui/bower_components/vui-bootstrap/img/editor.png</file><file>usr/lib/vmware/hostd/docroot/ui/bower_components/vui-bootstrap/img/html-marge-mosaic-bg.png</file><file>usr/lib/vmware/hostd/docroot/ui/bower_components/vui-bootstrap/img/icons/vuiIconSprite.png</file><file>usr/lib/vmware/hostd/docroot/ui/bower_components/vui-bootstrap/img/imagebrowser.png</file><file>usr/lib/vmware/hostd/docroot/ui/bower_components/vui-bootstrap/img/indeterminate.gif</file><file>usr/lib/vmware/hostd/docroot/ui/bower_components/vui-bootstrap/img/loader-spinner.gif</file><file>usr/lib/vmware/hostd/docroot/ui/bower_components/vui-bootstrap/img/loading-image.gif</file><file>usr/lib/vmware/hostd/docroot/ui/bower_components/vui-bootstrap/img/loading.gif</file><file>usr/lib/vmware/hostd/docroot/ui/bower_components/vui-bootstrap/img/loading_2x.gif</file><file>usr/lib/vmware/hostd/docroot/ui/bower_components/vui-bootstrap/img/slider-h.gif</file><file>usr/lib/vmware/hostd/docroot/ui/bower_components/vui-bootstrap/img/slider-v.gif</file><file>usr/lib/vmware/hostd/docroot/ui/bower_components/vui-bootstrap/img/sprite.png</file><file>usr/lib/vmware/hostd/docroot/ui/bower_components/vui-bootstrap/img/sprite_2x.png</file><file>usr/lib/vmware/hostd/docroot/ui/bower_components/vui-bootstrap/img/sprite_kpi.png</file><file>usr/lib/vmware/hostd/docroot/ui/bower_components/vui-bootstrap/img/sprite_kpi_2x.png</file><file>usr/lib/vmware/hostd/docroot/ui/bower_components/vui-bootstrap/img/vmware-logo.svg</file><file>usr/lib/vmware/hostd/docroot/ui/bower_components/vui-bootstrap/img/vmwareLogo_temporary.png</file><file>usr/lib/vmware/hostd/docroot/ui/bower_components/vui-bootstrap/img/whiteSpinner.gif</file><file>usr/lib/vmware/hostd/docroot/ui/favicon.ico</file><file>usr/lib/vmware/hostd/docroot/ui/fonts/glyphicons-halflings-regular.eot</file><file>usr/lib/vmware/hostd/docroot/ui/fonts/glyphicons-halflings-regular.svg</file><file>usr/lib/vmware/hostd/docroot/ui/fonts/glyphicons-halflings-regular.ttf</file><file>usr/lib/vmware/hostd/docroot/ui/fonts/glyphicons-halflings-regular.woff</file><file>usr/lib/vmware/hostd/docroot/ui/i18n/de_DE/event.txt</file><file>usr/lib/vmware/hostd/docroot/ui/i18n/de_DE/host.txt</file><file>usr/lib/vmware/hostd/docroot/ui/i18n/de_DE/messages.txt</file><file>usr/lib/vmware/hostd/docroot/ui/i18n/de_DE/network.txt</file><file>usr/lib/vmware/hostd/docroot/ui/i18n/de_DE/option.vmsg</file><file>usr/lib/vmware/hostd/docroot/ui/i18n/de_DE/resourcepool.txt</file><file>usr/lib/vmware/hostd/docroot/ui/i18n/de_DE/storage.txt</file><file>usr/lib/vmware/hostd/docroot/ui/i18n/de_DE/task.txt</file><file>usr/lib/vmware/hostd/docroot/ui/i18n/de_DE/vfeed.txt</file><file>usr/lib/vmware/hostd/docroot/ui/i18n/de_DE/vm.txt</file><file>usr/lib/vmware/hostd/docroot/ui/i18n/de_DE/vui.txt</file><file>usr/lib/vmware/hostd/docroot/ui/i18n/en_US/event.txt</file><file>usr/lib/vmware/hostd/docroot/ui/i18n/en_US/host.txt</file><file>usr/lib/vmware/hostd/docroot/ui/i18n/en_US/messages.txt</file><file>usr/lib/vmware/hostd/docroot/ui/i18n/en_US/network.txt</file><file>usr/lib/vmware/hostd/docroot/ui/i18n/en_US/option.vmsg</file><file>usr/lib/vmware/hostd/docroot/ui/i18n/en_US/resourcepool.txt</file><file>usr/lib/vmware/hostd/docroot/ui/i18n/en_US/storage.txt</file><file>usr/lib/vmware/hostd/docroot/ui/i18n/en_US/task.txt</file><file>usr/lib/vmware/hostd/docroot/ui/i18n/en_US/vfeed.txt</file><file>usr/lib/vmware/hostd/docroot/ui/i18n/en_US/vm.txt</file><file>usr/lib/vmware/hostd/docroot/ui/i18n/en_US/vui.txt</file><file>usr/lib/vmware/hostd/docroot/ui/i18n/es_ES/event.txt</file><file>usr/lib/vmware/hostd/docroot/ui/i18n/es_ES/host.txt</file><file>usr/lib/vmware/hostd/docroot/ui/i18n/es_ES/messages.txt</file><file>usr/lib/vmware/hostd/docroot/ui/i18n/es_ES/network.txt</file><file>usr/lib/vmware/hostd/docroot/ui/i18n/es_ES/option.vmsg</file><file>usr/lib/vmware/hostd/docroot/ui/i18n/es_ES/resourcepool.txt</file><file>usr/lib/vmware/hostd/docroot/ui/i18n/es_ES/storage.txt</file><file>usr/lib/vmware/hostd/docroot/ui/i18n/es_ES/task.txt</file><file>usr/lib/vmware/hostd/docroot/ui/i18n/es_ES/vfeed.txt</file><file>usr/lib/vmware/hostd/docroot/ui/i18n/es_ES/vm.txt</file><file>usr/lib/vmware/hostd/docroot/ui/i18n/es_ES/vui.txt</file><file>usr/lib/vmware/hostd/docroot/ui/i18n/fr_FR/event.txt</file><file>usr/lib/vmware/hostd/docroot/ui/i18n/fr_FR/host.txt</file><file>usr/lib/vmware/hostd/docroot/ui/i18n/fr_FR/messages.txt</file><file>usr/lib/vmware/hostd/docroot/ui/i18n/fr_FR/network.txt</file><file>usr/lib/vmware/hostd/docroot/ui/i18n/fr_FR/option.vmsg</file><file>usr/lib/vmware/hostd/docroot/ui/i18n/fr_FR/resourcepool.txt</file><file>usr/lib/vmware/hostd/docroot/ui/i18n/fr_FR/storage.txt</file><file>usr/lib/vmware/hostd/docroot/ui/i18n/fr_FR/task.txt</file><file>usr/lib/vmware/hostd/docroot/ui/i18n/fr_FR/vfeed.txt</file><file>usr/lib/vmware/hostd/docroot/ui/i18n/fr_FR/vm.txt</file><file>usr/lib/vmware/hostd/docroot/ui/i18n/fr_FR/vui.txt</file><file>usr/lib/vmware/hostd/docroot/ui/i18n/ja_JP/event.txt</file><file>usr/lib/vmware/hostd/docroot/ui/i18n/ja_JP/host.txt</file><file>usr/lib/vmware/hostd/docroot/ui/i18n/ja_JP/messages.txt</file><file>usr/lib/vmware/hostd/docroot/ui/i18n/ja_JP/network.txt</file><file>usr/lib/vmware/hostd/docroot/ui/i18n/ja_JP/option.vmsg</file><file>usr/lib/vmware/hostd/docroot/ui/i18n/ja_JP/resourcepool.txt</file><file>usr/lib/vmware/hostd/docroot/ui/i18n/ja_JP/storage.txt</file><file>usr/lib/vmware/hostd/docroot/ui/i18n/ja_JP/task.txt</file><file>usr/lib/vmware/hostd/docroot/ui/i18n/ja_JP/vfeed.txt</file><file>usr/lib/vmware/hostd/docroot/ui/i18n/ja_JP/vm.txt</file><file>usr/lib/vmware/hostd/docroot/ui/i18n/ja_JP/vui.txt</file><file>usr/lib/vmware/hostd/docroot/ui/i18n/ko_KR/event.txt</file><file>usr/lib/vmware/hostd/docroot/ui/i18n/ko_KR/host.txt</file><file>usr/lib/vmware/hostd/docroot/ui/i18n/ko_KR/messages.txt</file><file>usr/lib/vmware/hostd/docroot/ui/i18n/ko_KR/network.txt</file><file>usr/lib/vmware/hostd/docroot/ui/i18n/ko_KR/option.vmsg</file><file>usr/lib/vmware/hostd/docroot/ui/i18n/ko_KR/resourcepool.txt</file><file>usr/lib/vmware/hostd/docroot/ui/i18n/ko_KR/storage.txt</file><file>usr/lib/vmware/hostd/docroot/ui/i18n/ko_KR/task.txt</file><file>usr/lib/vmware/hostd/docroot/ui/i18n/ko_KR/vfeed.txt</file><file>usr/lib/vmware/hostd/docroot/ui/i18n/ko_KR/vm.txt</file><file>usr/lib/vmware/hostd/docroot/ui/i18n/ko_KR/vui.txt</file><file>usr/lib/vmware/hostd/docroot/ui/i18n/zh_CN/event.txt</file><file>usr/lib/vmware/hostd/docroot/ui/i18n/zh_CN/host.txt</file><file>usr/lib/vmware/hostd/docroot/ui/i18n/zh_CN/messages.txt</file><file>usr/lib/vmware/hostd/docroot/ui/i18n/zh_CN/network.txt</file><file>usr/lib/vmware/hostd/docroot/ui/i18n/zh_CN/option.vmsg</file><file>usr/lib/vmware/hostd/docroot/ui/i18n/zh_CN/resourcepool.txt</file><file>usr/lib/vmware/hostd/docroot/ui/i18n/zh_CN/storage.txt</file><file>usr/lib/vmware/hostd/docroot/ui/i18n/zh_CN/task.txt</file><file>usr/lib/vmware/hostd/docroot/ui/i18n/zh_CN/vfeed.txt</file><file>usr/lib/vmware/hostd/docroot/ui/i18n/zh_CN/vm.txt</file><file>usr/lib/vmware/hostd/docroot/ui/i18n/zh_CN/vui.txt</file><file>usr/lib/vmware/hostd/docroot/ui/i18n/zh_TW/event.txt</file><file>usr/lib/vmware/hostd/docroot/ui/i18n/zh_TW/host.txt</file><file>usr/lib/vmware/hostd/docroot/ui/i18n/zh_TW/messages.txt</file><file>usr/lib/vmware/hostd/docroot/ui/i18n/zh_TW/network.txt</file><file>usr/lib/vmware/hostd/docroot/ui/i18n/zh_TW/option.vmsg</file><file>usr/lib/vmware/hostd/docroot/ui/i18n/zh_TW/resourcepool.txt</file><file>usr/lib/vmware/hostd/docroot/ui/i18n/zh_TW/storage.txt</file><file>usr/lib/vmware/hostd/docroot/ui/i18n/zh_TW/task.txt</file><file>usr/lib/vmware/hostd/docroot/ui/i18n/zh_TW/vfeed.txt</file><file>usr/lib/vmware/hostd/docroot/ui/i18n/zh_TW/vm.txt</file><file>usr/lib/vmware/hostd/docroot/ui/i18n/zh_TW/vui.txt</file><file>usr/lib/vmware/hostd/docroot/ui/images/AppBgPattern.png</file><file>usr/lib/vmware/hostd/docroot/ui/images/ImgCalendarApp.png</file><file>usr/lib/vmware/hostd/docroot/ui/images/ImgMenuCheck.png</file><file>usr/lib/vmware/hostd/docroot/ui/images/ImgRefresh.png</file><file>usr/lib/vmware/hostd/docroot/ui/images/Marge-anim-progressbar.gif</file><file>usr/lib/vmware/hostd/docroot/ui/images/SATA-controller.png</file><file>usr/lib/vmware/hostd/docroot/ui/images/VCSSO-title.png</file><file>usr/lib/vmware/hostd/docroot/ui/images/about16.png</file><file>usr/lib/vmware/hostd/docroot/ui/images/actionsTitleBar16_off.png</file><file>usr/lib/vmware/hostd/docroot/ui/images/actionsTitleBar16_on.png</file><file>usr/lib/vmware/hostd/docroot/ui/images/add2.png</file><file>usr/lib/vmware/hostd/docroot/ui/images/alarms.png</file><file>usr/lib/vmware/hostd/docroot/ui/images/answerQuestion16.png</file><file>usr/lib/vmware/hostd/docroot/ui/images/bmc16.png</file><file>usr/lib/vmware/hostd/docroot/ui/images/browse_file.png</file><file>usr/lib/vmware/hostd/docroot/ui/images/cancel.png</file><file>usr/lib/vmware/hostd/docroot/ui/images/cancelDisabled16.png</file><file>usr/lib/vmware/hostd/docroot/ui/images/change.png</file><file>usr/lib/vmware/hostd/docroot/ui/images/changePassword16.png</file><file>usr/lib/vmware/hostd/docroot/ui/images/checkForUpdates16.png</file><file>usr/lib/vmware/hostd/docroot/ui/images/clear16.png</file><file>usr/lib/vmware/hostd/docroot/ui/images/clearSEL16.png</file><file>usr/lib/vmware/hostd/docroot/ui/images/close10.png</file><file>usr/lib/vmware/hostd/docroot/ui/images/close_button_16.png</file><file>usr/lib/vmware/hostd/docroot/ui/images/close_button_16_over.png</file><file>usr/lib/vmware/hostd/docroot/ui/images/columnFiltered.png</file><file>usr/lib/vmware/hostd/docroot/ui/images/columns16.png</file><file>usr/lib/vmware/hostd/docroot/ui/images/completed16.png</file><file>usr/lib/vmware/hostd/docroot/ui/images/configure16x16.png</file><file>usr/lib/vmware/hostd/docroot/ui/images/consoleKeyboard16.png</file><file>usr/lib/vmware/hostd/docroot/ui/images/consoleReset16.png</file><file>usr/lib/vmware/hostd/docroot/ui/images/console_16.png</file><file>usr/lib/vmware/hostd/docroot/ui/images/consolidate16.png</file><file>usr/lib/vmware/hostd/docroot/ui/images/cpu.png</file><file>usr/lib/vmware/hostd/docroot/ui/images/cpu16.png</file><file>usr/lib/vmware/hostd/docroot/ui/images/datastore/addFolder16.png</file><file>usr/lib/vmware/hostd/docroot/ui/images/datastore/copyFile16.png</file><file>usr/lib/vmware/hostd/docroot/ui/images/datastore/datastore-enter-maintenance-mode.png</file><file>usr/lib/vmware/hostd/docroot/ui/images/datastore/datastore-exit-maintenance-mode.png</file><file>usr/lib/vmware/hostd/docroot/ui/images/datastore/datastore-maintenance-mode.png</file><file>usr/lib/vmware/hostd/docroot/ui/images/datastore/datastore.png</file><file>usr/lib/vmware/hostd/docroot/ui/images/datastore/datastore16x16.png</file><file>usr/lib/vmware/hostd/docroot/ui/images/datastore/datastoreAdd16.png</file><file>usr/lib/vmware/hostd/docroot/ui/images/datastore/datastore_down.png</file><file>usr/lib/vmware/hostd/docroot/ui/images/datastore/datastore_mount.png</file><file>usr/lib/vmware/hostd/docroot/ui/images/datastore/download16.png</file><file>usr/lib/vmware/hostd/docroot/ui/images/datastore/file-file.png</file><file>usr/lib/vmware/hostd/docroot/ui/images/datastore/file-iso.png</file><file>usr/lib/vmware/hostd/docroot/ui/images/datastore/file-log.png</file><file>usr/lib/vmware/hostd/docroot/ui/images/datastore/file-vmdk.png</file><file>usr/lib/vmware/hostd/docroot/ui/images/datastore/file-vmx.png</file><file>usr/lib/vmware/hostd/docroot/ui/images/datastore/file48.png</file><file>usr/lib/vmware/hostd/docroot/ui/images/datastore/folder48.png</file><file>usr/lib/vmware/hostd/docroot/ui/images/datastore/increase_datastore.png</file><file>usr/lib/vmware/hostd/docroot/ui/images/datastore/mountNFS16.png</file><file>usr/lib/vmware/hostd/docroot/ui/images/datastore/obj-ds.png</file><file>usr/lib/vmware/hostd/docroot/ui/images/datastore/refresh_storage_sys.png</file><file>usr/lib/vmware/hostd/docroot/ui/images/datastore/register_vm.png</file><file>usr/lib/vmware/hostd/docroot/ui/images/datastore/storage_provider.png</file><file>usr/lib/vmware/hostd/docroot/ui/images/datastore/upload16.png</file><file>usr/lib/vmware/hostd/docroot/ui/images/de-deFlag16.png</file><file>usr/lib/vmware/hostd/docroot/ui/images/delete2.png</file><file>usr/lib/vmware/hostd/docroot/ui/images/dismissNotification16.png</file><file>usr/lib/vmware/hostd/docroot/ui/images/divider.png</file><file>usr/lib/vmware/hostd/docroot/ui/images/editCancel16.png</file><file>usr/lib/vmware/hostd/docroot/ui/images/editNotes16.png</file><file>usr/lib/vmware/hostd/docroot/ui/images/edit_16.png</file><file>usr/lib/vmware/hostd/docroot/ui/images/ellipsis16.png</file><file>usr/lib/vmware/hostd/docroot/ui/images/en-usFlag16.png</file><file>usr/lib/vmware/hostd/docroot/ui/images/enable.png</file><file>usr/lib/vmware/hostd/docroot/ui/images/error.png</file><file>usr/lib/vmware/hostd/docroot/ui/images/error48.png</file><file>usr/lib/vmware/hostd/docroot/ui/images/errorEvent32.png</file><file>usr/lib/vmware/hostd/docroot/ui/images/es-esFlag16.png</file><file>usr/lib/vmware/hostd/docroot/ui/images/esx48.png</file><file>usr/lib/vmware/hostd/docroot/ui/images/esxi.png</file><file>usr/lib/vmware/hostd/docroot/ui/images/event/error_16.png</file><file>usr/lib/vmware/hostd/docroot/ui/images/event/info_16.png</file><file>usr/lib/vmware/hostd/docroot/ui/images/event/unknown_16.png</file><file>usr/lib/vmware/hostd/docroot/ui/images/event/warning_16.png</file><file>usr/lib/vmware/hostd/docroot/ui/images/events_16x16.png</file><file>usr/lib/vmware/hostd/docroot/ui/images/failed16.png</file><file>usr/lib/vmware/hostd/docroot/ui/images/failure48.png</file><file>usr/lib/vmware/hostd/docroot/ui/images/fan16.png</file><file>usr/lib/vmware/hostd/docroot/ui/images/favicon.ico</file><file>usr/lib/vmware/hostd/docroot/ui/images/favicon.png</file><file>usr/lib/vmware/hostd/docroot/ui/images/feedback.png</file><file>usr/lib/vmware/hostd/docroot/ui/images/feedback16.png</file><file>usr/lib/vmware/hostd/docroot/ui/images/filerecenttasks_80.png</file><file>usr/lib/vmware/hostd/docroot/ui/images/floppydisk.png</file><file>usr/lib/vmware/hostd/docroot/ui/images/fr-frFlag16.png</file><file>usr/lib/vmware/hostd/docroot/ui/images/healthmonitor16x16.png</file><file>usr/lib/vmware/hostd/docroot/ui/images/help32.png</file><file>usr/lib/vmware/hostd/docroot/ui/images/helpNewWindow16.png</file><file>usr/lib/vmware/hostd/docroot/ui/images/horizontalResize.png</file><file>usr/lib/vmware/hostd/docroot/ui/images/horizontalSplitHandle.png</file><file>usr/lib/vmware/hostd/docroot/ui/images/host/Host16x16.png</file><file>usr/lib/vmware/hostd/docroot/ui/images/host/PCI_device.png</file><file>usr/lib/vmware/hostd/docroot/ui/images/host/PCI_device_disabled.png</file><file>usr/lib/vmware/hostd/docroot/ui/images/host/Sum_obj_Host_1.png</file><file>usr/lib/vmware/hostd/docroot/ui/images/host/addExceptionUser16.png</file><file>usr/lib/vmware/hostd/docroot/ui/images/host/addUser16.png</file><file>usr/lib/vmware/hostd/docroot/ui/images/host/assignLicense16.png</file><file>usr/lib/vmware/hostd/docroot/ui/images/host/assignPowerPolicy24.png</file><file>usr/lib/vmware/hostd/docroot/ui/images/host/certificate32.png</file><file>usr/lib/vmware/hostd/docroot/ui/images/host/dateTime16.png</file><file>usr/lib/vmware/hostd/docroot/ui/images/host/deleteUser16.png</file><file>usr/lib/vmware/hostd/docroot/ui/images/host/disconnectVC16.png</file><file>usr/lib/vmware/hostd/docroot/ui/images/host/domainJoin16.png</file><file>usr/lib/vmware/hostd/docroot/ui/images/host/domainLeave16.png</file><file>usr/lib/vmware/hostd/docroot/ui/images/host/editSetting16.png</file><file>usr/lib/vmware/hostd/docroot/ui/images/host/generateCSR16.png</file><file>usr/lib/vmware/hostd/docroot/ui/images/host/hostAbout.png</file><file>usr/lib/vmware/hostd/docroot/ui/images/host/hostAdvancedSettings16.png</file><file>usr/lib/vmware/hostd/docroot/ui/images/host/hostEnterLockdownMode16.png</file><file>usr/lib/vmware/hostd/docroot/ui/images/host/hostEnterMaintenanceMode16.png</file><file>usr/lib/vmware/hostd/docroot/ui/images/host/hostExitLockdownMode16.png</file><file>usr/lib/vmware/hostd/docroot/ui/images/host/hostExitMaintenanceMode16.png</file><file>usr/lib/vmware/hostd/docroot/ui/images/host/hostHelp16.png</file><file>usr/lib/vmware/hostd/docroot/ui/images/host/hostInLockdownMode16.png</file><file>usr/lib/vmware/hostd/docroot/ui/images/host/hostInMaintenanceMode16.png</file><file>usr/lib/vmware/hostd/docroot/ui/images/host/hostLockdownMode.png</file><file>usr/lib/vmware/hostd/docroot/ui/images/host/hostMaintenanceLockdownMode16.png</file><file>usr/lib/vmware/hostd/docroot/ui/images/host/hostManageServices16.png</file><file>usr/lib/vmware/hostd/docroot/ui/images/host/hostMonitor16.png</file><file>usr/lib/vmware/hostd/docroot/ui/images/host/hostReboot16.png</file><file>usr/lib/vmware/hostd/docroot/ui/images/host/hostServices16.png</file><file>usr/lib/vmware/hostd/docroot/ui/images/host/hostShutdown16.png</file><file>usr/lib/vmware/hostd/docroot/ui/images/host/hostSummaryMaintenanceMode.png</file><file>usr/lib/vmware/hostd/docroot/ui/images/host/importCertificate16.png</file><file>usr/lib/vmware/hostd/docroot/ui/images/host/license96.png</file><file>usr/lib/vmware/hostd/docroot/ui/images/host/licenseKey24.png</file><file>usr/lib/vmware/hostd/docroot/ui/images/host/manageHost16.png</file><file>usr/lib/vmware/hostd/docroot/ui/images/host/obj-host.png</file><file>usr/lib/vmware/hostd/docroot/ui/images/host/openLogNewWindow.png</file><file>usr/lib/vmware/hostd/docroot/ui/images/host/policy_16x16.png</file><file>usr/lib/vmware/hostd/docroot/ui/images/host/removeExceptionUser16.png</file><file>usr/lib/vmware/hostd/docroot/ui/images/host/removeLicense24.png</file><file>usr/lib/vmware/hostd/docroot/ui/images/host/resetSetting16.png</file><file>usr/lib/vmware/hostd/docroot/ui/images/host/serviceSSH16.png</file><file>usr/lib/vmware/hostd/docroot/ui/images/host/serviceShell16.png</file><file>usr/lib/vmware/hostd/docroot/ui/images/host/settings16.png</file><file>usr/lib/vmware/hostd/docroot/ui/images/host/settings20.png</file><file>usr/lib/vmware/hostd/docroot/ui/images/host/startService16.png</file><file>usr/lib/vmware/hostd/docroot/ui/images/host/stopService16.png</file><file>usr/lib/vmware/hostd/docroot/ui/images/host/support16.png</file><file>usr/lib/vmware/hostd/docroot/ui/images/host/systemSettings16.png</file><file>usr/lib/vmware/hostd/docroot/ui/images/hostTools16.png</file><file>usr/lib/vmware/hostd/docroot/ui/images/host_client_header.png</file><file>usr/lib/vmware/hostd/docroot/ui/images/info16.png</file><file>usr/lib/vmware/hostd/docroot/ui/images/info48.png</file><file>usr/lib/vmware/hostd/docroot/ui/images/info_10.png</file><file>usr/lib/vmware/hostd/docroot/ui/images/info_10_over.png</file><file>usr/lib/vmware/hostd/docroot/ui/images/it-itFlag16.png</file><file>usr/lib/vmware/hostd/docroot/ui/images/ja-jpFlag16.png</file><file>usr/lib/vmware/hostd/docroot/ui/images/keyboard16.png</file><file>usr/lib/vmware/hostd/docroot/ui/images/ko-krFlag16.png</file><file>usr/lib/vmware/hostd/docroot/ui/images/language16.png</file><file>usr/lib/vmware/hostd/docroot/ui/images/large-spinner.gif</file><file>usr/lib/vmware/hostd/docroot/ui/images/loader_app_initializing.gif</file><file>usr/lib/vmware/hostd/docroot/ui/images/loader_powering_on_screen.gif</file><file>usr/lib/vmware/hostd/docroot/ui/images/loader_table.gif</file><file>usr/lib/vmware/hostd/docroot/ui/images/logbrowser16x_80.png</file><file>usr/lib/vmware/hostd/docroot/ui/images/maximize_10.png</file><file>usr/lib/vmware/hostd/docroot/ui/images/maximize_10_over.png</file><file>usr/lib/vmware/hostd/docroot/ui/images/maximize_left_10.png</file><file>usr/lib/vmware/hostd/docroot/ui/images/maximize_left_10_over.png</file><file>usr/lib/vmware/hostd/docroot/ui/images/memory16.png</file><file>usr/lib/vmware/hostd/docroot/ui/images/memory_100_thumb.png</file><file>usr/lib/vmware/hostd/docroot/ui/images/metric32.png</file><file>usr/lib/vmware/hostd/docroot/ui/images/minimize_10.png</file><file>usr/lib/vmware/hostd/docroot/ui/images/minimize_10_over.png</file><file>usr/lib/vmware/hostd/docroot/ui/images/minimize_left_10.png</file><file>usr/lib/vmware/hostd/docroot/ui/images/minimize_left_10_over.png</file><file>usr/lib/vmware/hostd/docroot/ui/images/more_action.png</file><file>usr/lib/vmware/hostd/docroot/ui/images/mouseGhost.png</file><file>usr/lib/vmware/hostd/docroot/ui/images/moveDown16.png</file><file>usr/lib/vmware/hostd/docroot/ui/images/moveUp16.png</file><file>usr/lib/vmware/hostd/docroot/ui/images/network-interface-16x.png</file><file>usr/lib/vmware/hostd/docroot/ui/images/network/Network16x16.png</file><file>usr/lib/vmware/hostd/docroot/ui/images/network/ViewFirewallRules.png</file><file>usr/lib/vmware/hostd/docroot/ui/images/network/addPortgroup16.png</file><file>usr/lib/vmware/hostd/docroot/ui/images/network/addVSwitch16.png</file><file>usr/lib/vmware/hostd/docroot/ui/images/network/addVmknic32.png</file><file>usr/lib/vmware/hostd/docroot/ui/images/network/blackPixel.png</file><file>usr/lib/vmware/hostd/docroot/ui/images/network/blackPixelVertical.png</file><file>usr/lib/vmware/hostd/docroot/ui/images/network/dvSwitch16.png</file><file>usr/lib/vmware/hostd/docroot/ui/images/network/dvsPortgroup16.png</file><file>usr/lib/vmware/hostd/docroot/ui/images/network/dvsUplinkPortgroup16.png</file><file>usr/lib/vmware/hostd/docroot/ui/images/network/netstack72.png</file><file>usr/lib/vmware/hostd/docroot/ui/images/network/nic128.png</file><file>usr/lib/vmware/hostd/docroot/ui/images/network/obj-network.png</file><file>usr/lib/vmware/hostd/docroot/ui/images/network/obj-vmknic.png</file><file>usr/lib/vmware/hostd/docroot/ui/images/network/objNIC.png</file><file>usr/lib/vmware/hostd/docroot/ui/images/network/pnicEdit16.png</file><file>usr/lib/vmware/hostd/docroot/ui/images/network/portConnected16.png</file><file>usr/lib/vmware/hostd/docroot/ui/images/network/portDisconnected16.png</file><file>usr/lib/vmware/hostd/docroot/ui/images/network/removePortgroup16.png</file><file>usr/lib/vmware/hostd/docroot/ui/images/network/removeVMKNIC32.png</file><file>usr/lib/vmware/hostd/docroot/ui/images/network/removeVSwitch24.png</file><file>usr/lib/vmware/hostd/docroot/ui/images/network/vSwitch24.png</file><file>usr/lib/vmware/hostd/docroot/ui/images/network/vSwitch96.png</file><file>usr/lib/vmware/hostd/docroot/ui/images/network/vmknic32.png</file><file>usr/lib/vmware/hostd/docroot/ui/images/network/vswitchAddUplink16.png</file><file>usr/lib/vmware/hostd/docroot/ui/images/nextPage16.png</file><file>usr/lib/vmware/hostd/docroot/ui/images/nvmeController64.png</file><file>usr/lib/vmware/hostd/docroot/ui/images/objectBrowser16.png</file><file>usr/lib/vmware/hostd/docroot/ui/images/openInNewWindow16.png</file><file>usr/lib/vmware/hostd/docroot/ui/images/oxygen-4.4.5/drive-harddisk.png</file><file>usr/lib/vmware/hostd/docroot/ui/images/oxygen-4.4.5/drive-optical.png</file><file>usr/lib/vmware/hostd/docroot/ui/images/oxygen-4.4.5/media-flash.png</file><file>usr/lib/vmware/hostd/docroot/ui/images/panel_loader.gif</file><file>usr/lib/vmware/hostd/docroot/ui/images/panel_loader_off_white_bg.gif</file><file>usr/lib/vmware/hostd/docroot/ui/images/panel_loader_transparent.gif</file><file>usr/lib/vmware/hostd/docroot/ui/images/panel_loader_white_bg.gif</file><file>usr/lib/vmware/hostd/docroot/ui/images/passThroughDisable16.png</file><file>usr/lib/vmware/hostd/docroot/ui/images/passThroughEnable16.png</file><file>usr/lib/vmware/hostd/docroot/ui/images/perPage16.png</file><file>usr/lib/vmware/hostd/docroot/ui/images/permissions.png</file><file>usr/lib/vmware/hostd/docroot/ui/images/pin_docked_80.png</file><file>usr/lib/vmware/hostd/docroot/ui/images/pin_undocked_80.png</file><file>usr/lib/vmware/hostd/docroot/ui/images/power16.png</file><file>usr/lib/vmware/hostd/docroot/ui/images/power_off_16.png</file><file>usr/lib/vmware/hostd/docroot/ui/images/power_on_16.png</file><file>usr/lib/vmware/hostd/docroot/ui/images/previousPage16.png</file><file>usr/lib/vmware/hostd/docroot/ui/images/pt-ptFlag16.png</file><file>usr/lib/vmware/hostd/docroot/ui/images/pullTab.png</file><file>usr/lib/vmware/hostd/docroot/ui/images/question48.png</file><file>usr/lib/vmware/hostd/docroot/ui/images/refresh.png</file><file>usr/lib/vmware/hostd/docroot/ui/images/refreshFailed16.png</file><file>usr/lib/vmware/hostd/docroot/ui/images/resize-handle.png</file><file>usr/lib/vmware/hostd/docroot/ui/images/resourcepool/add-resource-pool__595.png</file><file>usr/lib/vmware/hostd/docroot/ui/images/resourcepool/obj-rp.png</file><file>usr/lib/vmware/hostd/docroot/ui/images/resourcepool/resource-pool-Edit.png</file><file>usr/lib/vmware/hostd/docroot/ui/images/resourcepool/resource-pool.png</file><file>usr/lib/vmware/hostd/docroot/ui/images/resourcepool/resource-pool_alert.png</file><file>usr/lib/vmware/hostd/docroot/ui/images/resourcepool/resource-pool_warning.png</file><file>usr/lib/vmware/hostd/docroot/ui/images/script16.png</file><file>usr/lib/vmware/hostd/docroot/ui/images/scsi_controller.png</file><file>usr/lib/vmware/hostd/docroot/ui/images/search-clear.png</file><file>usr/lib/vmware/hostd/docroot/ui/images/sensorGreen16.png</file><file>usr/lib/vmware/hostd/docroot/ui/images/sensorOther16.png</file><file>usr/lib/vmware/hostd/docroot/ui/images/sensorRed16.png</file><file>usr/lib/vmware/hostd/docroot/ui/images/sensorUnknown16.png</file><file>usr/lib/vmware/hostd/docroot/ui/images/sensorYellow16.png</file><file>usr/lib/vmware/hostd/docroot/ui/images/sessionTimeout16.png</file><file>usr/lib/vmware/hostd/docroot/ui/images/settingsReset16.png</file><file>usr/lib/vmware/hostd/docroot/ui/images/shrinkConsole10.png</file><file>usr/lib/vmware/hostd/docroot/ui/images/shrinkConsoleOver10.png</file><file>usr/lib/vmware/hostd/docroot/ui/images/small-spinner.gif</file><file>usr/lib/vmware/hostd/docroot/ui/images/snapshot_tree.png</file><file>usr/lib/vmware/hostd/docroot/ui/images/splitterPixel.png</file><file>usr/lib/vmware/hostd/docroot/ui/images/standbyNic16.png</file><file>usr/lib/vmware/hostd/docroot/ui/images/storage/adapter16.png</file><file>usr/lib/vmware/hostd/docroot/ui/images/storage/adapter32.png</file><file>usr/lib/vmware/hostd/docroot/ui/images/storage/addISCSITarget16.png</file><file>usr/lib/vmware/hostd/docroot/ui/images/storage/cdrom32.png</file><file>usr/lib/vmware/hostd/docroot/ui/images/storage/clearDisk16.png</file><file>usr/lib/vmware/hostd/docroot/ui/images/storage/controller32.png</file><file>usr/lib/vmware/hostd/docroot/ui/images/storage/datastore32.png</file><file>usr/lib/vmware/hostd/docroot/ui/images/storage/datastoreMount16.png</file><file>usr/lib/vmware/hostd/docroot/ui/images/storage/datastoreUnmount16.png</file><file>usr/lib/vmware/hostd/docroot/ui/images/storage/deleteDatastore32.png</file><file>usr/lib/vmware/hostd/docroot/ui/images/storage/deleteFile16.png</file><file>usr/lib/vmware/hostd/docroot/ui/images/storage/deletePartition16.png</file><file>usr/lib/vmware/hostd/docroot/ui/images/storage/deviceStatusNormal16.png</file><file>usr/lib/vmware/hostd/docroot/ui/images/storage/disk32.png</file><file>usr/lib/vmware/hostd/docroot/ui/images/storage/editPartitions16.png</file><file>usr/lib/vmware/hostd/docroot/ui/images/storage/floppydisk.png</file><file>usr/lib/vmware/hostd/docroot/ui/images/storage/inflateDisk16.png</file><file>usr/lib/vmware/hostd/docroot/ui/images/storage/iscsiController16.png</file><file>usr/lib/vmware/hostd/docroot/ui/images/storage/moveFile16.png</file><file>usr/lib/vmware/hostd/docroot/ui/images/storage/objAdapter.png</file><file>usr/lib/vmware/hostd/docroot/ui/images/storage/removeISCSITarget16.png</file><file>usr/lib/vmware/hostd/docroot/ui/images/storage/rescanHBA16.png</file><file>usr/lib/vmware/hostd/docroot/ui/images/storage/rescanVMFS16.png</file><file>usr/lib/vmware/hostd/docroot/ui/images/storage/scsiController16.png</file><file>usr/lib/vmware/hostd/docroot/ui/images/storage/upgradeVMFS16.png</file><file>usr/lib/vmware/hostd/docroot/ui/images/storage16.png</file><file>usr/lib/vmware/hostd/docroot/ui/images/success48.png</file><file>usr/lib/vmware/hostd/docroot/ui/images/suspend_16.png</file><file>usr/lib/vmware/hostd/docroot/ui/images/swap16.png</file><file>usr/lib/vmware/hostd/docroot/ui/images/task/cancel_16.png</file><file>usr/lib/vmware/hostd/docroot/ui/images/task/failed_task_16.png</file><file>usr/lib/vmware/hostd/docroot/ui/images/task/succeeded_task_16.png</file><file>usr/lib/vmware/hostd/docroot/ui/images/task/task32.png</file><file>usr/lib/vmware/hostd/docroot/ui/images/temp16.png</file><file>usr/lib/vmware/hostd/docroot/ui/images/tiny_loader_transparent_bg.gif</file><file>usr/lib/vmware/hostd/docroot/ui/images/trackpad32.png</file><file>usr/lib/vmware/hostd/docroot/ui/images/underconstruction.png</file><file>usr/lib/vmware/hostd/docroot/ui/images/undo_button_16.png</file><file>usr/lib/vmware/hostd/docroot/ui/images/undo_button_16_over.png</file><file>usr/lib/vmware/hostd/docroot/ui/images/unknown48.png</file><file>usr/lib/vmware/hostd/docroot/ui/images/unusedNic16.png</file><file>usr/lib/vmware/hostd/docroot/ui/images/update16.png</file><file>usr/lib/vmware/hostd/docroot/ui/images/update64.png</file><file>usr/lib/vmware/hostd/docroot/ui/images/update80.png</file><file>usr/lib/vmware/hostd/docroot/ui/images/usbDevice16.png</file><file>usr/lib/vmware/hostd/docroot/ui/images/user16.png</file><file>usr/lib/vmware/hostd/docroot/ui/images/userPassword100.png</file><file>usr/lib/vmware/hostd/docroot/ui/images/vFlashResource.png</file><file>usr/lib/vmware/hostd/docroot/ui/images/vc48.png</file><file>usr/lib/vmware/hostd/docroot/ui/images/video_card_100_thumb.png</file><file>usr/lib/vmware/hostd/docroot/ui/images/virtualDisk.png</file><file>usr/lib/vmware/hostd/docroot/ui/images/virtualDiskPMem.png</file><file>usr/lib/vmware/hostd/docroot/ui/images/vm/CDROM32.png</file><file>usr/lib/vmware/hostd/docroot/ui/images/vm/SATA-controller.png</file><file>usr/lib/vmware/hostd/docroot/ui/images/vm/UsbPort.png</file><file>usr/lib/vmware/hostd/docroot/ui/images/vm/VM-add-from-lib.png</file><file>usr/lib/vmware/hostd/docroot/ui/images/vm/action_create_new_vm.png</file><file>usr/lib/vmware/hostd/docroot/ui/images/vm/answerQuestion16.png</file><file>usr/lib/vmware/hostd/docroot/ui/images/vm/audio32.png</file><file>usr/lib/vmware/hostd/docroot/ui/images/vm/autostart16.png</file><file>usr/lib/vmware/hostd/docroot/ui/images/vm/autostartConfigure16.png</file><file>usr/lib/vmware/hostd/docroot/ui/images/vm/cloak.png</file><file>usr/lib/vmware/hostd/docroot/ui/images/vm/convert-vm-template.png</file><file>usr/lib/vmware/hostd/docroot/ui/images/vm/cpu24x.png</file><file>usr/lib/vmware/hostd/docroot/ui/images/vm/deployOVF16.png</file><file>usr/lib/vmware/hostd/docroot/ui/images/vm/deployOvf.png</file><file>usr/lib/vmware/hostd/docroot/ui/images/vm/exportOVF16.png</file><file>usr/lib/vmware/hostd/docroot/ui/images/vm/filevm-migrate_100.png</file><file>usr/lib/vmware/hostd/docroot/ui/images/vm/filevm-migrate_100_thumb.png</file><file>usr/lib/vmware/hostd/docroot/ui/images/vm/guest-logo-esx.png</file><file>usr/lib/vmware/hostd/docroot/ui/images/vm/guest-logo-linux.png</file><file>usr/lib/vmware/hostd/docroot/ui/images/vm/guest-logo-mac.png</file><file>usr/lib/vmware/hostd/docroot/ui/images/vm/guest-logo-other.png</file><file>usr/lib/vmware/hostd/docroot/ui/images/vm/guest-logo-vcenter.png</file><file>usr/lib/vmware/hostd/docroot/ui/images/vm/guest-logo-windows.png</file><file>usr/lib/vmware/hostd/docroot/ui/images/vm/guestOsLinux.png</file><file>usr/lib/vmware/hostd/docroot/ui/images/vm/guestOsWindows.png</file><file>usr/lib/vmware/hostd/docroot/ui/images/vm/memory24x.png</file><file>usr/lib/vmware/hostd/docroot/ui/images/vm/otherHardware16.png</file><file>usr/lib/vmware/hostd/docroot/ui/images/vm/parallelPort.png</file><file>usr/lib/vmware/hostd/docroot/ui/images/vm/pciCard16.png</file><file>usr/lib/vmware/hostd/docroot/ui/images/vm/play.png</file><file>usr/lib/vmware/hostd/docroot/ui/images/vm/play_over.png</file><file>usr/lib/vmware/hostd/docroot/ui/images/vm/restart16x16.png</file><file>usr/lib/vmware/hostd/docroot/ui/images/vm/restartWarn16.png</file><file>usr/lib/vmware/hostd/docroot/ui/images/vm/scsi_controller.png</file><file>usr/lib/vmware/hostd/docroot/ui/images/vm/selectCDROMImage16.png</file><file>usr/lib/vmware/hostd/docroot/ui/images/vm/sendCtrlAltDelete16.png</file><file>usr/lib/vmware/hostd/docroot/ui/images/vm/serialPort.png</file><file>usr/lib/vmware/hostd/docroot/ui/images/vm/shutdownGuest16.png</file><file>usr/lib/vmware/hostd/docroot/ui/images/vm/shutdownGuest48.png</file><file>usr/lib/vmware/hostd/docroot/ui/images/vm/snapshot-youarehere.png</file><file>usr/lib/vmware/hostd/docroot/ui/images/vm/snapshot.png</file><file>usr/lib/vmware/hostd/docroot/ui/images/vm/snapshotDelete16.png</file><file>usr/lib/vmware/hostd/docroot/ui/images/vm/snapshotEdit16.png</file><file>usr/lib/vmware/hostd/docroot/ui/images/vm/snapshotManager.png</file><file>usr/lib/vmware/hostd/docroot/ui/images/vm/snapshotPoweredOn.png</file><file>usr/lib/vmware/hostd/docroot/ui/images/vm/snapshotRevert.png</file><file>usr/lib/vmware/hostd/docroot/ui/images/vm/snapshotSuspended.png</file><file>usr/lib/vmware/hostd/docroot/ui/images/vm/snapshotTake.png</file><file>usr/lib/vmware/hostd/docroot/ui/images/vm/upgradeCompatibility16.png</file><file>usr/lib/vmware/hostd/docroot/ui/images/vm/upgradeCompatibility256.png</file><file>usr/lib/vmware/hostd/docroot/ui/images/vm/vm16x16.png</file><file>usr/lib/vmware/hostd/docroot/ui/images/vm/vm96.png</file><file>usr/lib/vmware/hostd/docroot/ui/images/vm/vmAlert.png</file><file>usr/lib/vmware/hostd/docroot/ui/images/vm/vmClone16.png</file><file>usr/lib/vmware/hostd/docroot/ui/images/vm/vmConsole.png</file><file>usr/lib/vmware/hostd/docroot/ui/images/vm/vmConsoleNewTab16.png</file><file>usr/lib/vmware/hostd/docroot/ui/images/vm/vmConsoleNewWindow.png</file><file>usr/lib/vmware/hostd/docroot/ui/images/vm/vmConsoleVMRC.png</file><file>usr/lib/vmware/hostd/docroot/ui/images/vm/vmDecreaseAutostartPriority16.png</file><file>usr/lib/vmware/hostd/docroot/ui/images/vm/vmDevice16.png</file><file>usr/lib/vmware/hostd/docroot/ui/images/vm/vmDisableAutostart16.png</file><file>usr/lib/vmware/hostd/docroot/ui/images/vm/vmEdit16.png</file><file>usr/lib/vmware/hostd/docroot/ui/images/vm/vmGuest16.png</file><file>usr/lib/vmware/hostd/docroot/ui/images/vm/vmIncreaseAutostartPriority16.png</file><file>usr/lib/vmware/hostd/docroot/ui/images/vm/vmNotes16.png</file><file>usr/lib/vmware/hostd/docroot/ui/images/vm/vmOperationRunning16.gif</file><file>usr/lib/vmware/hostd/docroot/ui/images/vm/vmPowerOn.png</file><file>usr/lib/vmware/hostd/docroot/ui/images/vm/vmPoweredOn.png</file><file>usr/lib/vmware/hostd/docroot/ui/images/vm/vmRemove16.png</file><file>usr/lib/vmware/hostd/docroot/ui/images/vm/vmRename16.png</file><file>usr/lib/vmware/hostd/docroot/ui/images/vm/vmSaveNotes16.png</file><file>usr/lib/vmware/hostd/docroot/ui/images/vm/vmShutdown.png</file><file>usr/lib/vmware/hostd/docroot/ui/images/vm/vmShutdownWarn16.png</file><file>usr/lib/vmware/hostd/docroot/ui/images/vm/vmStatusInfo.png</file><file>usr/lib/vmware/hostd/docroot/ui/images/vm/vmStatusInvalid.png</file><file>usr/lib/vmware/hostd/docroot/ui/images/vm/vmStatusNormal16.png</file><file>usr/lib/vmware/hostd/docroot/ui/images/vm/vmStatusWarning.png</file><file>usr/lib/vmware/hostd/docroot/ui/images/vm/vmSuspend16.png</file><file>usr/lib/vmware/hostd/docroot/ui/images/vm/vmSuspended.png</file><file>usr/lib/vmware/hostd/docroot/ui/images/vm/vmTemplate16.png</file><file>usr/lib/vmware/hostd/docroot/ui/images/vm/vmUnregister16.png</file><file>usr/lib/vmware/hostd/docroot/ui/images/vm/vmUpgradeTools16.png</file><file>usr/lib/vmware/hostd/docroot/ui/images/vm/vmsnapshot-disabled_80.png</file><file>usr/lib/vmware/hostd/docroot/ui/images/vmrc_32.png</file><file>usr/lib/vmware/hostd/docroot/ui/images/vmware-logo-anim.gif</file><file>usr/lib/vmware/hostd/docroot/ui/images/vmwareIcon.png</file><file>usr/lib/vmware/hostd/docroot/ui/images/vmwareLogoBigger.png</file><file>usr/lib/vmware/hostd/docroot/ui/images/vmware_esxi_host_client.png</file><file>usr/lib/vmware/hostd/docroot/ui/images/vmware_host_client_header.png</file><file>usr/lib/vmware/hostd/docroot/ui/images/vmware_logo_loader.gif</file><file>usr/lib/vmware/hostd/docroot/ui/images/vmware_logo_loader.png</file><file>usr/lib/vmware/hostd/docroot/ui/images/vmware_logo_white_transparent.png</file><file>usr/lib/vmware/hostd/docroot/ui/images/vmware_tools_16.png</file><file>usr/lib/vmware/hostd/docroot/ui/images/voltage16.png</file><file>usr/lib/vmware/hostd/docroot/ui/images/vsan/collapse.png</file><file>usr/lib/vmware/hostd/docroot/ui/images/vsan/expand.png</file><file>usr/lib/vmware/hostd/docroot/ui/images/vsan/icon-error.png</file><file>usr/lib/vmware/hostd/docroot/ui/images/vsan/icon-success-large.png</file><file>usr/lib/vmware/hostd/docroot/ui/images/vsan/icon-success.png</file><file>usr/lib/vmware/hostd/docroot/ui/images/vsan/icon-unknown.png</file><file>usr/lib/vmware/hostd/docroot/ui/images/vsan/icon-warning.png</file><file>usr/lib/vmware/hostd/docroot/ui/images/warning48.png</file><file>usr/lib/vmware/hostd/docroot/ui/images/wizardTOCBG.png</file><file>usr/lib/vmware/hostd/docroot/ui/images/zh-cnFlag16.png</file><file>usr/lib/vmware/hostd/docroot/ui/images/zh-twFlag16.png</file><file>usr/lib/vmware/hostd/docroot/ui/index.html</file><file>usr/lib/vmware/hostd/docroot/ui/robots.txt</file><file>usr/lib/vmware/hostd/docroot/ui/scripts/angular-mocks.js</file><file>usr/lib/vmware/hostd/docroot/ui/scripts/bootstrap-datetimepicker.js</file><file>usr/lib/vmware/hostd/docroot/ui/scripts/build.txt</file><file>usr/lib/vmware/hostd/docroot/ui/scripts/i18n-js/filtered.js.erb</file><file>usr/lib/vmware/hostd/docroot/ui/scripts/i18n-js/shims.js</file><file>usr/lib/vmware/hostd/docroot/ui/scripts/i18n-js/translations.js</file><file>usr/lib/vmware/hostd/docroot/ui/scripts/jasmine-jquery.js</file><file>usr/lib/vmware/hostd/docroot/ui/scripts/karma-jasmine.js</file><file>usr/lib/vmware/hostd/docroot/ui/scripts/main.js</file><file>usr/lib/vmware/hostd/docroot/ui/scripts/stackframe.js</file><file>usr/lib/vmware/hostd/docroot/ui/sdk</file><file>usr/lib/vmware/hostd/docroot/ui/styles/main.css</file><file>usr/lib/vmware/hostd/docroot/ui/styles/vendor.css</file><file>usr/lib/vmware/hostd/docroot/ui/templates/client/about.html</file><file>usr/lib/vmware/hostd/docroot/ui/templates/client/anonymous.html</file><file>usr/lib/vmware/hostd/docroot/ui/templates/client/communication-error.html</file><file>usr/lib/vmware/hostd/docroot/ui/templates/client/error-dialog.html</file><file>usr/lib/vmware/hostd/docroot/ui/templates/client/feedback-developers.html</file><file>usr/lib/vmware/hostd/docroot/ui/templates/client/feedback-release.html</file><file>usr/lib/vmware/hostd/docroot/ui/templates/client/feedback.html</file><file>usr/lib/vmware/hostd/docroot/ui/templates/client/hypervisor-license-warning.html</file><file>usr/lib/vmware/hostd/docroot/ui/templates/client/info-dialog.html</file><file>usr/lib/vmware/hostd/docroot/ui/templates/client/lost-connection.html</file><file>usr/lib/vmware/hostd/docroot/ui/templates/client/question-dialog.html</file><file>usr/lib/vmware/hostd/docroot/ui/templates/client/reset-settings.html</file><file>usr/lib/vmware/hostd/docroot/ui/templates/client/restricted-version.html</file><file>usr/lib/vmware/hostd/docroot/ui/templates/client/unhandled-exception.html</file><file>usr/lib/vmware/hostd/docroot/ui/templates/client/update-notify.html</file><file>usr/lib/vmware/hostd/docroot/ui/templates/client/update.html</file><file>usr/lib/vmware/hostd/docroot/ui/templates/client/warning-dialog.html</file><file>usr/lib/vmware/hostd/docroot/ui/templates/host/change-password.html</file><file>usr/lib/vmware/hostd/docroot/ui/templates/host/disconnect-from-vc.html</file><file>usr/lib/vmware/hostd/docroot/ui/templates/host/enter-lockdown-mode.html</file><file>usr/lib/vmware/hostd/docroot/ui/templates/host/enter-maintenance-mode-vms-on.html</file><file>usr/lib/vmware/hostd/docroot/ui/templates/host/enter-maintenance-mode.html</file><file>usr/lib/vmware/hostd/docroot/ui/templates/host/manage/advanced-settings/change.html</file><file>usr/lib/vmware/hostd/docroot/ui/templates/host/manage/licensing/assign.html</file><file>usr/lib/vmware/hostd/docroot/ui/templates/host/manage/licensing/managed-by-vc.html</file><file>usr/lib/vmware/hostd/docroot/ui/templates/host/manage/licensing/remove.html</file><file>usr/lib/vmware/hostd/docroot/ui/templates/listbox.html</file><file>usr/lib/vmware/hostd/docroot/ui/templates/log-window.html</file><file>usr/lib/vmware/hostd/docroot/ui/templates/network/edit-netstack.html</file><file>usr/lib/vmware/hostd/docroot/ui/templates/network/nic-teaming.html</file><file>usr/lib/vmware/hostd/docroot/ui/templates/network/no-free-adapters.html</file><file>usr/lib/vmware/hostd/docroot/ui/templates/network/portgroup/add.html</file><file>usr/lib/vmware/hostd/docroot/ui/templates/network/portgroup/edit.html</file><file>usr/lib/vmware/hostd/docroot/ui/templates/network/portgroup/remove.html</file><file>usr/lib/vmware/hostd/docroot/ui/templates/network/portgroup/settings-form.html</file><file>usr/lib/vmware/hostd/docroot/ui/templates/network/remove-vswitch.html</file><file>usr/lib/vmware/hostd/docroot/ui/templates/network/security.html</file><file>usr/lib/vmware/hostd/docroot/ui/templates/network/traffic-shaping.html</file><file>usr/lib/vmware/hostd/docroot/ui/templates/network/unknown-network.html</file><file>usr/lib/vmware/hostd/docroot/ui/templates/network/unknown-vm-knic.html</file><file>usr/lib/vmware/hostd/docroot/ui/templates/network/vmknic/add.html</file><file>usr/lib/vmware/hostd/docroot/ui/templates/network/vmknic/edit.html</file><file>usr/lib/vmware/hostd/docroot/ui/templates/network/vmknic/settings-form.html</file><file>usr/lib/vmware/hostd/docroot/ui/templates/network/vswitch-diagram.html</file><file>usr/lib/vmware/hostd/docroot/ui/templates/network/vswitch/add.html</file><file>usr/lib/vmware/hostd/docroot/ui/templates/network/vswitch/edit.html</file><file>usr/lib/vmware/hostd/docroot/ui/templates/network/vswitch/settings-form.html</file><file>usr/lib/vmware/hostd/docroot/ui/templates/notification.html</file><file>usr/lib/vmware/hostd/docroot/ui/templates/portlet-content.html</file><file>usr/lib/vmware/hostd/docroot/ui/templates/progress-chart.html</file><file>usr/lib/vmware/hostd/docroot/ui/templates/search-results.html</file><file>usr/lib/vmware/hostd/docroot/ui/templates/sidebar-button.html</file><file>usr/lib/vmware/hostd/docroot/ui/templates/stack-error.html</file><file>usr/lib/vmware/hostd/docroot/ui/templates/storage/browser.html</file><file>usr/lib/vmware/hostd/docroot/ui/templates/storage/datastore/delete-file-confirm.html</file><file>usr/lib/vmware/hostd/docroot/ui/templates/storage/datastore/delete.html</file><file>usr/lib/vmware/hostd/docroot/ui/templates/storage/datastore/monitor/vsan-health-card.html</file><file>usr/lib/vmware/hostd/docroot/ui/templates/storage/device/partition-diagram.html</file><file>usr/lib/vmware/hostd/docroot/ui/templates/storage/list.html</file><file>usr/lib/vmware/hostd/docroot/ui/templates/storage/rename-datastore.html</file><file>usr/lib/vmware/hostd/docroot/ui/templates/storage/vm-already-registered.html</file><file>usr/lib/vmware/hostd/docroot/ui/templates/vm/delete-vm-dialog.html</file><file>usr/lib/vmware/hostd/docroot/ui/templates/vm/edit-notes-quick.html</file><file>usr/lib/vmware/hostd/docroot/ui/templates/vm/help.html</file><file>usr/lib/vmware/hostd/docroot/ui/templates/vm/rename.html</file><file>usr/lib/vmware/hostd/docroot/ui/templates/vm/unknown-vm.html</file><file>usr/lib/vmware/hostd/docroot/ui/templates/vm/unregister.html</file><file>usr/lib/vmware/hostd/docroot/ui/templates/vm/vm-console.html</file><file>usr/lib/vmware/hostd/docroot/ui/templates/vm/vm-list.html</file><file>usr/lib/vmware/hostd/docroot/ui/templates/vm/vm-screen.html</file><file>usr/lib/vmware/hostd/docroot/ui/thirdparty/vspherejs/index.js</file><file>usr/lib/vmware/hostd/docroot/ui/thirdparty/webwmkssdk/wmks.min.js</file><file>usr/lib/vmware/hostd/docroot/ui/views/client/scripting-console.html</file><file>usr/lib/vmware/hostd/docroot/ui/views/context-menu.html</file><file>usr/lib/vmware/hostd/docroot/ui/views/error.html</file><file>usr/lib/vmware/hostd/docroot/ui/views/host/main.html</file><file>usr/lib/vmware/hostd/docroot/ui/views/host/manage.html</file><file>usr/lib/vmware/hostd/docroot/ui/views/host/manage/hardware.html</file><file>usr/lib/vmware/hostd/docroot/ui/views/host/manage/hardware/configure-sriov.html</file><file>usr/lib/vmware/hostd/docroot/ui/views/host/manage/hardware/pci-devices-hw-label.html</file><file>usr/lib/vmware/hostd/docroot/ui/views/host/manage/hardware/pci-devices.html</file><file>usr/lib/vmware/hostd/docroot/ui/views/host/manage/hardware/power-management-dialog.html</file><file>usr/lib/vmware/hostd/docroot/ui/views/host/manage/hardware/power-management.html</file><file>usr/lib/vmware/hostd/docroot/ui/views/host/manage/licensing.html</file><file>usr/lib/vmware/hostd/docroot/ui/views/host/manage/packages.html</file><file>usr/lib/vmware/hostd/docroot/ui/views/host/manage/ptp-configuration-dialog.html</file><file>usr/lib/vmware/hostd/docroot/ui/views/host/manage/security.html</file><file>usr/lib/vmware/hostd/docroot/ui/views/host/manage/security/acceptance-edit.html</file><file>usr/lib/vmware/hostd/docroot/ui/views/host/manage/security/acceptance.html</file><file>usr/lib/vmware/hostd/docroot/ui/views/host/manage/security/authentication.html</file><file>usr/lib/vmware/hostd/docroot/ui/views/host/manage/security/certificates.html</file><file>usr/lib/vmware/hostd/docroot/ui/views/host/manage/security/import-certificate.html</file><file>usr/lib/vmware/hostd/docroot/ui/views/host/manage/security/join-domain.html</file><file>usr/lib/vmware/hostd/docroot/ui/views/host/manage/security/lockdown-add-exception-user.html</file><file>usr/lib/vmware/hostd/docroot/ui/views/host/manage/security/lockdown-change.html</file><file>usr/lib/vmware/hostd/docroot/ui/views/host/manage/security/lockdown.html</file><file>usr/lib/vmware/hostd/docroot/ui/views/host/manage/security/permissions-select.html</file><file>usr/lib/vmware/hostd/docroot/ui/views/host/manage/security/roles-add.html</file><file>usr/lib/vmware/hostd/docroot/ui/views/host/manage/security/roles-remove.html</file><file>usr/lib/vmware/hostd/docroot/ui/views/host/manage/security/roles-update.html</file><file>usr/lib/vmware/hostd/docroot/ui/views/host/manage/security/roles.html</file><file>usr/lib/vmware/hostd/docroot/ui/views/host/manage/security/users-add.html</file><file>usr/lib/vmware/hostd/docroot/ui/views/host/manage/security/users-update.html</file><file>usr/lib/vmware/hostd/docroot/ui/views/host/manage/security/users.html</file><file>usr/lib/vmware/hostd/docroot/ui/views/host/manage/services.html</file><file>usr/lib/vmware/hostd/docroot/ui/views/host/manage/swap-edit.html</file><file>usr/lib/vmware/hostd/docroot/ui/views/host/manage/swap.html</file><file>usr/lib/vmware/hostd/docroot/ui/views/host/manage/system.html</file><file>usr/lib/vmware/hostd/docroot/ui/views/host/manage/system/advanced-settings.html</file><file>usr/lib/vmware/hostd/docroot/ui/views/host/manage/system/autostart-change.html</file><file>usr/lib/vmware/hostd/docroot/ui/views/host/manage/system/autostart.html</file><file>usr/lib/vmware/hostd/docroot/ui/views/host/manage/time-configuration-dialog.html</file><file>usr/lib/vmware/hostd/docroot/ui/views/host/manage/time-configuration.html</file><file>usr/lib/vmware/hostd/docroot/ui/views/host/monitor.html</file><file>usr/lib/vmware/hostd/docroot/ui/views/host/monitor/events.html</file><file>usr/lib/vmware/hostd/docroot/ui/views/host/monitor/hardware.html</file><file>usr/lib/vmware/hostd/docroot/ui/views/host/monitor/hardware/sensors.html</file><file>usr/lib/vmware/hostd/docroot/ui/views/host/monitor/hardware/storage.html</file><file>usr/lib/vmware/hostd/docroot/ui/views/host/monitor/logs.html</file><file>usr/lib/vmware/hostd/docroot/ui/views/host/monitor/notifications.html</file><file>usr/lib/vmware/hostd/docroot/ui/views/host/monitor/performance-configure.html</file><file>usr/lib/vmware/hostd/docroot/ui/views/host/monitor/performance.html</file><file>usr/lib/vmware/hostd/docroot/ui/views/host/monitor/tasks.html</file><file>usr/lib/vmware/hostd/docroot/ui/views/host/reboot.html</file><file>usr/lib/vmware/hostd/docroot/ui/views/host/shutdown.html</file><file>usr/lib/vmware/hostd/docroot/ui/views/host/summary.html</file><file>usr/lib/vmware/hostd/docroot/ui/views/landing.html</file><file>usr/lib/vmware/hostd/docroot/ui/views/loading-dialog.html</file><file>usr/lib/vmware/hostd/docroot/ui/views/log-window.html</file><file>usr/lib/vmware/hostd/docroot/ui/views/login.html</file><file>usr/lib/vmware/hostd/docroot/ui/views/menu.html</file><file>usr/lib/vmware/hostd/docroot/ui/views/networking/firewall/list.html</file><file>usr/lib/vmware/hostd/docroot/ui/views/networking/firewall/settings.html</file><file>usr/lib/vmware/hostd/docroot/ui/views/networking/firewall/summary.html</file><file>usr/lib/vmware/hostd/docroot/ui/views/networking/manage.html</file><file>usr/lib/vmware/hostd/docroot/ui/views/networking/monitor.html</file><file>usr/lib/vmware/hostd/docroot/ui/views/networking/netstack/events.html</file><file>usr/lib/vmware/hostd/docroot/ui/views/networking/netstack/list.html</file><file>usr/lib/vmware/hostd/docroot/ui/views/networking/netstack/monitor.html</file><file>usr/lib/vmware/hostd/docroot/ui/views/networking/netstack/summary.html</file><file>usr/lib/vmware/hostd/docroot/ui/views/networking/netstack/tasks.html</file><file>usr/lib/vmware/hostd/docroot/ui/views/networking/networking.html</file><file>usr/lib/vmware/hostd/docroot/ui/views/networking/pnic/edit.html</file><file>usr/lib/vmware/hostd/docroot/ui/views/networking/pnic/events.html</file><file>usr/lib/vmware/hostd/docroot/ui/views/networking/pnic/list.html</file><file>usr/lib/vmware/hostd/docroot/ui/views/networking/pnic/monitor.html</file><file>usr/lib/vmware/hostd/docroot/ui/views/networking/pnic/summary.html</file><file>usr/lib/vmware/hostd/docroot/ui/views/networking/pnic/tasks.html</file><file>usr/lib/vmware/hostd/docroot/ui/views/networking/portgroup/events.html</file><file>usr/lib/vmware/hostd/docroot/ui/views/networking/portgroup/list.html</file><file>usr/lib/vmware/hostd/docroot/ui/views/networking/portgroup/logs.html</file><file>usr/lib/vmware/hostd/docroot/ui/views/networking/portgroup/monitor.html</file><file>usr/lib/vmware/hostd/docroot/ui/views/networking/portgroup/summary.html</file><file>usr/lib/vmware/hostd/docroot/ui/views/networking/portgroup/tasks.html</file><file>usr/lib/vmware/hostd/docroot/ui/views/networking/vmknic/events.html</file><file>usr/lib/vmware/hostd/docroot/ui/views/networking/vmknic/list.html</file><file>usr/lib/vmware/hostd/docroot/ui/views/networking/vmknic/monitor.html</file><file>usr/lib/vmware/hostd/docroot/ui/views/networking/vmknic/select.html</file><file>usr/lib/vmware/hostd/docroot/ui/views/networking/vmknic/summary.html</file><file>usr/lib/vmware/hostd/docroot/ui/views/networking/vmknic/tasks.html</file><file>usr/lib/vmware/hostd/docroot/ui/views/networking/vswitch/events.html</file><file>usr/lib/vmware/hostd/docroot/ui/views/networking/vswitch/list.html</file><file>usr/lib/vmware/hostd/docroot/ui/views/networking/vswitch/monitor.html</file><file>usr/lib/vmware/hostd/docroot/ui/views/networking/vswitch/summary.html</file><file>usr/lib/vmware/hostd/docroot/ui/views/networking/vswitch/tasks.html</file><file>usr/lib/vmware/hostd/docroot/ui/views/permissions/permissions.html</file><file>usr/lib/vmware/hostd/docroot/ui/views/recent-tasks.html</file><file>usr/lib/vmware/hostd/docroot/ui/views/resourcepools/events.html</file><file>usr/lib/vmware/hostd/docroot/ui/views/resourcepools/logs.html</file><file>usr/lib/vmware/hostd/docroot/ui/views/resourcepools/main.html</file><file>usr/lib/vmware/hostd/docroot/ui/views/resourcepools/manage.html</file><file>usr/lib/vmware/hostd/docroot/ui/views/resourcepools/monitor.html</file><file>usr/lib/vmware/hostd/docroot/ui/views/resourcepools/summary.html</file><file>usr/lib/vmware/hostd/docroot/ui/views/resourcepools/tasks.html</file><file>usr/lib/vmware/hostd/docroot/ui/views/storage/adapter/configure-iscsi-auth.html</file><file>usr/lib/vmware/hostd/docroot/ui/views/storage/adapter/configure-iscsi-settings.html</file><file>usr/lib/vmware/hostd/docroot/ui/views/storage/adapter/configure-iscsi.html</file><file>usr/lib/vmware/hostd/docroot/ui/views/storage/adapter/list.html</file><file>usr/lib/vmware/hostd/docroot/ui/views/storage/adapter/monitor.html</file><file>usr/lib/vmware/hostd/docroot/ui/views/storage/adapter/summary.html</file><file>usr/lib/vmware/hostd/docroot/ui/views/storage/datastore/create-directory.html</file><file>usr/lib/vmware/hostd/docroot/ui/views/storage/datastore/list.html</file><file>usr/lib/vmware/hostd/docroot/ui/views/storage/datastore/monitor.html</file><file>usr/lib/vmware/hostd/docroot/ui/views/storage/datastore/monitor/events.html</file><file>usr/lib/vmware/hostd/docroot/ui/views/storage/datastore/monitor/tasks.html</file><file>usr/lib/vmware/hostd/docroot/ui/views/storage/datastore/monitor/vsan-edit-settings-dialog.html</file><file>usr/lib/vmware/hostd/docroot/ui/views/storage/datastore/monitor/vsan-general.html</file><file>usr/lib/vmware/hostd/docroot/ui/views/storage/datastore/monitor/vsan-health-tab-info.html</file><file>usr/lib/vmware/hostd/docroot/ui/views/storage/datastore/monitor/vsan-health-tab.html</file><file>usr/lib/vmware/hostd/docroot/ui/views/storage/datastore/monitor/vsan-health.html</file><file>usr/lib/vmware/hostd/docroot/ui/views/storage/datastore/monitor/vsan-hosts.html</file><file>usr/lib/vmware/hostd/docroot/ui/views/storage/datastore/summary.html</file><file>usr/lib/vmware/hostd/docroot/ui/views/storage/datastore/wizard/creation-type.html</file><file>usr/lib/vmware/hostd/docroot/ui/views/storage/datastore/wizard/datastore.html</file><file>usr/lib/vmware/hostd/docroot/ui/views/storage/datastore/wizard/device.html</file><file>usr/lib/vmware/hostd/docroot/ui/views/storage/datastore/wizard/name.html</file><file>usr/lib/vmware/hostd/docroot/ui/views/storage/datastore/wizard/nfs.html</file><file>usr/lib/vmware/hostd/docroot/ui/views/storage/datastore/wizard/partitioning.html</file><file>usr/lib/vmware/hostd/docroot/ui/views/storage/datastore/wizard/summary.html</file><file>usr/lib/vmware/hostd/docroot/ui/views/storage/datastore/wizard/vmfsUUID.html</file><file>usr/lib/vmware/hostd/docroot/ui/views/storage/device/browser.html</file><file>usr/lib/vmware/hostd/docroot/ui/views/storage/device/edit-partitions.html</file><file>usr/lib/vmware/hostd/docroot/ui/views/storage/device/list.html</file><file>usr/lib/vmware/hostd/docroot/ui/views/storage/device/monitor.html</file><file>usr/lib/vmware/hostd/docroot/ui/views/storage/device/summary.html</file><file>usr/lib/vmware/hostd/docroot/ui/views/storage/nvdimm/create-namespace.html</file><file>usr/lib/vmware/hostd/docroot/ui/views/storage/nvdimm/devices.html</file><file>usr/lib/vmware/hostd/docroot/ui/views/storage/nvdimm/interleave-summary.html</file><file>usr/lib/vmware/hostd/docroot/ui/views/storage/nvdimm/interleave.html</file><file>usr/lib/vmware/hostd/docroot/ui/views/storage/nvdimm/namespaces.html</file><file>usr/lib/vmware/hostd/docroot/ui/views/storage/nvdimm/nvdimm.html</file><file>usr/lib/vmware/hostd/docroot/ui/views/storage/nvdimm/summary.html</file><file>usr/lib/vmware/hostd/docroot/ui/views/storage/storage.html</file><file>usr/lib/vmware/hostd/docroot/ui/views/under-construction.html</file><file>usr/lib/vmware/hostd/docroot/ui/views/vm-full-console.html</file><file>usr/lib/vmware/hostd/docroot/ui/views/vms/answer-question.html</file><file>usr/lib/vmware/hostd/docroot/ui/views/vms/autostart-change.html</file><file>usr/lib/vmware/hostd/docroot/ui/views/vms/banner.html</file><file>usr/lib/vmware/hostd/docroot/ui/views/vms/compatibility/upgrade-confirm.html</file><file>usr/lib/vmware/hostd/docroot/ui/views/vms/compatibility/upgrade.html</file><file>usr/lib/vmware/hostd/docroot/ui/views/vms/edit/edit.html</file><file>usr/lib/vmware/hostd/docroot/ui/views/vms/edit/notes.html</file><file>usr/lib/vmware/hostd/docroot/ui/views/vms/list.html</file><file>usr/lib/vmware/hostd/docroot/ui/views/vms/manage.html</file><file>usr/lib/vmware/hostd/docroot/ui/views/vms/monitor.html</file><file>usr/lib/vmware/hostd/docroot/ui/views/vms/monitor/events.html</file><file>usr/lib/vmware/hostd/docroot/ui/views/vms/monitor/logs.html</file><file>usr/lib/vmware/hostd/docroot/ui/views/vms/monitor/notifications.html</file><file>usr/lib/vmware/hostd/docroot/ui/views/vms/monitor/performance.html</file><file>usr/lib/vmware/hostd/docroot/ui/views/vms/monitor/tasks.html</file><file>usr/lib/vmware/hostd/docroot/ui/views/vms/snapshot/manage/delete.html</file><file>usr/lib/vmware/hostd/docroot/ui/views/vms/snapshot/manage/deleteAll.html</file><file>usr/lib/vmware/hostd/docroot/ui/views/vms/snapshot/manage/main.html</file><file>usr/lib/vmware/hostd/docroot/ui/views/vms/snapshot/manage/revert.html</file><file>usr/lib/vmware/hostd/docroot/ui/views/vms/snapshot/new.html</file><file>usr/lib/vmware/hostd/docroot/ui/views/vms/snapshot/revert-latest.html</file><file>usr/lib/vmware/hostd/docroot/ui/views/vms/summary.html</file><file>usr/lib/vmware/hostd/docroot/ui/views/vms/template/convert-to-template.html</file><file>usr/lib/vmware/hostd/docroot/ui/views/vms/vm-export.html</file><file>usr/lib/vmware/hostd/docroot/ui/views/vms/wizard/basics.html</file><file>usr/lib/vmware/hostd/docroot/ui/views/vms/wizard/creation-type.html</file><file>usr/lib/vmware/hostd/docroot/ui/views/vms/wizard/deploy/eula.html</file><file>usr/lib/vmware/hostd/docroot/ui/views/vms/wizard/deploy/options.html</file><file>usr/lib/vmware/hostd/docroot/ui/views/vms/wizard/deploy/properties.html</file><file>usr/lib/vmware/hostd/docroot/ui/views/vms/wizard/deploy/start.html</file><file>usr/lib/vmware/hostd/docroot/ui/views/vms/wizard/hardware.html</file><file>usr/lib/vmware/hostd/docroot/ui/views/vms/wizard/hardware/cdrom-drives.html</file><file>usr/lib/vmware/hostd/docroot/ui/views/vms/wizard/hardware/config-params.html</file><file>usr/lib/vmware/hostd/docroot/ui/views/vms/wizard/hardware/cpu.html</file><file>usr/lib/vmware/hostd/docroot/ui/views/vms/wizard/hardware/floppy-drives.html</file><file>usr/lib/vmware/hostd/docroot/ui/views/vms/wizard/hardware/hard-drives.html</file><file>usr/lib/vmware/hostd/docroot/ui/views/vms/wizard/hardware/hd-location.html</file><file>usr/lib/vmware/hostd/docroot/ui/views/vms/wizard/hardware/memory.html</file><file>usr/lib/vmware/hostd/docroot/ui/views/vms/wizard/hardware/network-adapters.html</file><file>usr/lib/vmware/hostd/docroot/ui/views/vms/wizard/hardware/nvdimms.html</file><file>usr/lib/vmware/hostd/docroot/ui/views/vms/wizard/hardware/nvme-controllers.html</file><file>usr/lib/vmware/hostd/docroot/ui/views/vms/wizard/hardware/parallel-ports.html</file><file>usr/lib/vmware/hostd/docroot/ui/views/vms/wizard/hardware/pci-devices.html</file><file>usr/lib/vmware/hostd/docroot/ui/views/vms/wizard/hardware/precision-clock.html</file><file>usr/lib/vmware/hostd/docroot/ui/views/vms/wizard/hardware/sata-controllers.html</file><file>usr/lib/vmware/hostd/docroot/ui/views/vms/wizard/hardware/scsi-controllers.html</file><file>usr/lib/vmware/hostd/docroot/ui/views/vms/wizard/hardware/security-devices.html</file><file>usr/lib/vmware/hostd/docroot/ui/views/vms/wizard/hardware/serial-ports.html</file><file>usr/lib/vmware/hostd/docroot/ui/views/vms/wizard/hardware/sound-controllers.html</file><file>usr/lib/vmware/hostd/docroot/ui/views/vms/wizard/hardware/tpm.html</file><file>usr/lib/vmware/hostd/docroot/ui/views/vms/wizard/hardware/usb-controllers.html</file><file>usr/lib/vmware/hostd/docroot/ui/views/vms/wizard/hardware/usb-devices.html</file><file>usr/lib/vmware/hostd/docroot/ui/views/vms/wizard/hardware/video-cards.html</file><file>usr/lib/vmware/hostd/docroot/ui/views/vms/wizard/hardware/virtual-hardware.html</file><file>usr/lib/vmware/hostd/docroot/ui/views/vms/wizard/hardware/vm-options.html</file><file>usr/lib/vmware/hostd/docroot/ui/views/vms/wizard/hardware/wdt.html</file><file>usr/lib/vmware/hostd/docroot/ui/views/vms/wizard/register/selectVM.html</file><file>usr/lib/vmware/hostd/docroot/ui/views/vms/wizard/storage.html</file><file>usr/lib/vmware/hostd/docroot/ui/views/vms/wizard/summary.html</file><file>usr/lib/vmware/hostd/docroot/ui/vmrc</file><file>usr/lib/vmware/hostd/docroot/ui/welcome.txt</file><file>usr/lib/vmware/hostd/extensions/esxui/locale/de/option.vmsg</file><file>usr/lib/vmware/hostd/extensions/esxui/locale/en/option.vmsg</file><file>usr/lib/vmware/hostd/extensions/esxui/locale/es/option.vmsg</file><file>usr/lib/vmware/hostd/extensions/esxui/locale/fr/option.vmsg</file><file>usr/lib/vmware/hostd/extensions/esxui/locale/ja/option.vmsg</file><file>usr/lib/vmware/hostd/extensions/esxui/locale/ko/option.vmsg</file><file>usr/lib/vmware/hostd/extensions/esxui/locale/zh_CN/option.vmsg</file><file>usr/lib/vmware/hostd/extensions/esxui/locale/zh_TW/option.vmsg</file></file-list><acceptance-level>certified</acceptance-level><live-install-allowed>true</live-install-allowed><live-remove-allowed>true</live-remove-allowed><cimom-restart>false</cimom-restart><stateless-ready>true</stateless-ready><overlay>false</overlay><payloads><payload name="esx-ui" type="vgz" size="3825881"><checksum checksum-type="sha-256" verify-process="gunzip">61c62cfc3d662167f24dc61f4be47480aae8cb136664b0a6acdb4dbc72920640</checksum><checksum checksum-type="sha-256">107664188617ea91aaf928eb05ffba4f23f1f4db1999f685fc60863fc3519004</checksum><checksum checksum-type="sha-1" verify-process="gunzip">121183f56889a29ceb7ce78989353a8de08b485d</checksum></payload></payloads></vib>