<vib version="5.0"><type>bootbank</type><name>esx-update</name><version>7.0.0-1.0.15843807</version><vendor>VMware</vendor><summary>ESXi install/upgrade components.</summary><description>Libraries and binaries for ESXi install/upgrade functionalities.</description><release-date>2020-03-16T09:40:26.403533+00:00</release-date><urls/><relationships><depends><constraint name="esx-version" relation="&gt;=" version="7.0.0-1.0"/><constraint name="esx-version" relation="&lt;&lt;" version="7.0.0-1.1"/></depends><conflicts/><replaces/><provides><provide name="esximage" version="1.0"/></provides><compatibleWith/></relationships><software-tags><tag>RestrictStickyFiles</tag></software-tags><relative-path>vib20/esx-update/VMware_bootbank_esx-update_7.0.0-1.0.15843807.vib</relative-path><packed-size>1482480</packed-size><checksum checksum-type="sha-256">8c2c0ddafc4bed7649cc587f0b1a1753ebf8454cccb76e9bb226418942ec68b9</checksum><system-requires><maintenance-mode>true</maintenance-mode></system-requires><file-list><file>bin/check_serial</file><file>bin/esxupdate</file><file>bin/install</file><file>bootpart.gz</file><file>bootpart4kn.gz</file><file>etc/vmware/secpolicy/tardisks/VMware-install</file><file>etc/vmware/weasel/ks.cfg</file><file>lib64/python3.5/site-packages/_ped.cpython-35m-x86_64-linux-gnu.so</file><file>lib64/python3.5/site-packages/parted/__init__.pyc</file><file>lib64/python3.5/site-packages/parted/alignment.pyc</file><file>lib64/python3.5/site-packages/parted/cachedlist.pyc</file><file>lib64/python3.5/site-packages/parted/constraint.pyc</file><file>lib64/python3.5/site-packages/parted/decorators.pyc</file><file>lib64/python3.5/site-packages/parted/device.pyc</file><file>lib64/python3.5/site-packages/parted/disk.pyc</file><file>lib64/python3.5/site-packages/parted/filesystem.pyc</file><file>lib64/python3.5/site-packages/parted/geometry.pyc</file><file>lib64/python3.5/site-packages/parted/partition.pyc</file><file>lib64/python3.5/site-packages/urwid/__init__.pyc</file><file>lib64/python3.5/site-packages/urwid/canvas.pyc</file><file>lib64/python3.5/site-packages/urwid/command_map.pyc</file><file>lib64/python3.5/site-packages/urwid/compat.pyc</file><file>lib64/python3.5/site-packages/urwid/container.pyc</file><file>lib64/python3.5/site-packages/urwid/curses_display.pyc</file><file>lib64/python3.5/site-packages/urwid/decoration.pyc</file><file>lib64/python3.5/site-packages/urwid/display_common.pyc</file><file>lib64/python3.5/site-packages/urwid/escape.pyc</file><file>lib64/python3.5/site-packages/urwid/font.pyc</file><file>lib64/python3.5/site-packages/urwid/graphics.pyc</file><file>lib64/python3.5/site-packages/urwid/html_fragment.pyc</file><file>lib64/python3.5/site-packages/urwid/lcd_display.pyc</file><file>lib64/python3.5/site-packages/urwid/listbox.pyc</file><file>lib64/python3.5/site-packages/urwid/main_loop.pyc</file><file>lib64/python3.5/site-packages/urwid/monitored_list.pyc</file><file>lib64/python3.5/site-packages/urwid/old_str_util.pyc</file><file>lib64/python3.5/site-packages/urwid/raw_display.pyc</file><file>lib64/python3.5/site-packages/urwid/signals.pyc</file><file>lib64/python3.5/site-packages/urwid/split_repr.pyc</file><file>lib64/python3.5/site-packages/urwid/str_util.cpython-35m-x86_64-linux-gnu.so</file><file>lib64/python3.5/site-packages/urwid/tests.pyc</file><file>lib64/python3.5/site-packages/urwid/text_layout.pyc</file><file>lib64/python3.5/site-packages/urwid/treetools.pyc</file><file>lib64/python3.5/site-packages/urwid/util.pyc</file><file>lib64/python3.5/site-packages/urwid/version.pyc</file><file>lib64/python3.5/site-packages/urwid/vterm.pyc</file><file>lib64/python3.5/site-packages/urwid/vterm_test.pyc</file><file>lib64/python3.5/site-packages/urwid/web_display.pyc</file><file>lib64/python3.5/site-packages/urwid/widget.pyc</file><file>lib64/python3.5/site-packages/urwid/wimp.pyc</file><file>lib64/python3.5/site-packages/vmware/esx5update/Cmdline.pyc</file><file>lib64/python3.5/site-packages/vmware/esx5update/HostScanner.pyc</file><file>lib64/python3.5/site-packages/vmware/esx5update/IFace.pyc</file><file>lib64/python3.5/site-packages/vmware/esx5update/MetadataScanner.pyc</file><file>lib64/python3.5/site-packages/vmware/esx5update/VibScanner.pyc</file><file>lib64/python3.5/site-packages/vmware/esx5update/__init__.pyc</file><file>lib64/python3.5/site-packages/vmware/esximage/AcceptanceLevels.pyc</file><file>lib64/python3.5/site-packages/vmware/esximage/Addon.pyc</file><file>lib64/python3.5/site-packages/vmware/esximage/BaseImage.pyc</file><file>lib64/python3.5/site-packages/vmware/esximage/Bulletin.pyc</file><file>lib64/python3.5/site-packages/vmware/esximage/ComponentScanner.pyc</file><file>lib64/python3.5/site-packages/vmware/esximage/ConfigSchema.pyc</file><file>lib64/python3.5/site-packages/vmware/esximage/Database.pyc</file><file>lib64/python3.5/site-packages/vmware/esximage/Depot.pyc</file><file>lib64/python3.5/site-packages/vmware/esximage/DepotCollection.pyc</file><file>lib64/python3.5/site-packages/vmware/esximage/Downloader.pyc</file><file>lib64/python3.5/site-packages/vmware/esximage/Errors.pyc</file><file>lib64/python3.5/site-packages/vmware/esximage/HostImage.pyc</file><file>lib64/python3.5/site-packages/vmware/esximage/ImageManager/Constants.pyc</file><file>lib64/python3.5/site-packages/vmware/esximage/ImageManager/DepotMgr.pyc</file><file>lib64/python3.5/site-packages/vmware/esximage/ImageManager/Scanner.pyc</file><file>lib64/python3.5/site-packages/vmware/esximage/ImageManager/SoftwareSpecMgr.pyc</file><file>lib64/python3.5/site-packages/vmware/esximage/ImageManager/StagingArea.pyc</file><file>lib64/python3.5/site-packages/vmware/esximage/ImageManager/Utils.pyc</file><file>lib64/python3.5/site-packages/vmware/esximage/ImageManager/__init__.pyc</file><file>lib64/python3.5/site-packages/vmware/esximage/ImageProfile.pyc</file><file>lib64/python3.5/site-packages/vmware/esximage/Installer/BootBankInstaller.pyc</file><file>lib64/python3.5/site-packages/vmware/esximage/Installer/IsoImageInstaller.pyc</file><file>lib64/python3.5/site-packages/vmware/esximage/Installer/LiveImageInstaller.pyc</file><file>lib64/python3.5/site-packages/vmware/esximage/Installer/LockerInstaller.pyc</file><file>lib64/python3.5/site-packages/vmware/esximage/Installer/__init__.pyc</file><file>lib64/python3.5/site-packages/vmware/esximage/Manifest.pyc</file><file>lib64/python3.5/site-packages/vmware/esximage/Metadata.pyc</file><file>lib64/python3.5/site-packages/vmware/esximage/OfflineBundle.pyc</file><file>lib64/python3.5/site-packages/vmware/esximage/ReleaseCollection.pyc</file><file>lib64/python3.5/site-packages/vmware/esximage/ReleaseUnit.pyc</file><file>lib64/python3.5/site-packages/vmware/esximage/Scan.pyc</file><file>lib64/python3.5/site-packages/vmware/esximage/Solution.pyc</file><file>lib64/python3.5/site-packages/vmware/esximage/Transaction.pyc</file><file>lib64/python3.5/site-packages/vmware/esximage/Utils/ArFile.pyc</file><file>lib64/python3.5/site-packages/vmware/esximage/Utils/BootCfg.pyc</file><file>lib64/python3.5/site-packages/vmware/esximage/Utils/EsxGzip.pyc</file><file>lib64/python3.5/site-packages/vmware/esximage/Utils/HashedStream.pyc</file><file>lib64/python3.5/site-packages/vmware/esximage/Utils/HostInfo.pyc</file><file>lib64/python3.5/site-packages/vmware/esximage/Utils/IndexedDict.pyc</file><file>lib64/python3.5/site-packages/vmware/esximage/Utils/LockFile.pyc</file><file>lib64/python3.5/site-packages/vmware/esximage/Utils/Misc.pyc</file><file>lib64/python3.5/site-packages/vmware/esximage/Utils/PathUtils.pyc</file><file>lib64/python3.5/site-packages/vmware/esximage/Utils/Proxy.pyc</file><file>lib64/python3.5/site-packages/vmware/esximage/Utils/Ramdisk.pyc</file><file>lib64/python3.5/site-packages/vmware/esximage/Utils/VmTar.pyc</file><file>lib64/python3.5/site-packages/vmware/esximage/Utils/XmlUtils.pyc</file><file>lib64/python3.5/site-packages/vmware/esximage/Utils/__init__.pyc</file><file>lib64/python3.5/site-packages/vmware/esximage/Version.pyc</file><file>lib64/python3.5/site-packages/vmware/esximage/Vib.pyc</file><file>lib64/python3.5/site-packages/vmware/esximage/VibCollection.pyc</file><file>lib64/python3.5/site-packages/vmware/esximage/__init__.pyc</file><file>usr/lib/hostprofiles/plugins/systemCache/__init__.py</file><file>usr/lib/hostprofiles/plugins/systemCache/caching.py</file><file>usr/lib/vmware/esxupdate/systemStorage.zip</file><file>usr/lib/vmware/save_vmfs.py</file><file>usr/lib/vmware/tpm/etc/policies/esxupdate.pol</file><file>usr/lib/vmware/weasel/EULA</file><file>usr/lib/vmware/weasel/__init__.py</file><file>usr/lib/vmware/weasel/applychoices.py</file><file>usr/lib/vmware/weasel/boot_cmdline.py</file><file>usr/lib/vmware/weasel/boot_option.py</file><file>usr/lib/vmware/weasel/cache.py</file><file>usr/lib/vmware/weasel/console_install.py</file><file>usr/lib/vmware/weasel/consoleui/__init__.py</file><file>usr/lib/vmware/weasel/consoleui/abort_dialog.py</file><file>usr/lib/vmware/weasel/consoleui/complete_dialog.py</file><file>usr/lib/vmware/weasel/consoleui/confirm_dialog.py</file><file>usr/lib/vmware/weasel/consoleui/consts.py</file><file>usr/lib/vmware/weasel/consoleui/core/__init__.py</file><file>usr/lib/vmware/weasel/consoleui/core/confirm_reboot_dialog.py</file><file>usr/lib/vmware/weasel/consoleui/core/console_exceptions.py</file><file>usr/lib/vmware/weasel/consoleui/core/dialogs.py</file><file>usr/lib/vmware/weasel/consoleui/core/dispatcher.py</file><file>usr/lib/vmware/weasel/consoleui/core/display.py</file><file>usr/lib/vmware/weasel/consoleui/core/error_dialogs.py</file><file>usr/lib/vmware/weasel/consoleui/core/install.py</file><file>usr/lib/vmware/weasel/consoleui/core/reboot_dialog.py</file><file>usr/lib/vmware/weasel/consoleui/devices_confirmation_dialog.py</file><file>usr/lib/vmware/weasel/consoleui/devices_dialog.py</file><file>usr/lib/vmware/weasel/consoleui/eula_dialog.py</file><file>usr/lib/vmware/weasel/consoleui/install_steps.py</file><file>usr/lib/vmware/weasel/consoleui/keyboard_dialog.py</file><file>usr/lib/vmware/weasel/consoleui/partition_table_corrupt_dialog.py</file><file>usr/lib/vmware/weasel/consoleui/password_dialog.py</file><file>usr/lib/vmware/weasel/consoleui/warnerr_dialog.py</file><file>usr/lib/vmware/weasel/consoleui/welcome_dialog.py</file><file>usr/lib/vmware/weasel/consoleui/write_dialog.py</file><file>usr/lib/vmware/weasel/consts.py</file><file>usr/lib/vmware/weasel/datastore.py</file><file>usr/lib/vmware/weasel/dd.py</file><file>usr/lib/vmware/weasel/debugging.py</file><file>usr/lib/vmware/weasel/devices.py</file><file>usr/lib/vmware/weasel/esxlicense.py</file><file>usr/lib/vmware/weasel/exception.py</file><file>usr/lib/vmware/weasel/featureSwitch.py</file><file>usr/lib/vmware/weasel/fsset.py</file><file>usr/lib/vmware/weasel/keyboard.py</file><file>usr/lib/vmware/weasel/log.py</file><file>usr/lib/vmware/weasel/main.py</file><file>usr/lib/vmware/weasel/migrate/__init__.py</file><file>usr/lib/vmware/weasel/migrate/base.py</file><file>usr/lib/vmware/weasel/networking/__init__.py</file><file>usr/lib/vmware/weasel/networking/gateway.py</file><file>usr/lib/vmware/weasel/networking/host_config.py</file><file>usr/lib/vmware/weasel/networking/networking_base.py</file><file>usr/lib/vmware/weasel/networking/utils.py</file><file>usr/lib/vmware/weasel/networking/vmknic_functions.py</file><file>usr/lib/vmware/weasel/partition.py</file><file>usr/lib/vmware/weasel/process_end.py</file><file>usr/lib/vmware/weasel/remote_files.py</file><file>usr/lib/vmware/weasel/script.py</file><file>usr/lib/vmware/weasel/scripted/__init__.py</file><file>usr/lib/vmware/weasel/scripted/cursed_ui.py</file><file>usr/lib/vmware/weasel/scripted/grammar.py</file><file>usr/lib/vmware/weasel/scripted/kickstartfile.py</file><file>usr/lib/vmware/weasel/scripted/preparser.py</file><file>usr/lib/vmware/weasel/scripted/ui.py</file><file>usr/lib/vmware/weasel/scripted/util.py</file><file>usr/lib/vmware/weasel/task_progress.py</file><file>usr/lib/vmware/weasel/thin_partitions.py</file><file>usr/lib/vmware/weasel/upgrade.py</file><file>usr/lib/vmware/weasel/usbmedia.py</file><file>usr/lib/vmware/weasel/userchoices.py</file><file>usr/lib/vmware/weasel/users.py</file><file>usr/lib/vmware/weasel/util/__init__.py</file><file>usr/lib/vmware/weasel/util/_util.py</file><file>usr/lib/vmware/weasel/util/completion_msg.py</file><file>usr/lib/vmware/weasel/util/diskfilter.py</file><file>usr/lib/vmware/weasel/util/nominal_install.py</file><file>usr/lib/vmware/weasel/util/regexlocator.py</file><file>usr/lib/vmware/weasel/util/singleton.py</file><file>usr/lib/vmware/weasel/util/units.py</file><file>usr/lib/vmware/weasel/util/upgrade_precheck.py</file><file>usr/lib/vmware/weasel/visor_cdrom.py</file><file>usr/lib/vmware/weasel/workarounds/__init__.py</file><file>usr/lib/vmware/weasel/workarounds/scripts.py</file><file>usr/share/certs/vmpartner.cert</file><file>usr/share/certs/vmpartner.crl</file><file>usr/share/certs/vmware.cert</file><file>usr/share/esximage/schemas/bulletin-xml.rng</file><file>usr/share/esximage/schemas/component-xml.rng</file><file>usr/share/esximage/schemas/imageprofile.rng</file><file>usr/share/esximage/schemas/vib20-common.rng</file><file>usr/share/esximage/schemas/vib20-extensibility.rng</file><file>usr/share/esximage/schemas/vib20-metadata.rng</file><file>usr/share/syslinux/gptmbr.bin</file><file>usr/share/syslinux/mbr.bin</file><file>usr/share/weasel/s.sigblob</file><file>usr/share/weasel/sb.sigblob</file><file>usr/share/weasel/vim.sigblob</file><file>usr/share/weasel/vmx.sigblob</file><file>var/lib/initenvs/installer/EnableXZip</file><file>var/lib/initenvs/installer/chkconfig/disabled/gstored</file><file>var/lib/initenvs/installer/chkconfig/disabled/hostd</file><file>var/lib/initenvs/installer/chkconfig/disabled/hostdCgiServer</file><file>var/lib/initenvs/installer/chkconfig/disabled/lsud</file><file>var/lib/initenvs/installer/chkconfig/disabled/nfcd</file><file>var/lib/initenvs/installer/chkconfig/disabled/sfcbd</file><file>var/lib/initenvs/installer/chkconfig/disabled/sfcbd-watchdog</file><file>var/lib/initenvs/installer/chkconfig/disabled/slpd</file><file>var/lib/initenvs/installer/chkconfig/disabled/smartd</file><file>var/lib/initenvs/installer/chkconfig/disabled/snmpd</file><file>var/lib/initenvs/installer/chkconfig/disabled/storageRM</file><file>var/lib/initenvs/installer/chkconfig/disabled/usbarbitrator</file><file>var/lib/initenvs/installer/chkconfig/disabled/vmfstraced</file><file>var/lib/initenvs/installer/chkconfig/disabled/vobd</file><file>var/lib/initenvs/installer/chkconfig/disabled/vpxa</file><file>var/lib/initenvs/installer/chkconfig/disabled/wsman</file><file>var/lib/initenvs/installer/jumpstart/disabled/auto-configure-pmem</file><file>var/lib/initenvs/installer/jumpstart/disabled/auto-partition</file><file>var/lib/initenvs/installer/jumpstart/disabled/crond</file><file>var/lib/initenvs/installer/jumpstart/disabled/dump-partition</file><file>var/lib/initenvs/installer/jumpstart/disabled/vfat</file><file>var/lib/initenvs/installer/jumpstart/disabled/vmfs</file></file-list><acceptance-level>certified</acceptance-level><live-install-allowed>false</live-install-allowed><live-remove-allowed>false</live-remove-allowed><cimom-restart>false</cimom-restart><stateless-ready>true</stateless-ready><overlay>false</overlay><payloads><payload name="esxupdt" type="vgz" size="379876"><checksum checksum-type="sha-256" verify-process="gunzip">2610be4fea263692b15a81369445a1168d012d85e8a780b6bb1e9567edf24827</checksum><checksum checksum-type="sha-256">6e24265bc14ed17f9f2740d31839440c8b40b1373d9854ef516b00a9d2e03f1e</checksum><checksum checksum-type="sha-1" verify-process="gunzip">4f4303e8748c45c9da35f40b2555c54f95bd17d0</checksum></payload><payload name="tpmesxup" type="vgz" size="6064"><checksum checksum-type="sha-256" verify-process="gunzip">70a950639276a04346c9eb2dcfb3d98e275bdfbec75d8e1530311aabc60261cd</checksum><checksum checksum-type="sha-256">a40679b64e5abb68835dd5b6519a0e3930192fb9bb212df70442b43d5c20e56b</checksum><checksum checksum-type="sha-1" verify-process="gunzip">b7e25cb5db327e3ade6230c9d5be663c02982b9b</checksum></payload><payload name="weaselin" type="vgz" size="1076463"><checksum checksum-type="sha-256" verify-process="gunzip">202e661474505247d455e6f91b6f8f03145f04bf027510dee09a54e1f817eb09</checksum><checksum checksum-type="sha-256">07a94ab5472093e0f3e2102dac6cb1089bcfde856bf38d07ed563e7bf644e2c5</checksum><checksum checksum-type="sha-1" verify-process="gunzip">672f42cb0df323f5abac1a28f3e99f8473c2979e</checksum></payload></payloads></vib>