<vib version="5.0"><type>bootbank</type><name>fc-enablement</name><version>700.3.5.0.40-1OEM.700.0.0.15525992</version><vendor>HPE</vendor><summary>Fiber Channel and Storage Enablement Package for ESXi</summary><description>Fiber Channel and Storage Enablement Package for ESXi</description><release-date>2020-02-26T03:05:25.124202+00:00</release-date><urls/><relationships><depends><constraint name="esx-version" relation="&gt;=" version="7.0.0"/><constraint name="esx-version" relation="&lt;&lt;" version="7.1.0"/></depends><conflicts/><replaces><constraint name="hp-esxi-fc-enablement"/><constraint name="hpe-esxi-fc-enablement"/></replaces><provides/><compatibleWith/></relationships><software-tags/><relative-path>vib20/fc-enablement/HPE_bootbank_fc-enablement_700.3.5.0.40-1OEM.700.0.0.15525992.vib</relative-path><packed-size>6695576</packed-size><checksum checksum-type="sha-256">f101c56f2bda1085a0291a0fb6039749431c13f28378bb037a7d3935330db8f3</checksum><system-requires><maintenance-mode>false</maintenance-mode></system-requires><file-list><file>etc/init.d/fchbaen.sh</file><file>opt/fcen64/libbrcmdfc.so</file><file>opt/fcen64/libbrcmemsdm.so</file><file>opt/fcen64/libdfc.so</file><file>opt/fcen64/libemsdm.so</file><file>opt/fcen64/libqlsdm-x86_64.so</file><file>opt/fcen64/libqrlapi.so</file><file>opt/fcen64/libstorelib.so.07.1302.0100.0000</file><file>opt/fcen64/storlib.conf</file></file-list><acceptance-level>partner</acceptance-level><live-install-allowed>false</live-install-allowed><live-remove-allowed>false</live-remove-allowed><cimom-restart>false</cimom-restart><stateless-ready>true</stateless-ready><overlay>false</overlay><payloads><payload name="stage" type="vgz" size="6687567"><checksum checksum-type="sha-256" verify-process="gunzip">3614d93a2d053c0cf060d579eeaf93f4099b710c7ef7a848627d7bb032588673</checksum><checksum checksum-type="sha-256">59bc8da0faac2acaa74b9ca83d9f935e291af4313fe6f3827e5a035021b0bcdd</checksum><checksum checksum-type="sha-1" verify-process="gunzip">043e517f2654ca6a6f13eb66cf4584fd4aebb025</checksum></payload></payloads></vib>