<vib version="5.0"><type>bootbank</type><name>hpessacli</name><version>4.18.1.0-7.0.0.15525992.hpe</version><vendor>HPE</vendor><summary>Smart Storage Administrator CLI for ESXi</summary><description>Smart Storage Administrator CLI for ESXi</description><release-date>2020-03-04T16:35:38.842560+00:00</release-date><urls/><relationships><depends><constraint name="esx-version" relation="&gt;=" version="7.0.0"/><constraint name="esx-version" relation="&lt;&lt;" version="7.1.0"/></depends><conflicts/><replaces><constraint name="ssacli"/><constraint name="hpssacli"/><constraint name="pmcssacli"/></replaces><provides/><compatibleWith/></relationships><software-tags/><relative-path>vib20/hpessacli/HPE_bootbank_hpessacli_4.18.1.0-7.0.0.15525992.hpe.vib</relative-path><packed-size>7199538</packed-size><checksum checksum-type="sha-256">c3df020410c6a2511b6e5bc1e48fb8b4e371da4577d2cd29fd7b09f68e17efeb</checksum><system-requires><maintenance-mode>false</maintenance-mode></system-requires><file-list><file>opt/smartstorageadmin/ssacli/bin/ssacli</file><file>opt/smartstorageadmin/ssacli/bin/ssacli_esx</file><file>opt/smartstorageadmin/ssacli/bin/ssacli_ret</file><file>usr/lib/vmware/esxcli/ext/esxcli-ssacli.xml</file></file-list><acceptance-level>partner</acceptance-level><live-install-allowed>false</live-install-allowed><live-remove-allowed>false</live-remove-allowed><cimom-restart>false</cimom-restart><stateless-ready>true</stateless-ready><overlay>false</overlay><payloads><payload name="ssacli" type="vgz" size="7191693"><checksum checksum-type="sha-256" verify-process="gunzip">650233c8ea27f9b5faf16ec9528fe90b06003241afc1935f359020bcca3be4ce</checksum><checksum checksum-type="sha-256">0fc66018d0315da52379bcdd93efeb1bdf121042f54f25edced9ce954ec131c5</checksum><checksum checksum-type="sha-1" verify-process="gunzip">42bf8744d8acb4010a573b51d7066ed96e2048bc</checksum></payload></payloads></vib>