<vib version="5.0"><type>bootbank</type><name>hponcfg</name><version>700.10.5.0.25-7.0.0.15525992</version><vendor>HPE</vendor><summary>Lights-Out Configuration Utility for ESXi</summary><description>Lights-Out Configuration Utility for ESXi</description><release-date>2020-03-02T01:55:38.546420+00:00</release-date><urls><url key="General info">http://www.example.com</url></urls><relationships><depends><constraint name="esx-version" relation="&gt;=" version="7.0.0"/><constraint name="esx-version" relation="&lt;&lt;" version="7.1.0"/><constraint name="uwglibc64-2.12.2-1"/><constraint name="libvmkuser-7.0.0-1"/><constraint name="uwvmkcall-7.0.0-1"/><constraint name="vmkapi_2_6_0_0"/></depends><conflicts/><replaces/><provides/><compatibleWith/></relationships><software-tags/><relative-path>vib20/hponcfg/HPE_bootbank_hponcfg_700.10.5.0.25-7.0.0.15525992.vib</relative-path><packed-size>71928</packed-size><checksum checksum-type="sha-256">c0e9f5dcf7318924aab77ae40ac83b06539f3b72b26c731d0f7e6009b81ebfac</checksum><system-requires><maintenance-mode>false</maintenance-mode></system-requires><file-list><file>opt/tools/hponcfg</file></file-list><acceptance-level>partner</acceptance-level><live-install-allowed>true</live-install-allowed><live-remove-allowed>true</live-remove-allowed><cimom-restart>false</cimom-restart><stateless-ready>true</stateless-ready><overlay>false</overlay><payloads><payload name="stage" type="vgz" size="64163"><checksum checksum-type="sha-256" verify-process="gunzip">9c8e755387b8dc378f136967e8450131ffcd7e88aebfc8b866f8dbb435ab2971</checksum><checksum checksum-type="sha-256">529e5e5e580843a6f27ce36e6d6481d508b7a748e47124bb47bb7304580033eb</checksum><checksum checksum-type="sha-1" verify-process="gunzip">7412dee89ed2c3771bbb883b92fa8a381a01d9e9</checksum></payload></payloads></vib>