<vib version="5.0"><type>bootbank</type><name>i40en</name><version>1.8.1.16-1vmw.700.1.0.15843807</version><vendor>VMW</vendor><summary>VMware Esx VIB</summary><description>Experimental native i40en network driver for VMware ESXi</description><release-date>2020-03-16T09:39:54.205407+00:00</release-date><urls/><relationships><depends><constraint name="vmkapi_2_6_0_0"/></depends><conflicts/><replaces/><provides/><compatibleWith/></relationships><software-tags><tag>RestrictStickyFiles</tag><tag>PCIID 80861572</tag><tag>PCIID 80861580</tag><tag>PCIID 80861581</tag><tag>PCIID 80861583</tag><tag>PCIID 80861584</tag><tag>PCIID 80861585</tag><tag>PCIID 80861586</tag><tag>PCIID 80861589</tag><tag>PCIID 8086158a</tag><tag>PCIID 8086158b</tag><tag>PCIID 808615ff</tag><tag>PCIID 808637cc</tag><tag>PCIID 808637ce</tag><tag>PCIID 808637cf</tag><tag>PCIID 808637d0</tag><tag>PCIID 808637d1</tag><tag>PCIID 808637d2</tag><tag>PCIID 808637d3</tag><tag>module</tag><tag>driver</tag></software-tags><relative-path>vib20/i40en/VMW_bootbank_i40en_1.8.1.16-1vmw.700.1.0.15843807.vib</relative-path><packed-size>191408</packed-size><checksum checksum-type="sha-256">6551a1dd220203872b074b53b15b8c8584bda5c7948fd268de594167565e6dbb</checksum><system-requires><maintenance-mode>true</maintenance-mode></system-requires><file-list><file>etc/vmware/default.map.d/i40en.map</file><file>usr/lib/vmware/vmkmod/i40en</file><file>usr/share/hwdata/default.pciids.d/i40en.ids</file></file-list><acceptance-level>certified</acceptance-level><live-install-allowed>false</live-install-allowed><live-remove-allowed>false</live-remove-allowed><cimom-restart>false</cimom-restart><stateless-ready>true</stateless-ready><overlay>false</overlay><payloads><payload name="i40en" type="vgz" size="185932"><checksum checksum-type="sha-256" verify-process="gunzip">0819cd15210196a72e7f36ce78d125ae035e330ce2bffe232b7be6b65ca1f10f</checksum><checksum checksum-type="sha-256">b5815afe73cf8ad3a12db691bafb222b29ca177ba7af4bd5829b4451cb160345</checksum><checksum checksum-type="sha-1" verify-process="gunzip">14b505e93bdb612ca246e3091360846a12eab72d</checksum></payload></payloads></vib>