<vib version="5.0"><type>bootbank</type><name>i40iwn</name><version>1.1.2.5-1vmw.700.1.0.15843807</version><vendor>VMW</vendor><summary>VMware Esx VIB</summary><description>Native i40iwn RDMA driver for VMware ESXi</description><release-date>2020-03-16T09:39:54.229020+00:00</release-date><urls/><relationships><depends><constraint name="vmkapi_2_6_0_0"/></depends><conflicts/><replaces/><provides/><compatibleWith/></relationships><software-tags><tag>RestrictStickyFiles</tag><tag>module</tag><tag>driver</tag></software-tags><relative-path>vib20/i40iwn/VMW_bootbank_i40iwn_1.1.2.5-1vmw.700.1.0.15843807.vib</relative-path><packed-size>168378</packed-size><checksum checksum-type="sha-256">a63ff688e9e44c6cb8fd024c1d0d98eb34c34a6a902de8f3cd37e73431b50607</checksum><system-requires><maintenance-mode>true</maintenance-mode></system-requires><file-list><file>etc/vmware/default.map.d/i40iwn.map</file><file>usr/lib/vmware/vmkmod/i40iwn</file></file-list><acceptance-level>certified</acceptance-level><live-install-allowed>false</live-install-allowed><live-remove-allowed>false</live-remove-allowed><cimom-restart>false</cimom-restart><stateless-ready>true</stateless-ready><overlay>false</overlay><payloads><payload name="i40iwn" type="vgz" size="163419"><checksum checksum-type="sha-256" verify-process="gunzip">57abdb8b2ab78b5c1e644ded46f61fe17999af63a3f1adc702deebd046f4f5fa</checksum><checksum checksum-type="sha-256">176886df7a3c5153522596441ea087f4a8e6cc735b2e05ed208836ea67e6f2d0</checksum><checksum checksum-type="sha-1" verify-process="gunzip">60bd2ae5aaf1ec586dc263ec2cd0acfd39e98949</checksum></payload></payloads></vib>