<vib version="5.0"><type>bootbank</type><name>iavmd</name><version>2.0.0.1055-3vmw.700.1.0.15843807</version><vendor>VMW</vendor><summary>VMware Esx VIB</summary><description>Intel NVME Driver with VMD Technology</description><release-date>2020-03-16T09:39:53.309374+00:00</release-date><urls/><relationships><depends><constraint name="vmkapi_2_5_0_0"/><constraint name="vmkapi_2_6_0_0"/></depends><conflicts/><replaces/><provides/><compatibleWith/></relationships><software-tags><tag>RestrictStickyFiles</tag><tag>PCIID 8086201d</tag><tag>PCIID 808628c0</tag><tag>module</tag><tag>driver</tag></software-tags><relative-path>vib20/iavmd/VMW_bootbank_iavmd_2.0.0.1055-3vmw.700.1.0.15843807.vib</relative-path><packed-size>66216</packed-size><checksum checksum-type="sha-256">660f24a44389b4bc093569dc11cc1bcfd9b158b9458cf2e617fdd103cd0933e0</checksum><system-requires><maintenance-mode>false</maintenance-mode></system-requires><file-list><file>etc/vmware/ihv.map.d/iavmd.map</file><file>usr/lib/vmware/vmkmod/iavmd</file><file>usr/share/hwdata/ihv.pciids.d/iavmd.ids</file></file-list><acceptance-level>certified</acceptance-level><live-install-allowed>false</live-install-allowed><live-remove-allowed>false</live-remove-allowed><cimom-restart>false</cimom-restart><stateless-ready>true</stateless-ready><overlay>false</overlay><payloads><payload name="iavmd" type="vgz" size="61127"><checksum checksum-type="sha-256" verify-process="gunzip">d7ad8ce51c6bb1618778b9c234c96bc5a48298d231d27e0ae284a68bee267183</checksum><checksum checksum-type="sha-256">7e4aacf2daf6e393a898d8cb3c7f489d31519a8e1eaaa8c29bf64673dc634feb</checksum><checksum checksum-type="sha-1" verify-process="gunzip">02c02f2ae134942f9167a23745141eda819c4204</checksum></payload></payloads></vib>