<vib version="5.0"><type>bootbank</type><name>igbn</name><version>0.1.1.0-6vmw.700.1.0.15843807</version><vendor>VMW</vendor><summary>VMware Esx VIB</summary><description>Native igbn network driver for VMware ESXi</description><release-date>2020-03-16T09:39:54.180119+00:00</release-date><urls/><relationships><depends><constraint name="vmkapi_2_6_0_0"/></depends><conflicts/><replaces/><provides/><compatibleWith/></relationships><software-tags><tag>RestrictStickyFiles</tag><tag>PCIID 8086150e</tag><tag>PCIID 8086150e808612a1</tag><tag>PCIID 8086150e808612a2</tag><tag>PCIID 8086150f</tag><tag>PCIID 80861510</tag><tag>PCIID 80861511</tag><tag>PCIID 80861516</tag><tag>PCIID 80861516808612b1</tag><tag>PCIID 80861516808612b2</tag><tag>PCIID 80861521</tag><tag>PCIID 80861521102804cf</tag><tag>PCIID 8086152110280602</tag><tag>PCIID 8086152110281f60</tag><tag>PCIID 8086152110281f62</tag><tag>PCIID 8086152110281f73</tag><tag>PCIID 8086152110281f9a</tag><tag>PCIID 80861521103c17d1</tag><tag>PCIID 80861521103c2003</tag><tag>PCIID 80861521103c2226</tag><tag>PCIID 80861521103c337f</tag><tag>PCIID 80861521103c3380</tag><tag>PCIID 80861521103c339e</tag><tag>PCIID 80861521103c8157</tag><tag>PCIID 80861521108e7b16</tag><tag>PCIID 80861521108e7b18</tag><tag>PCIID 8086152117aa1074</tag><tag>PCIID 8086152180860001</tag><tag>PCIID 8086152180860002</tag><tag>PCIID 80861521808600a1</tag><tag>PCIID 80861521808600a2</tag><tag>PCIID 8086152180865001</tag><tag>PCIID 8086152180865002</tag><tag>PCIID 80861522</tag><tag>PCIID 80861522108e7b17</tag><tag>PCIID 80861522108e7b19</tag><tag>PCIID 8086152280860003</tag><tag>PCIID 8086152280860004</tag><tag>PCIID 8086152280860005</tag><tag>PCIID 80861522808600a3</tag><tag>PCIID 80861522808600a4</tag><tag>PCIID 80861523</tag><tag>PCIID 8086152310280660</tag><tag>PCIID 8086152310281f9b</tag><tag>PCIID 80861523103c18d1</tag><tag>PCIID 80861523103c1989</tag><tag>PCIID 80861523103c339f</tag><tag>PCIID 8086152380861f52</tag><tag>PCIID 80861524</tag><tag>PCIID 80861527</tag><tag>PCIID 8086152780860001</tag><tag>PCIID 8086152780860002</tag><tag>PCIID 80861533</tag><tag>PCIID 80861533103c0003</tag><tag>PCIID 8086153380860001</tag><tag>PCIID 8086153380860002</tag><tag>PCIID 80861536</tag><tag>PCIID 80861538</tag><tag>PCIID 80861539</tag><tag>PCIID 8086157b</tag><tag>PCIID 8086157c</tag><tag>PCIID 80861f40</tag><tag>PCIID 80861f40102805f1</tag><tag>PCIID 80861f41</tag><tag>PCIID 80861f45</tag><tag>module</tag><tag>driver</tag></software-tags><relative-path>vib20/igbn/VMW_bootbank_igbn_0.1.1.0-6vmw.700.1.0.15843807.vib</relative-path><packed-size>103508</packed-size><checksum checksum-type="sha-256">49093e4afc36ac6710cdf7ecfe399135af41e78c5c1992461c28e4a353aadc1f</checksum><system-requires><maintenance-mode>true</maintenance-mode></system-requires><file-list><file>etc/vmware/default.map.d/igbn.map</file><file>usr/lib/vmware/vmkmod/igbn</file><file>usr/share/hwdata/default.pciids.d/igbn.ids</file></file-list><acceptance-level>certified</acceptance-level><live-install-allowed>false</live-install-allowed><live-remove-allowed>false</live-remove-allowed><cimom-restart>false</cimom-restart><stateless-ready>true</stateless-ready><overlay>false</overlay><payloads><payload name="igbn" type="vgz" size="96541"><checksum checksum-type="sha-256" verify-process="gunzip">93d528a0488b9d0bdeef1bd62a44ffff8e20c296dfa17a916b9aff5107b86345</checksum><checksum checksum-type="sha-256">45065ee9577992f7e2b1fc63ff3126eb6746fed1876e9084c7bb372f4088227e</checksum><checksum checksum-type="sha-1" verify-process="gunzip">bfd6bc55210861d1d5600a14a472fc279450041d</checksum></payload></payloads></vib>