<vib version="5.0"><type>bootbank</type><name>ilo</name><version>700.10.1.0.16-1OEM.700.0.0.14828939</version><vendor>HPE</vendor><summary>VMware Esx VIB</summary><description>ilo driver for vmkernel</description><release-date>2019-12-17T15:04:30.217112+00:00</release-date><urls/><relationships><depends><constraint name="vmkapi_2_6_0_0"/></depends><conflicts/><replaces><constraint name="hpe-ilo"/><constraint name="char-hpilo"/><constraint name="oem-vmware-esx-drivers-char-hpilo"/></replaces><provides/><compatibleWith/></relationships><software-tags><tag>PCIID 103c3307103c3381</tag><tag>PCIID 103c3307159000e4</tag><tag>module</tag><tag>driver</tag></software-tags><relative-path>vib20/ilo/HPE_bootbank_ilo_700.10.1.0.16-1OEM.700.0.0.14828939.vib</relative-path><packed-size>17140</packed-size><checksum checksum-type="sha-256">9ca81b741f5e5bf423502c6bdd70a73d5205b657ee0d57c6edf1615efafa412f</checksum><system-requires><maintenance-mode>true</maintenance-mode></system-requires><file-list><file>etc/vmware/default.map.d/ilo.map</file><file>usr/lib/vmware/vmkmod/ilo</file><file>usr/share/hwdata/default.pciids.d/ilo.ids</file></file-list><acceptance-level>partner</acceptance-level><live-install-allowed>false</live-install-allowed><live-remove-allowed>false</live-remove-allowed><cimom-restart>false</cimom-restart><stateless-ready>true</stateless-ready><overlay>false</overlay><payloads><payload name="ilo" type="vgz" size="9382"><checksum checksum-type="sha-256" verify-process="gunzip">1da8081035c98e88e9b491df5586a0153bb6d57e8a4b18d16aa7106169a8537d</checksum><checksum checksum-type="sha-256">1cb0991a963a0ab2d935568b1626d3ea852751c05b3799523421fd530e8ceb61</checksum><checksum checksum-type="sha-1" verify-process="gunzip">49dcc0148b9fc4ffb17119b9b5dea1141260c429</checksum></payload></payloads></vib>