<vib version="5.0"><type>bootbank</type><name>iser</name><version>1.1.0.0-1vmw.700.1.0.15843807</version><vendor>VMW</vendor><summary>VMware Esx VIB</summary><description>VMware Native iSER Driver</description><release-date>2020-03-16T09:39:53.734401+00:00</release-date><urls/><relationships><depends><constraint name="vmkapi_2_6_0_0"/></depends><conflicts/><replaces/><provides/><compatibleWith/></relationships><software-tags><tag>RestrictStickyFiles</tag><tag>module</tag><tag>driver</tag></software-tags><relative-path>vib20/iser/VMW_bootbank_iser_1.1.0.0-1vmw.700.1.0.15843807.vib</relative-path><packed-size>78014</packed-size><checksum checksum-type="sha-256">90789367b06577d001d089e0d0c226427e89e11306004acd58e926bc07f59ca3</checksum><system-requires><maintenance-mode>true</maintenance-mode></system-requires><file-list><file>etc/vmware/default.map.d/iser.map</file><file>usr/lib/vmware/vmkmod/iser</file></file-list><acceptance-level>certified</acceptance-level><live-install-allowed>false</live-install-allowed><live-remove-allowed>false</live-remove-allowed><cimom-restart>false</cimom-restart><stateless-ready>true</stateless-ready><overlay>false</overlay><payloads><payload name="iser" type="vgz" size="73079"><checksum checksum-type="sha-256" verify-process="gunzip">1f271ac8c9e0dab9501c044b0dd8953dc9b37f337787bd1cb43d2b9346d3727c</checksum><checksum checksum-type="sha-256">6ed5c8978e5ba393def2793c7048c63a4b47068d3459de856c5a69129fdd6595</checksum><checksum checksum-type="sha-1" verify-process="gunzip">fe34081f10869d9fb367387ea8b09f8078239017</checksum></payload></payloads></vib>