<vib version="5.0"><type>bootbank</type><name>ixgben</name><version>1.7.1.26-1vmw.700.1.0.15843807</version><vendor>VMW</vendor><summary>VMware Esx VIB</summary><description>Native ixgben network driver for VMware ESXi</description><release-date>2020-03-16T09:39:54.151493+00:00</release-date><urls/><relationships><depends><constraint name="vmkapi_2_6_0_0"/></depends><conflicts/><replaces/><provides/><compatibleWith/></relationships><software-tags><tag>RestrictStickyFiles</tag><tag>PCIID 808610f7</tag><tag>PCIID 808610f8</tag><tag>PCIID 808610f9</tag><tag>PCIID 808610fb</tag><tag>PCIID 808610fc</tag><tag>PCIID 80861507</tag><tag>PCIID 80861514</tag><tag>PCIID 80861517</tag><tag>PCIID 8086151c</tag><tag>PCIID 80861528</tag><tag>PCIID 8086154d</tag><tag>PCIID 80861557</tag><tag>PCIID 80861558</tag><tag>PCIID 80861560</tag><tag>PCIID 80861563</tag><tag>PCIID 808615aa</tag><tag>PCIID 808615ab</tag><tag>PCIID 808615ac</tag><tag>PCIID 808615ad</tag><tag>PCIID 808615ae</tag><tag>PCIID 808615c2</tag><tag>PCIID 808615c3</tag><tag>PCIID 808615c4</tag><tag>PCIID 808615c6</tag><tag>PCIID 808615c7</tag><tag>PCIID 808615c8</tag><tag>PCIID 808615ce</tag><tag>PCIID 808615d1</tag><tag>PCIID 808615e4</tag><tag>PCIID 808615e5</tag><tag>module</tag><tag>LINEAGE ixgbe</tag><tag>driver</tag></software-tags><relative-path>vib20/ixgben/VMW_bootbank_ixgben_1.7.1.26-1vmw.700.1.0.15843807.vib</relative-path><packed-size>167126</packed-size><checksum checksum-type="sha-256">af09bc23272b2553a39afaa7aebe4486812f0131071a1caf160e8f99af7792fc</checksum><system-requires><maintenance-mode>true</maintenance-mode></system-requires><file-list><file>etc/vmware/default.map.d/ixgben.map</file><file>usr/lib/vmware/vmkmod/ixgben</file><file>usr/share/hwdata/default.pciids.d/ixgben.ids</file></file-list><acceptance-level>certified</acceptance-level><live-install-allowed>false</live-install-allowed><live-remove-allowed>false</live-remove-allowed><cimom-restart>false</cimom-restart><stateless-ready>true</stateless-ready><overlay>false</overlay><payloads><payload name="ixgben" type="vgz" size="161331"><checksum checksum-type="sha-256" verify-process="gunzip">20facc98a6dc659188ae5f9b7fd97599e20ada4b31a967184b73aa3acd2917bd</checksum><checksum checksum-type="sha-256">06892a64697d490ddcaf5ce880eba58a6a9a31a27560e66495b1b455d2e18d5d</checksum><checksum checksum-type="sha-1" verify-process="gunzip">3f941345fb4e314fa7e7d6df1130d10ae5e3e4ac</checksum></payload></payloads></vib>