<vib version="5.0"><type>bootbank</type><name>loadesx</name><version>7.0.0-1.0.15843807</version><vendor>VMware</vendor><summary>Provides QuickBoot functionality.</summary><description>Provides functionalities to improve the ESXi reboot times.</description><release-date>2020-03-16T09:40:25.960658+00:00</release-date><urls/><relationships><depends><constraint name="esx-version" relation="&gt;=" version="7.0.0-1.0"/><constraint name="esx-version" relation="&lt;&lt;" version="7.0.0-1.1"/></depends><conflicts/><replaces/><provides/><compatibleWith/></relationships><software-tags><tag>RestrictStickyFiles</tag></software-tags><relative-path>vib20/loadesx/VMware_bootbank_loadesx_7.0.0-1.0.15843807.vib</relative-path><packed-size>18710</packed-size><checksum checksum-type="sha-256">57a04d2ef6d3f3a76d70b2c9c7aeab426b9e72cbb129aad6560b760d452dd8fc</checksum><system-requires><maintenance-mode>false</maintenance-mode></system-requires><file-list><file>lib64/python3.5/site-packages/loadesxLive/__init__.pyc</file><file>lib64/python3.5/site-packages/loadesxLive/common.pyc</file><file>lib64/python3.5/site-packages/loadesxLive/device.pyc</file><file>lib64/python3.5/site-packages/loadesxLive/driverList.pyc</file><file>lib64/python3.5/site-packages/loadesxLive/pciList.pyc</file><file>lib64/python3.5/site-packages/loadesxLive/platform.pyc</file><file>lib64/python3.5/site-packages/loadesxLive/platformList.pyc</file><file>lib64/python3.5/site-packages/loadesxLive/precheck.pyc</file><file>lib64/python3.5/site-packages/loadesxLive/secureBoot.pyc</file></file-list><acceptance-level>certified</acceptance-level><live-install-allowed>true</live-install-allowed><live-remove-allowed>true</live-remove-allowed><cimom-restart>false</cimom-restart><stateless-ready>true</stateless-ready><overlay>false</overlay><payloads><payload name="loadesx" type="vgz" size="13134"><checksum checksum-type="sha-256" verify-process="gunzip">44d2942923172d9d21bb43aabb97527ad47bbf50cc1bc3cad87176f9363437c2</checksum><checksum checksum-type="sha-256">c7739ab322095ccaac66aa9a00a02a9da7a26ae471a3e6742d81ffde1abc64b0</checksum><checksum checksum-type="sha-1" verify-process="gunzip">f91fc1cff9fbc04e5f23b82edc424074df03c6a2</checksum></payload></payloads></vib>