<vib version="5.0"><type>bootbank</type><name>lpfc</name><version>12.6.147.6-1OEM.700.0.0.14828939</version><vendor>EMU</vendor><summary>VMware Esx VIB</summary><description>Broadcom Emulex Connectivity Division FC and FCoE Driver</description><release-date>2019-11-23T10:59:36.584162+00:00</release-date><urls/><relationships><depends><constraint name="vmkapi_2_6_0_0"/></depends><conflicts/><replaces/><provides/><compatibleWith/></relationships><software-tags><tag>PCIID 10dfe100</tag><tag>PCIID 10dfe131</tag><tag>PCIID 10dfe180</tag><tag>PCIID 10dfe200</tag><tag>PCIID 10dfe260</tag><tag>PCIID 10dfe268</tag><tag>PCIID 10dfe300</tag><tag>PCIID 10dff015</tag><tag>PCIID 10dff100</tag><tag>PCIID 10dff180</tag><tag>PCIID 10dff400</tag><tag>PCIID 10dffc40</tag><tag>module</tag><tag>driver</tag></software-tags><relative-path>vib20/lpfc/EMU_bootbank_lpfc_12.6.147.6-1OEM.700.0.0.14828939.vib</relative-path><packed-size>812244</packed-size><checksum checksum-type="sha-256">1fb7bf14e5dce0341e6e2cbce5b976ea7937c85c8c8e4a98996aa541f06f9b54</checksum><system-requires><maintenance-mode>true</maintenance-mode></system-requires><file-list><file>etc/vmware/default.map.d/lpfc.map</file><file>usr/lib/vmware/vmkmod/lpfc</file><file>usr/share/hwdata/default.pciids.d/lpfc.ids</file></file-list><acceptance-level>certified</acceptance-level><live-install-allowed>false</live-install-allowed><live-remove-allowed>false</live-remove-allowed><cimom-restart>false</cimom-restart><stateless-ready>true</stateless-ready><overlay>false</overlay><payloads><payload name="lpfc" type="vgz" size="806950"><checksum checksum-type="sha-256" verify-process="gunzip">4b077d142df1971b1d41288ddb88b9cf833559013f3ee058bc30e7e92398e49e</checksum><checksum checksum-type="sha-256">ec560cbbd4564aeb1901fc5450bebdaa7c941af33a10deec60de907152d8c34b</checksum><checksum checksum-type="sha-1" verify-process="gunzip">318a2f65c9ee443689867417d9d7c379b112b5e7</checksum></payload></payloads></vib>