<vib version="5.0"><type>bootbank</type><name>lpnic</name><version>11.4.62.0-1vmw.700.1.0.15843807</version><vendor>VMW</vendor><summary>VMware Esx VIB</summary><description>Emulex OneConnect Network Driver</description><release-date>2020-03-16T09:39:53.586698+00:00</release-date><urls/><relationships><depends><constraint name="vmkapi_2_6_0_0"/></depends><conflicts/><replaces><constraint name="net-be2net"/></replaces><provides/><compatibleWith/></relationships><software-tags><tag>RestrictStickyFiles</tag><tag>PCIID 10dfe220</tag><tag>module</tag><tag>driver</tag></software-tags><relative-path>vib20/lpnic/VMW_bootbank_lpnic_11.4.62.0-1vmw.700.1.0.15843807.vib</relative-path><packed-size>185162</packed-size><checksum checksum-type="sha-256">a81519fb7d847a49103b045a031096eee9de545b10b0896f3048d78e8470946a</checksum><system-requires><maintenance-mode>true</maintenance-mode></system-requires><file-list><file>etc/vmware/default.map.d/lpnic.map</file><file>usr/lib/vmware/vmkmod/lpnic</file><file>usr/share/hwdata/default.pciids.d/lpnic.ids</file></file-list><acceptance-level>certified</acceptance-level><live-install-allowed>false</live-install-allowed><live-remove-allowed>false</live-remove-allowed><cimom-restart>false</cimom-restart><stateless-ready>true</stateless-ready><overlay>false</overlay><payloads><payload name="lpnic" type="vgz" size="180091"><checksum checksum-type="sha-256" verify-process="gunzip">ca92a962ef053ea4274c83fa6d2e9b5ad4b84a595baf3fde339b43489f9f06d0</checksum><checksum checksum-type="sha-256">9e2f6ab6dfca6f1ed65b3ff41d7d52d0376b4d29e0d1c06507f24da2302d2383</checksum><checksum checksum-type="sha-1" verify-process="gunzip">35cf864c9021189585477dd7812af3c8a5c06196</checksum></payload></payloads></vib>