<vib version="5.0"><type>bootbank</type><name>lsi-mr3</name><version>7.712.50.00-1vmw.700.1.0.15843807</version><vendor>VMW</vendor><summary>VMware Esx VIB</summary><description>Broadcom Native MegaRAID SAS driver for vmkernel</description><release-date>2020-03-16T09:39:53.337633+00:00</release-date><urls/><relationships><depends><constraint name="vmkapi_2_6_0_0"/></depends><conflicts/><replaces/><provides/><compatibleWith/></relationships><software-tags><tag>RestrictStickyFiles</tag><tag>PCIID 10000014</tag><tag>PCIID 1000001410281f3a</tag><tag>PCIID 1000001410281f3b</tag><tag>PCIID 1000001410281fd4</tag><tag>PCIID 100000141137020e</tag><tag>PCIID 100000141d490602</tag><tag>PCIID 100000141d490604</tag><tag>PCIID 100000141d490607</tag><tag>PCIID 10000015</tag><tag>PCIID 1000001510281f3c</tag><tag>PCIID 1000001510281f3d</tag><tag>PCIID 100000151d490503</tag><tag>PCIID 10000016</tag><tag>PCIID 1000001610281fc9</tag><tag>PCIID 1000001610281fca</tag><tag>PCIID 1000001610281fcb</tag><tag>PCIID 1000001610281fcc</tag><tag>PCIID 1000001610281fcd</tag><tag>PCIID 1000001610281fce</tag><tag>PCIID 1000001610281fcf</tag><tag>PCIID 1000001610281fd0</tag><tag>PCIID 1000001611370210</tag><tag>PCIID 1000001611370213</tag><tag>PCIID 1000001611703508</tag><tag>PCIID 100000161d490601</tag><tag>PCIID 100000161d490603</tag><tag>PCIID 10000017</tag><tag>PCIID 100000171cf27f00</tag><tag>PCIID 100000171d490500</tag><tag>PCIID 100000171d490502</tag><tag>PCIID 1000001780863528</tag><tag>PCIID 1000001780863529</tag><tag>PCIID 1000001b</tag><tag>PCIID 1000001b1d490605</tag><tag>PCIID 1000001c</tag><tag>PCIID 1000001c10543090</tag><tag>PCIID 1000001c1d490501</tag><tag>PCIID 10000052</tag><tag>PCIID 10000053</tag><tag>PCIID 1000005b</tag><tag>PCIID 1000005b10281f2d</tag><tag>PCIID 1000005b10281f2e</tag><tag>PCIID 1000005b10281f2f</tag><tag>PCIID 1000005b10281f30</tag><tag>PCIID 1000005b10281f31</tag><tag>PCIID 1000005b10281f33</tag><tag>PCIID 1000005b10281f34</tag><tag>PCIID 1000005b10281f35</tag><tag>PCIID 1000005b10281f37</tag><tag>PCIID 1000005b10281f38</tag><tag>PCIID 1000005d</tag><tag>PCIID 1000005d10281f41</tag><tag>PCIID 1000005d10281f42</tag><tag>PCIID 1000005d10281f43</tag><tag>PCIID 1000005d10281f47</tag><tag>PCIID 1000005d10281f48</tag><tag>PCIID 1000005d10281f49</tag><tag>PCIID 1000005d10281f4a</tag><tag>PCIID 1000005d10281f4d</tag><tag>PCIID 1000005d10281f4f</tag><tag>PCIID 1000005d10281f54</tag><tag>PCIID 1000005d10281fd1</tag><tag>PCIID 1000005d1d490600</tag><tag>PCIID 1000005d1d490608</tag><tag>PCIID 1000005d1d490609</tag><tag>PCIID 1000005f</tag><tag>PCIID 1000005f10281f44</tag><tag>PCIID 1000005f10281f4b</tag><tag>PCIID 1000005f10281f4c</tag><tag>PCIID 1000005f10281f4e</tag><tag>PCIID 1000007310281f4e</tag><tag>PCIID 1000007310281f50</tag><tag>PCIID 1000007310281f51</tag><tag>PCIID 1000007310281f52</tag><tag>PCIID 1000007310281f53</tag><tag>PCIID 100000ce</tag><tag>PCIID 100000ce1137020c</tag><tag>PCIID 100000cf</tag><tag>PCIID 100000cf1590022c</tag><tag>PCIID 100010e0</tag><tag>PCIID 100010e1</tag><tag>PCIID 100010e110281ae0</tag><tag>PCIID 100010e110281ae1</tag><tag>PCIID 100010e2</tag><tag>PCIID 100010e3</tag><tag>PCIID 100010e4</tag><tag>PCIID 100010e5</tag><tag>PCIID 100010e6</tag><tag>PCIID 100010e7</tag><tag>module</tag><tag>driver</tag></software-tags><relative-path>vib20/lsi-mr3/VMW_bootbank_lsi-mr3_7.712.50.00-1vmw.700.1.0.15843807.vib</relative-path><packed-size>103444</packed-size><checksum checksum-type="sha-256">a49aa445da89b64fb516ba7af92a4815b3b15ff1a76b24f0a79d385b609c5ab2</checksum><system-requires><maintenance-mode>true</maintenance-mode></system-requires><file-list><file>etc/vmware/default.map.d/lsi_mr3.map</file><file>usr/lib/vmware/vmkmod/lsi_mr3</file><file>usr/share/hwdata/default.pciids.d/lsi_mr3.ids</file></file-list><acceptance-level>certified</acceptance-level><live-install-allowed>false</live-install-allowed><live-remove-allowed>false</live-remove-allowed><cimom-restart>false</cimom-restart><stateless-ready>true</stateless-ready><overlay>false</overlay><payloads><payload name="lsi-mr3" type="vgz" size="95644"><checksum checksum-type="sha-256" verify-process="gunzip">149f20396daf5824aa2382003b3895aef49ae0c169443f74b175e98c871cf848</checksum><checksum checksum-type="sha-256">ede3d17daa0d4a25427a08c122d3c5ac2d3907aa241a0cbe124ae8913322ada3</checksum><checksum checksum-type="sha-1" verify-process="gunzip">6ee5386cac3d1b6894a1dd185fe7079f10f709b2</checksum></payload></payloads></vib>