<vib version="5.0"><type>bootbank</type><name>lsuv2-intelv2-nvme-vmd-plugin</name><version>1.0.0-2vmw.700.1.0.15843807</version><vendor>VMware</vendor><summary>INTEL VMD LSU Management Plugin</summary><description>INTEL VMD LSU Management Plugin</description><release-date>2020-03-16T09:40:36.277444+00:00</release-date><urls/><relationships><depends/><conflicts/><replaces><constraint name="lsu-intel-vmd-plugin"/><constraint name="lsu-intel-nvme-vmd-plugin"/></replaces><provides/><compatibleWith/></relationships><software-tags><tag>RestrictStickyFiles</tag></software-tags><relative-path>vib20/lsuv2-intelv2-nvme-vmd-plugin/VMware_bootbank_lsuv2-intelv2-nvme-vmd-plugin_1.0.0-2vmw.700.1.0.15843807.vib</relative-path><packed-size>11856</packed-size><checksum checksum-type="sha-256">23091f3a7610a52d5ac49c0fc3be90332afbfe8d457b2923d225d8777dccd6c3</checksum><system-requires><maintenance-mode>false</maintenance-mode></system-requires><file-list><file>usr/lib64/vmware/lsuv2_plugins/intelv2-nvme-vmd-plugin/lsuv2-nvmevmdcli</file><file>usr/lib64/vmware/lsuv2_plugins/liblsuv2_intelv2_nvme_vmd_plugin.so</file></file-list><acceptance-level>certified</acceptance-level><live-install-allowed>false</live-install-allowed><live-remove-allowed>false</live-remove-allowed><cimom-restart>false</cimom-restart><stateless-ready>true</stateless-ready><overlay>false</overlay><payloads><payload name="lsuv2-in" type="vgz" size="6772"><checksum checksum-type="sha-256" verify-process="gunzip">ec20be5543bfecbfd2ff447385f0192822355366007812f05035f6db389b2258</checksum><checksum checksum-type="sha-256">68c8110763b3f792d74b72af6b14ca459302b273f0115a882a9461809877ac5c</checksum><checksum checksum-type="sha-1" verify-process="gunzip">8e09b1b3df279503b0d66ec3949aad0016a7b7bc</checksum></payload></payloads></vib>