<vib version="5.0"><type>bootbank</type><name>lsuv2-smartpqiv2-plugin</name><version>1.0.0-3vmw.700.1.0.15843807</version><vendor>VMware</vendor><summary>SMARTPQI LSU Management Plugin</summary><description>SMARTPQI LSU Management Plugin</description><release-date>2020-03-16T09:40:36.311914+00:00</release-date><urls/><relationships><depends/><conflicts/><replaces><constraint name="lsu-smartpqi-plugin"/></replaces><provides/><compatibleWith/></relationships><software-tags><tag>RestrictStickyFiles</tag></software-tags><relative-path>vib20/lsuv2-smartpqiv2-plugin/VMware_bootbank_lsuv2-smartpqiv2-plugin_1.0.0-3vmw.700.1.0.15843807.vib</relative-path><packed-size>27356</packed-size><checksum checksum-type="sha-256">4471deede8f4b1e2431f1d93c79666ff227a13d9661095f8a71eed56c964b0b1</checksum><system-requires><maintenance-mode>false</maintenance-mode></system-requires><file-list><file>usr/lib64/vmware/lsuv2_plugins/liblsuv2_smartpqiv2_plugin.so</file></file-list><acceptance-level>certified</acceptance-level><live-install-allowed>false</live-install-allowed><live-remove-allowed>false</live-remove-allowed><cimom-restart>false</cimom-restart><stateless-ready>true</stateless-ready><overlay>false</overlay><payloads><payload name="lsuv2-sm" type="vgz" size="22416"><checksum checksum-type="sha-256" verify-process="gunzip">f9ea3090742ae14aef62de7dbb6dcfa6c336ed6dd33f03bb2ce685491b2f9184</checksum><checksum checksum-type="sha-256">67f2817b8af36adb113fb0b023a5b2d7d5c3165e6b99f9fa4aed14185fb6d779</checksum><checksum checksum-type="sha-1" verify-process="gunzip">3f03ea95b5b747dda122baefd1e1520a049276c4</checksum></payload></payloads></vib>