<vib version="5.0"><type>bootbank</type><name>lsuv2-oem-lenovo-plugin</name><version>1.0.0-1vmw.700.1.0.15843807</version><vendor>VMware</vendor><summary>OEM LENOVO LSU Management Plugin</summary><description>OEM LENOVO LSU Management Plugin</description><release-date>2020-03-16T09:40:36.344360+00:00</release-date><urls/><relationships><depends/><conflicts/><replaces/><provides/><compatibleWith/></relationships><software-tags><tag>RestrictStickyFiles</tag></software-tags><relative-path>vib20/lsuv2-oem-lenovo-plugin/VMware_bootbank_lsuv2-oem-lenovo-plugin_1.0.0-1vmw.700.1.0.15843807.vib</relative-path><packed-size>9150</packed-size><checksum checksum-type="sha-256">bc4016b236d1dc5c6e377fd03e57db45e6330a89420050d15034be583bf7f705</checksum><system-requires><maintenance-mode>false</maintenance-mode></system-requires><file-list><file>usr/lib64/vmware/lsuv2_plugins/liblsuv2_oem_lenovo_plugin.so</file></file-list><acceptance-level>certified</acceptance-level><live-install-allowed>false</live-install-allowed><live-remove-allowed>false</live-remove-allowed><cimom-restart>false</cimom-restart><stateless-ready>true</stateless-ready><overlay>false</overlay><payloads><payload name="lsuv2-oe" type="vgz" size="4258"><checksum checksum-type="sha-256" verify-process="gunzip">7430318207f769508647f02255b9b5478a69e65ff4bfa4d870908b70e0d01eb0</checksum><checksum checksum-type="sha-256">00059216d9db20f31452bd1a5c396f940c8aba444d0de312c646a7fa413d4899</checksum><checksum checksum-type="sha-1" verify-process="gunzip">6f8e3e5f47f8c543ad851ff12ede0f8f81f366e2</checksum></payload></payloads></vib>