<vib version="5.0"><type>bootbank</type><name>lsuv2-oem-dell-plugin</name><version>1.0.0-1vmw.700.1.0.15843807</version><vendor>VMware</vendor><summary>OEM DELL LSU Management Plugin</summary><description>OEM DELL LSU Management Plugin</description><release-date>2020-03-16T09:40:36.322756+00:00</release-date><urls/><relationships><depends/><conflicts/><replaces/><provides/><compatibleWith/></relationships><software-tags><tag>RestrictStickyFiles</tag></software-tags><relative-path>vib20/lsuv2-oem-dell-plugin/VMware_bootbank_lsuv2-oem-dell-plugin_1.0.0-1vmw.700.1.0.15843807.vib</relative-path><packed-size>9276</packed-size><checksum checksum-type="sha-256">e42a5c96ba9f9277344d4dbd5fd990d78fd80bcfaaba9e7e1bd64ed65c23952e</checksum><system-requires><maintenance-mode>false</maintenance-mode></system-requires><file-list><file>usr/lib64/vmware/lsuv2_plugins/liblsuv2_oem_dell_plugin.so</file></file-list><acceptance-level>certified</acceptance-level><live-install-allowed>false</live-install-allowed><live-remove-allowed>false</live-remove-allowed><cimom-restart>false</cimom-restart><stateless-ready>true</stateless-ready><overlay>false</overlay><payloads><payload name="lsuv2-oe" type="vgz" size="4392"><checksum checksum-type="sha-256" verify-process="gunzip">b1cb1537b307aa6485b7702c7c8dab08be5efadb3707baea96517258a06d7153</checksum><checksum checksum-type="sha-256">af7a8b4b4a8c95855c7ed05cfb3b36abb76473ec8581e4af1d9a2c12ff2ff2b4</checksum><checksum checksum-type="sha-1" verify-process="gunzip">9d1fc6d5e4699b28f1573511f387e55d634ceacc</checksum></payload></payloads></vib>