<vib version="5.0"><type>bootbank</type><name>lsuv2-lsiv2-drivers-plugin</name><version>1.0.0-2vmw.700.1.0.15843807</version><vendor>VMware</vendor><summary>LSI NATIVE DRIVERS LSU Management Plugin</summary><description>LSI NATIVE DRIVERS LSU Management Plugin</description><release-date>2020-03-16T09:40:36.255385+00:00</release-date><urls/><relationships><depends/><conflicts/><replaces><constraint name="lsu-lsi-megaraid-sas-plugin"/><constraint name="lsu-lsi-mptsas-plugin"/><constraint name="lsu-lsi-mpt2sas-plugin"/><constraint name="lsu-lsi-lsi-mr3-plugin"/><constraint name="lsu-lsi-lsi-msgpt3-plugin"/><constraint name="lsu-lsi-drivers-plugin"/></replaces><provides/><compatibleWith/></relationships><software-tags><tag>RestrictStickyFiles</tag></software-tags><relative-path>vib20/lsuv2-lsiv2-drivers-plugin/VMware_bootbank_lsuv2-lsiv2-drivers-plugin_1.0.0-2vmw.700.1.0.15843807.vib</relative-path><packed-size>415110</packed-size><checksum checksum-type="sha-256">9a0f6807b2d4a6458cfcea9e7645266a6fd92236397b7b4100812ab8bc8d83a4</checksum><system-requires><maintenance-mode>false</maintenance-mode></system-requires><file-list><file>usr/lib64/vmware/lsuv2_plugins/liblsuv2_lsiv2_drivers_plugin.so</file><file>usr/lib64/vmware/lsuv2_plugins/lsiv2-drivers-plugin/libstorelib.so</file><file>usr/lib64/vmware/lsuv2_plugins/lsiv2-drivers-plugin/libstorelibir-3.so</file><file>usr/lib64/vmware/lsuv2_plugins/lsiv2-drivers-plugin/libstorelibit.so</file><file>usr/lib64/vmware/lsuv2_plugins/lsiv2-drivers-plugin/lsuv2-lsi-drivers-plugin-util</file></file-list><acceptance-level>certified</acceptance-level><live-install-allowed>false</live-install-allowed><live-remove-allowed>false</live-remove-allowed><cimom-restart>false</cimom-restart><stateless-ready>true</stateless-ready><overlay>false</overlay><payloads><payload name="lsuv2-ls" type="vgz" size="409575"><checksum checksum-type="sha-256" verify-process="gunzip">b9d5a96793e8a3f49dc6fd49260816be534c9ea1e332f51231659aa6873a09b6</checksum><checksum checksum-type="sha-256">2d704b4872a0511d87488d36e9ed588065065bdb0276574e0ed63fb527128769</checksum><checksum checksum-type="sha-1" verify-process="gunzip">d80c8758e9ad384784f136e84bf42490544ffba6</checksum></payload></payloads></vib>