<vib version="5.0"><type>bootbank</type><name>lsuv2-nvme-pcie-plugin</name><version>1.0.0-1vmw.700.1.0.15843807</version><vendor>VMware</vendor><summary>NVME PCIe LSU Management Plugin</summary><description>NVME PCIe LSU Management Plugin</description><release-date>2020-03-16T09:40:36.289576+00:00</release-date><urls/><relationships><depends/><conflicts/><replaces/><provides/><compatibleWith/></relationships><software-tags><tag>RestrictStickyFiles</tag></software-tags><relative-path>vib20/lsuv2-nvme-pcie-plugin/VMware_bootbank_lsuv2-nvme-pcie-plugin_1.0.0-1vmw.700.1.0.15843807.vib</relative-path><packed-size>7708</packed-size><checksum checksum-type="sha-256">6a952729fbe0466764e10d32c9111589040c61d6eaff3c7bb6d1690ef8b6dad6</checksum><system-requires><maintenance-mode>false</maintenance-mode></system-requires><file-list><file>usr/lib64/vmware/lsuv2_plugins/liblsuv2_nvme_pcie_plugin.so</file></file-list><acceptance-level>certified</acceptance-level><live-install-allowed>false</live-install-allowed><live-remove-allowed>false</live-remove-allowed><cimom-restart>false</cimom-restart><stateless-ready>true</stateless-ready><overlay>false</overlay><payloads><payload name="lsuv2-nv" type="vgz" size="2820"><checksum checksum-type="sha-256" verify-process="gunzip">04cc676f84461cc7b7e9a402fd57d64a72f2fdbc31c5bcade1cc4a52acc1d6d1</checksum><checksum checksum-type="sha-256">7378f77ce3a7d5ec46c4e3491fa62e8ceb6ff8d332080f8ac038ec3a73a10b93</checksum><checksum checksum-type="sha-1" verify-process="gunzip">54cf5c40ce3b51cfde8e91c56170b7171f1c133c</checksum></payload></payloads></vib>