<vib version="5.0"><type>bootbank</type><name>lsuv2-oem-hp-plugin</name><version>1.0.0-1vmw.700.1.0.15843807</version><vendor>VMware</vendor><summary>OEM HP LSU Management Plugin</summary><description>OEM HP LSU Management Plugin</description><release-date>2020-03-16T09:40:36.333611+00:00</release-date><urls/><relationships><depends/><conflicts/><replaces/><provides/><compatibleWith/></relationships><software-tags><tag>RestrictStickyFiles</tag></software-tags><relative-path>vib20/lsuv2-oem-hp-plugin/VMware_bootbank_lsuv2-oem-hp-plugin_1.0.0-1vmw.700.1.0.15843807.vib</relative-path><packed-size>9124</packed-size><checksum checksum-type="sha-256">1970f3ff9b19b89633c747d516e7de6f539ec871ed9b2daf95a7728fc90ff53e</checksum><system-requires><maintenance-mode>false</maintenance-mode></system-requires><file-list><file>usr/lib64/vmware/lsuv2_plugins/liblsuv2_oem_hp_plugin.so</file></file-list><acceptance-level>certified</acceptance-level><live-install-allowed>false</live-install-allowed><live-remove-allowed>false</live-remove-allowed><cimom-restart>false</cimom-restart><stateless-ready>true</stateless-ready><overlay>false</overlay><payloads><payload name="lsuv2-oe" type="vgz" size="4248"><checksum checksum-type="sha-256" verify-process="gunzip">be9ed9b0359325e643e1b85d8ae8bad2c5afe10c83a99c1cda7c7ce1ef1c5d99</checksum><checksum checksum-type="sha-256">d73769ce2869fed239f279ccea8aa64b31f9ba58ec5ced27c5d54bbca1e17bcc</checksum><checksum checksum-type="sha-1" verify-process="gunzip">65f6d57d08d00dbf161cc7b13ac4d6a4000cad64</checksum></payload></payloads></vib>