<vib version="5.0"><type>bootbank</type><name>lsuv2-hpv2-hpsa-plugin</name><version>1.0.0-2vmw.700.1.0.15843807</version><vendor>VMware</vendor><summary>HPSA LSU Management Plugin</summary><description>HPSA LSU Management Plugin</description><release-date>2020-03-16T09:40:36.300905+00:00</release-date><urls/><relationships><depends/><conflicts/><replaces><constraint name="lsu-hp-hpsa-plugin"/></replaces><provides/><compatibleWith/></relationships><software-tags><tag>RestrictStickyFiles</tag></software-tags><relative-path>vib20/lsuv2-hpv2-hpsa-plugin/VMware_bootbank_lsuv2-hpv2-hpsa-plugin_1.0.0-2vmw.700.1.0.15843807.vib</relative-path><packed-size>29882</packed-size><checksum checksum-type="sha-256">4ba390c38d799f473c1268c79665353fef4d2e1c60194ba1efd01a83aa7d8377</checksum><system-requires><maintenance-mode>false</maintenance-mode></system-requires><file-list><file>usr/lib64/vmware/lsuv2_plugins/hpv2-hpsa-plugin/ledctrlwrapper.sh</file><file>usr/lib64/vmware/lsuv2_plugins/hpv2-hpsa-plugin/lsuv2-ledctrl</file><file>usr/lib64/vmware/lsuv2_plugins/liblsuv2_hpv2_hpsa_plugin.so</file></file-list><acceptance-level>certified</acceptance-level><live-install-allowed>false</live-install-allowed><live-remove-allowed>false</live-remove-allowed><cimom-restart>false</cimom-restart><stateless-ready>true</stateless-ready><overlay>false</overlay><payloads><payload name="lsuv2-hp" type="vgz" size="24802"><checksum checksum-type="sha-256" verify-process="gunzip">86bf4fba6fd456d72dd637159d81d2126f6bc43429872ddfd71f691eb21b6028</checksum><checksum checksum-type="sha-256">25adc75d1940259f6400425bb80b2c5a865cba0b278ccdd7645232a341a21035</checksum><checksum checksum-type="sha-1" verify-process="gunzip">22078c876dc5bbd15737233d8570ffc2d7d3bb86</checksum></payload></payloads></vib>