<vib version="5.0"><type>bootbank</type><name>mtip32xx-native</name><version>3.9.8-1vmw.700.1.0.15843807</version><vendor>VMW</vendor><summary>VMware Esx VIB</summary><description>Micron RealSSD PCIe Native Driver</description><release-date>2020-03-16T09:39:53.259023+00:00</release-date><urls/><relationships><depends><constraint name="vmkapi_2_6_0_0"/></depends><conflicts/><replaces/><provides/><compatibleWith/></relationships><software-tags><tag>RestrictStickyFiles</tag><tag>PCIID 13445150</tag><tag>PCIID 13445151</tag><tag>PCIID 13445152</tag><tag>PCIID 13445161</tag><tag>PCIID 13445162</tag><tag>module</tag><tag>driver</tag></software-tags><relative-path>vib20/mtip32xx-native/VMW_bootbank_mtip32xx-native_3.9.8-1vmw.700.1.0.15843807.vib</relative-path><packed-size>77298</packed-size><checksum checksum-type="sha-256">0a0fdad77f2bf243b5f70b578bcff77fe46796118e992a743f34a0ca981a2984</checksum><system-requires><maintenance-mode>true</maintenance-mode></system-requires><file-list><file>etc/vmware/default.map.d/mtip32xx_native.map</file><file>usr/lib/vmware/vmkmod/mtip32xx_native</file><file>usr/share/hwdata/default.pciids.d/mtip32xx_native.ids</file></file-list><acceptance-level>certified</acceptance-level><live-install-allowed>false</live-install-allowed><live-remove-allowed>false</live-remove-allowed><cimom-restart>false</cimom-restart><stateless-ready>true</stateless-ready><overlay>false</overlay><payloads><payload name="mtip32xx" type="vgz" size="72129"><checksum checksum-type="sha-256" verify-process="gunzip">8e55200b9557b5a685009585f2b738bb1f07cee6e55de8e4144fd2d64b96cfa3</checksum><checksum checksum-type="sha-256">f28880608c400d38024a5ab47da5d96b6982d4328e72b703bdf9ddc3163b09fe</checksum><checksum checksum-type="sha-1" verify-process="gunzip">57c3bc5d0d032a0419367ca2d80f101df46a0672</checksum></payload></payloads></vib>