<vib version="5.0"><type>bootbank</type><name>ne1000</name><version>0.8.4-10vmw.700.1.0.15843807</version><vendor>VMW</vendor><summary>VMware Esx VIB</summary><description>Intel PRO/1000 Gigabit Ethernet Adapter</description><release-date>2020-03-16T09:39:54.255920+00:00</release-date><urls/><relationships><depends><constraint name="vmkapi_2_6_0_0"/></depends><conflicts/><replaces/><provides/><compatibleWith/></relationships><software-tags><tag>RestrictStickyFiles</tag><tag>PCIID 8086105e</tag><tag>PCIID 8086105e8086005e</tag><tag>PCIID 8086105e8086105e</tag><tag>PCIID 8086105e8086115e</tag><tag>PCIID 8086105e8086125e</tag><tag>PCIID 8086105e8086135e</tag><tag>PCIID 8086105f</tag><tag>PCIID 8086105f80860000</tag><tag>PCIID 8086105f8086005a</tag><tag>PCIID 8086105f8086115f</tag><tag>PCIID 8086105f8086125f</tag><tag>PCIID 8086105f8086135f</tag><tag>PCIID 80861060</tag><tag>PCIID 8086106080860060</tag><tag>PCIID 8086106080861060</tag><tag>PCIID 8086107d</tag><tag>PCIID 8086107d80861082</tag><tag>PCIID 8086107d80861084</tag><tag>PCIID 8086107d80861092</tag><tag>PCIID 8086107e</tag><tag>PCIID 8086107e80861084</tag><tag>PCIID 8086107e80861085</tag><tag>PCIID 8086107e80861094</tag><tag>PCIID 8086107f</tag><tag>PCIID 8086108b</tag><tag>PCIID 8086108c</tag><tag>PCIID 8086109a</tag><tag>PCIID 8086109a8086109a</tag><tag>PCIID 808610a4</tag><tag>PCIID 808610a4808610a4</tag><tag>PCIID 808610a4808611a4</tag><tag>PCIID 808610a5</tag><tag>PCIID 808610a5808610a5</tag><tag>PCIID 808610a5808610a6</tag><tag>PCIID 808610b9</tag><tag>PCIID 808610b980861083</tag><tag>PCIID 808610b980861093</tag><tag>PCIID 808610bc</tag><tag>PCIID 808610bc808610bc</tag><tag>PCIID 808610bc808611bc</tag><tag>PCIID 808610d3</tag><tag>PCIID 808610d315ad07d0</tag><tag>PCIID 808610d380860001</tag><tag>PCIID 808610d38086a01f</tag><tag>PCIID 808610d5</tag><tag>PCIID 808610d9</tag><tag>PCIID 808610da</tag><tag>PCIID 808610ea</tag><tag>PCIID 808610eb</tag><tag>PCIID 808610ef</tag><tag>PCIID 808610f0</tag><tag>PCIID 808610f6</tag><tag>PCIID 808610f615ad0760</tag><tag>PCIID 80861502</tag><tag>PCIID 80861503</tag><tag>PCIID 8086150c</tag><tag>PCIID 8086153a</tag><tag>PCIID 8086153b</tag><tag>PCIID 80861559</tag><tag>PCIID 8086155a</tag><tag>PCIID 8086156f</tag><tag>PCIID 80861570</tag><tag>PCIID 808615a0</tag><tag>PCIID 808615a1</tag><tag>PCIID 808615a2</tag><tag>PCIID 808615a3</tag><tag>PCIID 808615b7</tag><tag>PCIID 808615b8</tag><tag>PCIID 808615b9</tag><tag>PCIID 808615bb</tag><tag>PCIID 808615bc</tag><tag>PCIID 808615bd</tag><tag>PCIID 808615be</tag><tag>PCIID 808615d6</tag><tag>PCIID 808615d7</tag><tag>PCIID 808615d8</tag><tag>PCIID 808615e3</tag><tag>module</tag><tag>driver</tag></software-tags><relative-path>vib20/ne1000/VMW_bootbank_ne1000_0.8.4-10vmw.700.1.0.15843807.vib</relative-path><packed-size>187680</packed-size><checksum checksum-type="sha-256">159414760b1b3310fd7455dc29be1b3fd7cbc6ef1b61f976facaaa78dc938ea0</checksum><system-requires><maintenance-mode>false</maintenance-mode></system-requires><file-list><file>etc/vmware/default.map.d/ne1000.map</file><file>usr/lib/vmware/vmkmod/ne1000</file><file>usr/share/hwdata/default.pciids.d/ne1000.ids</file></file-list><acceptance-level>certified</acceptance-level><live-install-allowed>false</live-install-allowed><live-remove-allowed>false</live-remove-allowed><cimom-restart>false</cimom-restart><stateless-ready>true</stateless-ready><overlay>false</overlay><payloads><payload name="ne1000" type="vgz" size="180494"><checksum checksum-type="sha-256" verify-process="gunzip">cf743ab18dc07045badbc7b320455cf0a60397da5307a0bbc187746da4207aec</checksum><checksum checksum-type="sha-256">46d0277cfe08119ec0c2574c8661f4ed7a5385c3936320ab35d8a53cdfb2c835</checksum><checksum checksum-type="sha-1" verify-process="gunzip">a74475cd602589cfdb8fd11f84f098dbf27d6bcf</checksum></payload></payloads></vib>