<vib version="5.0"><type>bootbank</type><name>nenic</name><version>1.0.29.0-1vmw.700.1.0.15843807</version><vendor>VMW</vendor><summary>VMware Esx VIB</summary><description>Cisco VIC Ethernet NIC Driver</description><release-date>2020-03-16T09:39:54.075003+00:00</release-date><urls/><relationships><depends><constraint name="vmkapi_2_6_0_0"/></depends><conflicts/><replaces/><provides/><compatibleWith/></relationships><software-tags><tag>RestrictStickyFiles</tag><tag>PCIID 11370043</tag><tag>PCIID 11370044</tag><tag>module</tag><tag>driver</tag></software-tags><relative-path>vib20/nenic/VMW_bootbank_nenic_1.0.29.0-1vmw.700.1.0.15843807.vib</relative-path><packed-size>79356</packed-size><checksum checksum-type="sha-256">00be54191d5d2cea2a87953333c034b3743e6ae688ff918712ae992e83cc00e3</checksum><system-requires><maintenance-mode>true</maintenance-mode></system-requires><file-list><file>etc/vmware/default.map.d/nenic.map</file><file>usr/lib/vmware/vmkmod/nenic</file><file>usr/share/hwdata/default.pciids.d/nenic.ids</file></file-list><acceptance-level>certified</acceptance-level><live-install-allowed>false</live-install-allowed><live-remove-allowed>false</live-remove-allowed><cimom-restart>false</cimom-restart><stateless-ready>true</stateless-ready><overlay>false</overlay><payloads><payload name="nenic" type="vgz" size="74308"><checksum checksum-type="sha-256" verify-process="gunzip">c75d6d4d8b7fa1c5c57d8eca9990cfb45e2667e6ef7689630b5f787e2068f5a8</checksum><checksum checksum-type="sha-256">e5dc884464d295f90b27b855ee66cb3a8f889e3ec0d8d64fb3aace7bb3da1086</checksum><checksum checksum-type="sha-1" verify-process="gunzip">dd53f016bef00c2198c2a267f0e62521f2df95db</checksum></payload></payloads></vib>