<vib version="5.0"><type>bootbank</type><name>nfnic</name><version>4.0.0.44-1vmw.700.1.0.15843807</version><vendor>VMW</vendor><summary>VMware Esx VIB</summary><description>Cisco UCS VIC Native fNIC driver for vmkernel</description><release-date>2020-03-16T09:39:53.434959+00:00</release-date><urls/><relationships><depends><constraint name="vmkapi_2_6_0_0"/></depends><conflicts/><replaces/><provides/><compatibleWith/></relationships><software-tags><tag>RestrictStickyFiles</tag><tag>PCIID 11370045</tag><tag>module</tag><tag>driver</tag></software-tags><relative-path>vib20/nfnic/VMW_bootbank_nfnic_4.0.0.44-1vmw.700.1.0.15843807.vib</relative-path><packed-size>166944</packed-size><checksum checksum-type="sha-256">de2400a8b028fc38380fcfcf011b4128c1e2537ed0952a0b7aea60a696357bfd</checksum><system-requires><maintenance-mode>true</maintenance-mode></system-requires><file-list><file>etc/vmware/default.map.d/nfnic.map</file><file>usr/lib/vmware/vmkmod/nfnic</file><file>usr/share/hwdata/default.pciids.d/nfnic.ids</file></file-list><acceptance-level>certified</acceptance-level><live-install-allowed>false</live-install-allowed><live-remove-allowed>false</live-remove-allowed><cimom-restart>false</cimom-restart><stateless-ready>true</stateless-ready><overlay>false</overlay><payloads><payload name="nfnic" type="vgz" size="161904"><checksum checksum-type="sha-256" verify-process="gunzip">8cdeb692504182bb5dd7ac7bb256f6a8f18a764bf284387cac6cea872f279910</checksum><checksum checksum-type="sha-256">87cb0090a496925f7f1db2130100a245d5f5a0c9e96d9f6438f1625dc87fd399</checksum><checksum checksum-type="sha-1" verify-process="gunzip">3ae64baddf14c498cda841154eb7d28d95e37bbb</checksum></payload></payloads></vib>