<vib version="5.0"><type>bootbank</type><name>nhpsa</name><version>2.0.50-1vmw.700.1.0.15843807</version><vendor>VMW</vendor><summary>VMware Esx VIB</summary><description>VMware native driver module for HPE Smart Array and Smart HBA controllers</description><release-date>2020-03-16T09:39:53.461315+00:00</release-date><urls/><relationships><depends><constraint name="vmkapi_2_6_0_0"/></depends><conflicts/><replaces/><provides/><compatibleWith/></relationships><software-tags><tag>RestrictStickyFiles</tag><tag>PCIID 103c3230103c323d</tag><tag>PCIID 103c3239103c21bd</tag><tag>PCIID 103c3239103c21be</tag><tag>PCIID 103c3239103c21bf</tag><tag>PCIID 103c3239103c21c0</tag><tag>PCIID 103c3239103c21c1</tag><tag>PCIID 103c3239103c21c2</tag><tag>PCIID 103c3239103c21c3</tag><tag>PCIID 103c3239103c21c5</tag><tag>PCIID 103c3239103c21c6</tag><tag>PCIID 103c3239103c21c7</tag><tag>PCIID 103c3239103c21c8</tag><tag>PCIID 103c3239103c21ca</tag><tag>PCIID 103c3239103c21cb</tag><tag>PCIID 103c3239103c21cc</tag><tag>PCIID 103c3239103c21cd</tag><tag>PCIID 103c3239103c21ce</tag><tag>PCIID 103c323a103c3241</tag><tag>PCIID 103c323a103c3243</tag><tag>PCIID 103c323a103c3245</tag><tag>PCIID 103c323a103c3247</tag><tag>PCIID 103c323a103c3249</tag><tag>PCIID 103c323a103c324a</tag><tag>PCIID 103c323a103c324b</tag><tag>PCIID 103c323b103c3350</tag><tag>PCIID 103c323b103c3351</tag><tag>PCIID 103c323b103c3352</tag><tag>PCIID 103c323b103c3353</tag><tag>PCIID 103c323b103c3354</tag><tag>PCIID 103c323b103c3355</tag><tag>PCIID 103c323b103c3356</tag><tag>PCIID 103c323c103c1920</tag><tag>PCIID 103c323c103c1921</tag><tag>PCIID 103c323c103c1922</tag><tag>PCIID 103c323c103c1923</tag><tag>PCIID 103c323c103c1924</tag><tag>PCIID 103c323c103c1926</tag><tag>PCIID 103c323c103c1928</tag><tag>module</tag><tag>driver</tag></software-tags><relative-path>vib20/nhpsa/VMW_bootbank_nhpsa_2.0.50-1vmw.700.1.0.15843807.vib</relative-path><packed-size>175648</packed-size><checksum checksum-type="sha-256">56d2ca195ce9fc62b591bd6d2d91b2d1b17c18fcf223cf567360d0592e678928</checksum><system-requires><maintenance-mode>false</maintenance-mode></system-requires><file-list><file>etc/vmware/default.map.d/nhpsa.map</file><file>usr/lib/vmware/vmkmod/nhpsa</file><file>usr/share/hwdata/default.pciids.d/nhpsa.ids</file></file-list><acceptance-level>certified</acceptance-level><live-install-allowed>false</live-install-allowed><live-remove-allowed>false</live-remove-allowed><cimom-restart>false</cimom-restart><stateless-ready>true</stateless-ready><overlay>false</overlay><payloads><payload name="nhpsa" type="vgz" size="169352"><checksum checksum-type="sha-256" verify-process="gunzip">58f805af95b4319010b4077578be3150119a30264d35c6344583b4e7b6e51398</checksum><checksum checksum-type="sha-256">f12ed1d4bdb0ad625cb528ef7ca6c323d0d53b4c7ef64cad6fee6c2a1f2ff04e</checksum><checksum checksum-type="sha-1" verify-process="gunzip">1a0eaf6ccb7beb04927b9686dc9f2744020a8872</checksum></payload></payloads></vib>