<vib version="5.0"><type>bootbank</type><name>nmlx4-en</name><version>3.19.16.7-1vmw.700.1.0.15843807</version><vendor>VMW</vendor><summary>VMware Esx VIB</summary><description>Mellanox Technologies ConnectX Native Ethernet Driver</description><release-date>2020-03-16T09:39:53.637589+00:00</release-date><urls/><relationships><depends><constraint name="vmkapi_2_6_0_0"/></depends><conflicts/><replaces/><provides/><compatibleWith/></relationships><software-tags><tag>RestrictStickyFiles</tag><tag>module</tag><tag>driver</tag></software-tags><relative-path>vib20/nmlx4-en/VMW_bootbank_nmlx4-en_3.19.16.7-1vmw.700.1.0.15843807.vib</relative-path><packed-size>185256</packed-size><checksum checksum-type="sha-256">f86fb6346480dc5e2a38b7280524d9747d1c1a7875ff59d4f6d75e7344f7800a</checksum><system-requires><maintenance-mode>true</maintenance-mode></system-requires><file-list><file>etc/vmware/default.map.d/nmlx4_en.map</file><file>usr/lib/vmware/vmkmod/nmlx4_en</file></file-list><acceptance-level>certified</acceptance-level><live-install-allowed>false</live-install-allowed><live-remove-allowed>false</live-remove-allowed><cimom-restart>false</cimom-restart><stateless-ready>true</stateless-ready><overlay>false</overlay><payloads><payload name="nmlx4-en" type="vgz" size="180276"><checksum checksum-type="sha-256" verify-process="gunzip">bb287f8504dff34d81b83ffe2e14a14dd828c0aa4ec78499b777184e9e1178ef</checksum><checksum checksum-type="sha-256">85940cc26e75373aae8ca03708e4a1f6cc3274953f478700b91cb49bb0f971ec</checksum><checksum checksum-type="sha-1" verify-process="gunzip">0664785787c6b672966cb5fcd0ef8794a4dc421c</checksum></payload></payloads></vib>