<vib version="5.0"><type>bootbank</type><name>nmlx4-rdma</name><version>3.19.16.7-1vmw.700.1.0.15843807</version><vendor>VMW</vendor><summary>VMware Esx VIB</summary><description>Mellanox Technologies ConnectX Native RDMA Driver</description><release-date>2020-03-16T09:39:53.659823+00:00</release-date><urls/><relationships><depends><constraint name="vmkapi_2_6_0_0"/></depends><conflicts/><replaces/><provides/><compatibleWith/></relationships><software-tags><tag>RestrictStickyFiles</tag><tag>module</tag><tag>driver</tag></software-tags><relative-path>vib20/nmlx4-rdma/VMW_bootbank_nmlx4-rdma_3.19.16.7-1vmw.700.1.0.15843807.vib</relative-path><packed-size>95656</packed-size><checksum checksum-type="sha-256">fc9a93ecff9cc4026dc415394411db145ae976f47467d0aa9e6acb4580d6bcd1</checksum><system-requires><maintenance-mode>true</maintenance-mode></system-requires><file-list><file>etc/vmware/default.map.d/nmlx4_rdma.map</file><file>usr/lib/vmware/vmkmod/nmlx4_rdma</file></file-list><acceptance-level>certified</acceptance-level><live-install-allowed>false</live-install-allowed><live-remove-allowed>false</live-remove-allowed><cimom-restart>false</cimom-restart><stateless-ready>true</stateless-ready><overlay>false</overlay><payloads><payload name="nmlx4-rd" type="vgz" size="90673"><checksum checksum-type="sha-256" verify-process="gunzip">05f4445f020fbec67c38f82fe678216e57ec2ea390cb93dd9e3f1b6f30cd5718</checksum><checksum checksum-type="sha-256">e2e00900163615dafb8a8e9a68403387b46a168e82ae67848d52a88887c04b1a</checksum><checksum checksum-type="sha-1" verify-process="gunzip">218ec0c99e0366903a57e8dcc19030804cd83ef6</checksum></payload></payloads></vib>