<vib version="5.0"><type>bootbank</type><name>nmlx4-core</name><version>3.19.16.7-1vmw.700.1.0.15843807</version><vendor>VMW</vendor><summary>VMware Esx VIB</summary><description>Mellanox Technologies ConnectX Native Core Driver</description><release-date>2020-03-16T09:39:53.613001+00:00</release-date><urls/><relationships><depends><constraint name="vmkapi_2_6_0_0"/></depends><conflicts/><replaces/><provides/><compatibleWith/></relationships><software-tags><tag>RestrictStickyFiles</tag><tag>PCIID 15b301f6</tag><tag>PCIID 15b301f8</tag><tag>PCIID 15b31003</tag><tag>PCIID 15b31004</tag><tag>PCIID 15b31007</tag><tag>PCIID 15b3100715b30003</tag><tag>PCIID 15b3100715b30006</tag><tag>PCIID 15b3100715b30007</tag><tag>PCIID 15b3100715b30008</tag><tag>PCIID 15b3100715b3000c</tag><tag>PCIID 15b3100715b3000d</tag><tag>module</tag><tag>driver</tag></software-tags><relative-path>vib20/nmlx4-core/VMW_bootbank_nmlx4-core_3.19.16.7-1vmw.700.1.0.15843807.vib</relative-path><packed-size>201538</packed-size><checksum checksum-type="sha-256">02ea0f23a95d208b88d433bbcb76b9d8721260eb512135f8b564053ec41245a8</checksum><system-requires><maintenance-mode>true</maintenance-mode></system-requires><file-list><file>etc/vmware/default.map.d/nmlx4_core.map</file><file>usr/lib/vmware/vmkmod/nmlx4_core</file><file>usr/share/hwdata/default.pciids.d/nmlx4_core.ids</file></file-list><acceptance-level>certified</acceptance-level><live-install-allowed>false</live-install-allowed><live-remove-allowed>false</live-remove-allowed><cimom-restart>false</cimom-restart><stateless-ready>true</stateless-ready><overlay>false</overlay><payloads><payload name="nmlx4-co" type="vgz" size="196172"><checksum checksum-type="sha-256" verify-process="gunzip">f52191f6190b2ce5d2d1f3ce454fe9fb88bd987b21d768728cdaddaf4e9acfe4</checksum><checksum checksum-type="sha-256">d326bd486ac64c2991237b22a542ce291a04a059344c35198233d8b30db1bfe9</checksum><checksum checksum-type="sha-1" verify-process="gunzip">0bf637d6507ed210c4895146ae9281df9f1f25ea</checksum></payload></payloads></vib>