<vib version="5.0"><type>bootbank</type><name>nmlx5-core</name><version>4.19.16.7-1vmw.700.1.0.15843807</version><vendor>VMW</vendor><summary>VMware Esx VIB</summary><description>Mellanox Technologies ConnectX4 Native Core Driver</description><release-date>2020-03-16T09:39:53.688098+00:00</release-date><urls/><relationships><depends><constraint name="vmkapi_2_6_0_0"/></depends><conflicts/><replaces/><provides/><compatibleWith/></relationships><software-tags><tag>RestrictStickyFiles</tag><tag>PCIID 15b31013</tag><tag>PCIID 15b3101315b30006</tag><tag>PCIID 15b3101315b30007</tag><tag>PCIID 15b3101315b30008</tag><tag>PCIID 15b3101315b30009</tag><tag>PCIID 15b3101315b30010</tag><tag>PCIID 15b3101315b30012</tag><tag>PCIID 15b3101315b30013</tag><tag>PCIID 15b3101315b30014</tag><tag>PCIID 15b3101315b30020</tag><tag>PCIID 15b3101315b30023</tag><tag>PCIID 15b3101315b30038</tag><tag>PCIID 15b3101315b30039</tag><tag>PCIID 15b3101315b30040</tag><tag>PCIID 15b3101315b30041</tag><tag>PCIID 15b3101315b30044</tag><tag>PCIID 15b3101315b30046</tag><tag>PCIID 15b3101315b30048</tag><tag>PCIID 15b3101315b30049</tag><tag>PCIID 15b31014</tag><tag>PCIID 15b31015</tag><tag>PCIID 15b3101515b30001</tag><tag>PCIID 15b3101515b30002</tag><tag>PCIID 15b3101515b30003</tag><tag>PCIID 15b3101515b30004</tag><tag>PCIID 15b3101515b30005</tag><tag>PCIID 15b3101515b30006</tag><tag>PCIID 15b3101515b30008</tag><tag>PCIID 15b3101515b30011</tag><tag>PCIID 15b3101515b30013</tag><tag>PCIID 15b3101515b30020</tag><tag>PCIID 15b3101515b30021</tag><tag>PCIID 15b31016</tag><tag>PCIID 15b31017</tag><tag>PCIID 15b3101715b30001</tag><tag>PCIID 15b3101715b30002</tag><tag>PCIID 15b3101715b30003</tag><tag>PCIID 15b3101715b30004</tag><tag>PCIID 15b3101715b30006</tag><tag>PCIID 15b3101715b30007</tag><tag>PCIID 15b3101715b30008</tag><tag>PCIID 15b3101715b30009</tag><tag>PCIID 15b3101715b30014</tag><tag>PCIID 15b3101715b30019</tag><tag>PCIID 15b3101715b30020</tag><tag>PCIID 15b3101715b30021</tag><tag>PCIID 15b3101715b30025</tag><tag>PCIID 15b3101715b30035</tag><tag>PCIID 15b3101715b30041</tag><tag>PCIID 15b3101715b30045</tag><tag>PCIID 15b3101715b30090</tag><tag>PCIID 15b3101715b30193</tag><tag>PCIID 15b31018</tag><tag>PCIID 15b31019</tag><tag>PCIID 15b3101a</tag><tag>PCIID 15b3101b</tag><tag>PCIID 15b3101c</tag><tag>PCIID 15b3a2d2</tag><tag>PCIID 15b3a2d3</tag><tag>module</tag><tag>driver</tag></software-tags><relative-path>vib20/nmlx5-core/VMW_bootbank_nmlx5-core_4.19.16.7-1vmw.700.1.0.15843807.vib</relative-path><packed-size>468106</packed-size><checksum checksum-type="sha-256">d510d74c78b3d0978e6a2be45547aa51a826628600455144872e56c1206316b7</checksum><system-requires><maintenance-mode>true</maintenance-mode></system-requires><file-list><file>etc/vmware/default.map.d/nmlx5_core.map</file><file>usr/lib/vmware/vmkmod/nmlx5_core</file><file>usr/share/hwdata/default.pciids.d/nmlx5_core.ids</file></file-list><acceptance-level>certified</acceptance-level><live-install-allowed>false</live-install-allowed><live-remove-allowed>false</live-remove-allowed><cimom-restart>false</cimom-restart><stateless-ready>true</stateless-ready><overlay>false</overlay><payloads><payload name="nmlx5-co" type="vgz" size="461210"><checksum checksum-type="sha-256" verify-process="gunzip">c8ec28627cf274aacb80143c9bedc2096a6030539d3a124fc8e854ee50e7ba36</checksum><checksum checksum-type="sha-256">ad7d0f7cd8d7ed093fd96ecac341cf871e9ea3c81642bf2ed10e75f5baf724a5</checksum><checksum checksum-type="sha-1" verify-process="gunzip">d8a6b953ebc6cbe6f18cd1ddfb8a7a243844bcb8</checksum></payload></payloads></vib>