<vib version="5.0"><type>bootbank</type><name>nmlx5-rdma</name><version>4.19.16.7-1vmw.700.1.0.15843807</version><vendor>VMW</vendor><summary>VMware Esx VIB</summary><description>Mellanox Technologies ConnectX-4 Native RDMA Driver</description><release-date>2020-03-16T09:39:53.710318+00:00</release-date><urls/><relationships><depends><constraint name="vmkapi_2_6_0_0"/></depends><conflicts/><replaces/><provides/><compatibleWith/></relationships><software-tags><tag>RestrictStickyFiles</tag><tag>module</tag><tag>driver</tag></software-tags><relative-path>vib20/nmlx5-rdma/VMW_bootbank_nmlx5-rdma_4.19.16.7-1vmw.700.1.0.15843807.vib</relative-path><packed-size>92640</packed-size><checksum checksum-type="sha-256">8d2f315c2e56b1b5e39d0dc04e43feb9d1ad8816502eb78e58e341fe8eeed0ec</checksum><system-requires><maintenance-mode>true</maintenance-mode></system-requires><file-list><file>etc/vmware/default.map.d/nmlx5_rdma.map</file><file>usr/lib/vmware/vmkmod/nmlx5_rdma</file></file-list><acceptance-level>certified</acceptance-level><live-install-allowed>false</live-install-allowed><live-remove-allowed>false</live-remove-allowed><cimom-restart>false</cimom-restart><stateless-ready>true</stateless-ready><overlay>false</overlay><payloads><payload name="nmlx5-rd" type="vgz" size="87655"><checksum checksum-type="sha-256" verify-process="gunzip">2626560e7d9b62fd1f3b605de79a20fa46977f1da2267b6f98cf6bb5f8635efb</checksum><checksum checksum-type="sha-256">255150585f7d09a80d994b56f12ca62e433560557ff06a3a104a709a7abbbcfb</checksum><checksum checksum-type="sha-1" verify-process="gunzip">1daabc9a0492b6838bc4a7939321536ca42828d6</checksum></payload></payloads></vib>