<vib version="5.0"><type>bootbank</type><name>ntg3</name><version>4.1.4.1-1vmw.700.1.0.15843807</version><vendor>VMW</vendor><summary>VMware Esx VIB</summary><description>Broadcom NetXtreme I ESX VMKAPI ethernet driver</description><release-date>2020-03-16T09:39:54.123432+00:00</release-date><urls/><relationships><depends><constraint name="vmkapi_2_6_0_0"/></depends><conflicts/><replaces/><provides/><compatibleWith/></relationships><software-tags><tag>RestrictStickyFiles</tag><tag>PCIID 14e41643</tag><tag>PCIID 14e41655</tag><tag>PCIID 14e41656</tag><tag>PCIID 14e41657</tag><tag>PCIID 14e4165f</tag><tag>PCIID 14e41665</tag><tag>PCIID 14e41682</tag><tag>PCIID 14e41686</tag><tag>PCIID 14e416f3</tag><tag>module</tag><tag>driver</tag></software-tags><relative-path>vib20/ntg3/VMW_bootbank_ntg3_4.1.4.1-1vmw.700.1.0.15843807.vib</relative-path><packed-size>38664</packed-size><checksum checksum-type="sha-256">173844e8dfd8b6b8a2ff1ac6cb0138eb0669865b2426d9c5b71f23753d7375fd</checksum><system-requires><maintenance-mode>true</maintenance-mode></system-requires><file-list><file>etc/vmware/default.map.d/ntg3.map</file><file>usr/lib/vmware/vmkmod/ntg3</file><file>usr/share/hwdata/default.pciids.d/ntg3.ids</file></file-list><acceptance-level>certified</acceptance-level><live-install-allowed>false</live-install-allowed><live-remove-allowed>false</live-remove-allowed><cimom-restart>false</cimom-restart><stateless-ready>true</stateless-ready><overlay>false</overlay><payloads><payload name="ntg3" type="vgz" size="33427"><checksum checksum-type="sha-256" verify-process="gunzip">f6b9e0574d40b1e6e92efb5c30ab301347f494d7e6c7e1f500dda9e7e8d71179</checksum><checksum checksum-type="sha-256">05934bd4e62c89a7df7cbdb1ed1172264b94b2409c6ce5d5ae90f2c6875fdf25</checksum><checksum checksum-type="sha-1" verify-process="gunzip">f70820d82dfc9dbe8650da4272e09f65cfd54c83</checksum></payload></payloads></vib>