<vib version="5.0"><type>bootbank</type><name>nvmerdma</name><version>1.0.0.0-1vmw.700.1.0.15843807</version><vendor>VMW</vendor><summary>VMware Esx VIB</summary><description>VMware NVME over RDMA Driver</description><release-date>2020-03-16T09:39:54.350355+00:00</release-date><urls/><relationships><depends><constraint name="vmkapi_2_6_0_0"/><constraint name="vmkapi_incompat_2_6_0_0"/></depends><conflicts/><replaces/><provides/><compatibleWith/></relationships><software-tags><tag>RestrictStickyFiles</tag><tag>module</tag><tag>driver</tag></software-tags><relative-path>vib20/nvmerdma/VMW_bootbank_nvmerdma_1.0.0.0-1vmw.700.1.0.15843807.vib</relative-path><packed-size>48178</packed-size><checksum checksum-type="sha-256">59cedc896ea55c669467a10a6db2aacb647371b33922ae102f238107792c7239</checksum><system-requires><maintenance-mode>true</maintenance-mode></system-requires><file-list><file>etc/vmware/default.map.d/nvmerdma.map</file><file>usr/lib/vmware/vmkmod/nvmerdma</file></file-list><acceptance-level>certified</acceptance-level><live-install-allowed>false</live-install-allowed><live-remove-allowed>false</live-remove-allowed><cimom-restart>false</cimom-restart><stateless-ready>true</stateless-ready><overlay>false</overlay><payloads><payload name="nvmerdma" type="vgz" size="43180"><checksum checksum-type="sha-256" verify-process="gunzip">780acd84efed6452f77a2597f01d3089af3f9fb23d5fce34fc6af3ff9914e09e</checksum><checksum checksum-type="sha-256">1a773b9209a45dd190c70fec691ddee23cc8faf173593c06161483a46977e9c1</checksum><checksum checksum-type="sha-1" verify-process="gunzip">4cd276f4170b6f4c777cb0b6c36b1ffdc0dd89ef</checksum></payload></payloads></vib>