<vib version="5.0"><type>bootbank</type><name>nvme-pcie</name><version>1.2.2.13-1vmw.700.1.0.15843807</version><vendor>VMW</vendor><summary>VMware Esx VIB</summary><description>Non-Volatile memory controller driver</description><release-date>2020-03-16T09:39:53.761549+00:00</release-date><urls/><relationships><depends><constraint name="vmkapi_2_6_0_0"/></depends><conflicts/><replaces/><provides/><compatibleWith/></relationships><software-tags><tag>RestrictStickyFiles</tag><tag>PCIID ................010802</tag><tag>PCIID 111d80d0</tag><tag>PCIID 111d80d0111d80d0</tag><tag>PCIID 111d80d1</tag><tag>PCIID 111d80d1111d80d1</tag><tag>PCIID 111d80d2</tag><tag>PCIID 111d80d2111d80d2</tag><tag>PCIID 1179011010281ffb</tag><tag>PCIID 1179011010281ffc</tag><tag>PCIID 1179011010281ffd</tag><tag>PCIID 1179011010281ffe</tag><tag>PCIID 13445170</tag><tag>PCIID 13445171</tag><tag>PCIID 144da820</tag><tag>PCIID 144da82010281f95</tag><tag>PCIID 144da82010281f96</tag><tag>PCIID 144da82010281f97</tag><tag>PCIID 144da82010281fa4</tag><tag>PCIID 144da82010281fa6</tag><tag>PCIID 144da82010281fba</tag><tag>PCIID 144da82010281fbb</tag><tag>PCIID 144da82010281fbc</tag><tag>PCIID 144da820144da800</tag><tag>PCIID 144da820144da801</tag><tag>PCIID 144da820144da802</tag><tag>PCIID 144da820144da804</tag><tag>PCIID 144da820144da805</tag><tag>PCIID 144da820144da806</tag><tag>PCIID 144da820144da809</tag><tag>PCIID 144da820144da80a</tag><tag>PCIID 144da821</tag><tag>PCIID 144da82110281fb7</tag><tag>PCIID 144da82110281fb8</tag><tag>PCIID 144da82110281fb9</tag><tag>PCIID 144da821144da801</tag><tag>PCIID 144da821144da802</tag><tag>PCIID 144da821144da803</tag><tag>PCIID 144da821144da807</tag><tag>PCIID 144da821144da80d</tag><tag>PCIID 144da821144da80e</tag><tag>PCIID 144da821144da811</tag><tag>PCIID 144da821144da812</tag><tag>PCIID 144da821144da813</tag><tag>PCIID 144da821144da814</tag><tag>PCIID 144da821144da81d</tag><tag>PCIID 144da821144da81e</tag><tag>PCIID 144da821144da81f</tag><tag>PCIID 144da82210281ff3</tag><tag>PCIID 144da82210281ff4</tag><tag>PCIID 144da82210281ff5</tag><tag>PCIID 144da82210281ff6</tag><tag>PCIID 144da82210281ff7</tag><tag>PCIID 144da82210281ff8</tag><tag>PCIID 144da82210281ff9</tag><tag>PCIID 1b4b2241</tag><tag>PCIID 80860a5410281fee</tag><tag>PCIID 80860a5410281fef</tag><tag>PCIID 80860a5410281ff0</tag><tag>PCIID 80860a5410281fff</tag><tag>PCIID 80860a5410282003</tag><tag>PCIID 80860a5410282004</tag><tag>PCIID 80860a5410282005</tag><tag>PCIID 8086270110282000</tag><tag>PCIID 8086270110282001</tag><tag>PCIID 8086270110282002</tag><tag>module</tag><tag>driver</tag></software-tags><relative-path>vib20/nvme-pcie/VMW_bootbank_nvme-pcie_1.2.2.13-1vmw.700.1.0.15843807.vib</relative-path><packed-size>37524</packed-size><checksum checksum-type="sha-256">88ed86cc8c769f04eaf0896ac0b8df38a98198ab7761320cde666ac4963e5f33</checksum><system-requires><maintenance-mode>true</maintenance-mode></system-requires><file-list><file>etc/vmware/default.map.d/nvme_pcie.map</file><file>usr/lib/vmware/vmkmod/nvme_pcie</file><file>usr/share/hwdata/default.pciids.d/nvme_pcie.ids</file></file-list><acceptance-level>certified</acceptance-level><live-install-allowed>false</live-install-allowed><live-remove-allowed>false</live-remove-allowed><cimom-restart>false</cimom-restart><stateless-ready>true</stateless-ready><overlay>false</overlay><payloads><payload name="nvme-pci" type="vgz" size="30412"><checksum checksum-type="sha-256" verify-process="gunzip">b96d50a4cd20b3cbc40d8d6486893d35afec91598449745914b918c0100a578b</checksum><checksum checksum-type="sha-256">18efd3730b7f02c7296a3d556b699372ede00f57224e983d95d25ab15cdaed08</checksum><checksum checksum-type="sha-1" verify-process="gunzip">60e171c3d1d712d40b82ceea5652553c0d45cc08</checksum></payload></payloads></vib>