<vib version="5.0"><type>bootbank</type><name>nvmxnet3</name><version>2.0.0.30-1vmw.700.1.0.15843807</version><vendor>VMW</vendor><summary>VMware Esx VIB</summary><description>Native vmxnet3 network driver for VMware ESXi</description><release-date>2020-03-16T09:39:54.025442+00:00</release-date><urls/><relationships><depends><constraint name="vmkapi_2_6_0_0"/></depends><conflicts/><replaces/><provides/><compatibleWith/></relationships><software-tags><tag>RestrictStickyFiles</tag><tag>PCIID 15ad07b0</tag><tag>module</tag><tag>driver</tag></software-tags><relative-path>vib20/nvmxnet3/VMW_bootbank_nvmxnet3_2.0.0.30-1vmw.700.1.0.15843807.vib</relative-path><packed-size>54460</packed-size><checksum checksum-type="sha-256">b367b2c54a6979f3a24dbfd2c2d7cd3f573289e42e3477dcc6453f84511d4189</checksum><system-requires><maintenance-mode>true</maintenance-mode></system-requires><file-list><file>etc/vmware/default.map.d/nvmxnet3.map</file><file>usr/lib/vmware/vmkmod/nvmxnet3</file><file>usr/share/hwdata/default.pciids.d/nvmxnet3.ids</file></file-list><acceptance-level>certified</acceptance-level><live-install-allowed>false</live-install-allowed><live-remove-allowed>false</live-remove-allowed><cimom-restart>false</cimom-restart><stateless-ready>true</stateless-ready><overlay>false</overlay><payloads><payload name="nvmxnet3" type="vgz" size="49406"><checksum checksum-type="sha-256" verify-process="gunzip">a78053acf73513fe86ecac538c5b6c1fa0a0f5d1ff838bb4424dcdee1b0bf365</checksum><checksum checksum-type="sha-256">f17e95de9e8f99b799ccc2fc05088e24e31c313bdb8df9ee55af95db8d65f692</checksum><checksum checksum-type="sha-1" verify-process="gunzip">e869b6a4179b4979ea9fb8b39882ceaff61d0bc8</checksum></payload></payloads></vib>