<vib version="5.0"><type>bootbank</type><name>nvmxnet3-ens</name><version>2.0.0.22-1vmw.700.1.0.15843807</version><vendor>VMW</vendor><summary>VMware Esx VIB</summary><description>Native vmxnet3 network ENS driver for VMware ESXi</description><release-date>2020-03-16T09:39:54.049462+00:00</release-date><urls/><relationships><depends><constraint name="vmkapi_2_6_0_0"/></depends><conflicts/><replaces/><provides/><compatibleWith/></relationships><software-tags><tag>RestrictStickyFiles</tag><tag>PCIID 15ad07b0</tag><tag>module</tag><tag>driver</tag></software-tags><relative-path>vib20/nvmxnet3-ens/VMW_bootbank_nvmxnet3-ens_2.0.0.22-1vmw.700.1.0.15843807.vib</relative-path><packed-size>62478</packed-size><checksum checksum-type="sha-256">0c420a6f534f79e5726c57d55226685731071ad8f82248d0abd87fa8a7d84e6d</checksum><system-requires><maintenance-mode>true</maintenance-mode></system-requires><file-list><file>etc/vmware/oem.map.d/nvmxnet3_ens.map</file><file>usr/lib/vmware/vmkmod/nvmxnet3_ens</file><file>usr/share/hwdata/oem.pciids.d/nvmxnet3_ens.ids</file></file-list><acceptance-level>certified</acceptance-level><live-install-allowed>false</live-install-allowed><live-remove-allowed>false</live-remove-allowed><cimom-restart>false</cimom-restart><stateless-ready>true</stateless-ready><overlay>false</overlay><payloads><payload name="nvmxnet3" type="vgz" size="57412"><checksum checksum-type="sha-256" verify-process="gunzip">ace71f33c37c8fbb051ebdcfd72692fb488fcb93242a667e755bd0c7bdbd938b</checksum><checksum checksum-type="sha-256">83919b5f2471010109830b291c18132e73dbc0794fdf3103b5daba2bc3bb6060</checksum><checksum checksum-type="sha-1" verify-process="gunzip">877bb5bc2a2f0dace79ca2f5841a0bc2085e941f</checksum></payload></payloads></vib>