<vib version="5.0"><type>bootbank</type><name>oem-build</name><version>700.0.0.10.5.0.38-1OEM.15525992</version><vendor>HPE</vendor><summary>Custom Image Build Information for ESXi 7.0.0</summary><description>Custom Image Build Information for ESXi 7.0.0</description><release-date>2020-02-28T15:37:27.885220+00:00</release-date><urls/><relationships><depends><constraint name="esx-version" relation="&gt;=" version="7.0.0"/><constraint name="esx-version" relation="&lt;&lt;" version="7.1.0"/></depends><conflicts/><replaces><constraint name="hp-build"/><constraint name="hpe-build"/></replaces><provides/><compatibleWith/></relationships><software-tags/><relative-path>vib20/oem-build/HPE_bootbank_oem-build_700.0.0.10.5.0.38-1OEM.15525992.vib</relative-path><packed-size>8080</packed-size><checksum checksum-type="sha-256">6bb1122a4ef446e7650af919e1449d93abf96b30b505cf25ddf255744b0b9938</checksum><system-requires><maintenance-mode>false</maintenance-mode></system-requires><file-list><file>etc/vmware/oem.xml</file><file>opt/oem-build/build.xml</file></file-list><acceptance-level>partner</acceptance-level><live-install-allowed>false</live-install-allowed><live-remove-allowed>false</live-remove-allowed><cimom-restart>false</cimom-restart><stateless-ready>true</stateless-ready><overlay>false</overlay><payloads><payload name="stage" type="vgz" size="405"><checksum checksum-type="sha-256" verify-process="gunzip">20b3edce4839553687c3ab038b0de957e974f06794c4a5b018fb3770462883fa</checksum><checksum checksum-type="sha-256">cefdf8a54301ac1a1c91fd54e824b6051cb8004fabfc83b325180ed22439af75</checksum><checksum checksum-type="sha-1" verify-process="gunzip">a917d1a6fb6737433d8c4b579ca1723ef5baf194</checksum></payload></payloads></vib>