<vib version="5.0"><type>bootbank</type><name>pvscsi</name><version>0.1-2vmw.700.1.0.15843807</version><vendor>VMW</vendor><summary>VMware Esx VIB</summary><description>Native driver for VMware PVSCSI</description><release-date>2020-03-16T09:39:53.785189+00:00</release-date><urls/><relationships><depends><constraint name="vmkapi_2_6_0_0"/></depends><conflicts/><replaces/><provides/><compatibleWith/></relationships><software-tags><tag>RestrictStickyFiles</tag><tag>PCIID 15ad07c015ad07c0</tag><tag>module</tag><tag>driver</tag></software-tags><relative-path>vib20/pvscsi/VMW_bootbank_pvscsi_0.1-2vmw.700.1.0.15843807.vib</relative-path><packed-size>35970</packed-size><checksum checksum-type="sha-256">5af732b704814aef8eed5016dc8dfc30022b9b3665f2a7a426596c4a75846229</checksum><system-requires><maintenance-mode>true</maintenance-mode></system-requires><file-list><file>etc/vmware/default.map.d/pvscsi.map</file><file>usr/lib/vmware/vmkmod/pvscsi</file><file>usr/share/hwdata/default.pciids.d/pvscsi.ids</file></file-list><acceptance-level>certified</acceptance-level><live-install-allowed>false</live-install-allowed><live-remove-allowed>false</live-remove-allowed><cimom-restart>false</cimom-restart><stateless-ready>true</stateless-ready><overlay>false</overlay><payloads><payload name="pvscsi" type="vgz" size="30935"><checksum checksum-type="sha-256" verify-process="gunzip">dffe22c1dda40a7b7bd1efca1852ebc06476f417a0b0edd4b4f9118d68d58b90</checksum><checksum checksum-type="sha-256">f1b3af4a557b755b321380708730c5a76a0bb7471a5b7fc43ad81d0ec1a9572f</checksum><checksum checksum-type="sha-1" verify-process="gunzip">09262a4a2ac264f03d2411e66537aa52eb2113a6</checksum></payload></payloads></vib>