<vib version="5.0"><type>bootbank</type><name>qcnic</name><version>1.0.15.0-8vmw.700.1.0.15843807</version><vendor>VMW</vendor><summary>VMware Esx VIB</summary><description>QLogic E3 Common Interface driver</description><release-date>2020-03-16T09:39:53.977466+00:00</release-date><urls/><relationships><depends><constraint name="vmkapi_2_6_0_0"/></depends><conflicts/><replaces/><provides/><compatibleWith/></relationships><software-tags><tag>RestrictStickyFiles</tag><tag>module</tag><tag>driver</tag></software-tags><relative-path>vib20/qcnic/VMW_bootbank_qcnic_1.0.15.0-8vmw.700.1.0.15843807.vib</relative-path><packed-size>92340</packed-size><checksum checksum-type="sha-256">b6d5c677b94a35a8615d535c22e62e482cf5f231076c25dd6e7cec5d7ce78f54</checksum><system-requires><maintenance-mode>true</maintenance-mode></system-requires><file-list><file>etc/vmware/default.map.d/qcnic.map</file><file>usr/lib/vmware/vmkmod/qcnic</file></file-list><acceptance-level>certified</acceptance-level><live-install-allowed>false</live-install-allowed><live-remove-allowed>false</live-remove-allowed><cimom-restart>false</cimom-restart><stateless-ready>true</stateless-ready><overlay>false</overlay><payloads><payload name="qcnic" type="vgz" size="87393"><checksum checksum-type="sha-256" verify-process="gunzip">d5c0a11ccffd0dcd3180adf0135c2023de8f4e187869a8fdc316a813402632ce</checksum><checksum checksum-type="sha-256">b98664e41b4c11e74b9057621f86525ee2070b8d8b9af032548509cc659231f1</checksum><checksum checksum-type="sha-1" verify-process="gunzip">294dd40f8b27d6f563448cdee534e3ee08bc1783</checksum></payload></payloads></vib>