<vib version="5.0"><type>bootbank</type><name>qedentv</name><version>3.12.1.0-23vmw.700.1.0.15843807</version><vendor>VMW</vendor><summary>VMware Esx VIB</summary><description>VMKAPI QLogic QL45xxx network driver for VMware ESXi</description><release-date>2020-03-16T09:39:53.906246+00:00</release-date><urls/><relationships><depends><constraint name="vmkapi_2_6_0_0"/></depends><conflicts/><replaces/><provides><provide name="qedentv_ver" version="X.12.6.0"/></provides><compatibleWith/></relationships><software-tags><tag>RestrictStickyFiles</tag><tag>PCIID 10771629</tag><tag>PCIID 10771634</tag><tag>PCIID 10771636</tag><tag>PCIID 10771644</tag><tag>PCIID 10771654</tag><tag>PCIID 1077165415900287</tag><tag>PCIID 10771656</tag><tag>PCIID 10771666</tag><tag>PCIID 10778070</tag><tag>PCIID 10778071</tag><tag>PCIID 10778072</tag><tag>PCIID 10778073</tag><tag>module</tag><tag>driver</tag></software-tags><relative-path>vib20/qedentv/VMW_bootbank_qedentv_3.12.1.0-23vmw.700.1.0.15843807.vib</relative-path><packed-size>1281616</packed-size><checksum checksum-type="sha-256">0a220abf0b30ddd98ece97c486fe479a986ec7a2eea20f1f93009a28d87f0ec7</checksum><system-requires><maintenance-mode>true</maintenance-mode></system-requires><file-list><file>etc/vmware/default.map.d/qedentv.map</file><file>usr/lib/vmware/vmkmod/qedentv</file><file>usr/share/hwdata/default.pciids.d/qedentv.ids</file></file-list><acceptance-level>certified</acceptance-level><live-install-allowed>false</live-install-allowed><live-remove-allowed>false</live-remove-allowed><cimom-restart>false</cimom-restart><stateless-ready>true</stateless-ready><overlay>false</overlay><payloads><payload name="qedentv" type="vgz" size="1276215"><checksum checksum-type="sha-256" verify-process="gunzip">582c172b24b9cd1259f7ef5483baa80d49ad22740ca4628450f86e87e4457b7c</checksum><checksum checksum-type="sha-256">1400d7330423f3ba09433209b0b432aa0bbeff5f927581bedabb5b4e13f9ec1e</checksum><checksum checksum-type="sha-1" verify-process="gunzip">2a0114e044188f4e9f598a8b51246c5885013dfe</checksum></payload></payloads></vib>