<vib version="5.0"><type>bootbank</type><name>qedrntv</name><version>3.12.1.2-12vmw.700.1.0.15843807</version><vendor>VMW</vendor><summary>VMware Esx VIB</summary><description>VMKAPI QLogic QL45xxx RoCE driver for VMware ESXi</description><release-date>2020-03-16T09:39:53.928991+00:00</release-date><urls/><relationships><depends><constraint name="qedentv_ver" relation="=" version="X.12.6.0"/><constraint name="vmkapi_2_6_0_0"/></depends><conflicts/><replaces/><provides/><compatibleWith/></relationships><software-tags><tag>RestrictStickyFiles</tag><tag>module</tag><tag>driver</tag></software-tags><relative-path>vib20/qedrntv/VMW_bootbank_qedrntv_3.12.1.2-12vmw.700.1.0.15843807.vib</relative-path><packed-size>1124730</packed-size><checksum checksum-type="sha-256">c6926b1924cafa8c8e4f1c981935eb7a584bc02c9ffc046910b8db45b40444c0</checksum><system-requires><maintenance-mode>true</maintenance-mode></system-requires><file-list><file>etc/vmware/default.map.d/qedrntv.map</file><file>usr/lib/vmware/vmkmod/qedrntv</file></file-list><acceptance-level>certified</acceptance-level><live-install-allowed>false</live-install-allowed><live-remove-allowed>false</live-remove-allowed><cimom-restart>false</cimom-restart><stateless-ready>true</stateless-ready><overlay>false</overlay><payloads><payload name="qedrntv" type="vgz" size="1119691"><checksum checksum-type="sha-256" verify-process="gunzip">de78ae2a78991d13ac4b9de0a0a2de727b8717985942cb2a7508d12706eccf7e</checksum><checksum checksum-type="sha-256">e1dee73f4e18c8f73ec4ef40993083b6a8735f0aff07d84cdb278a4a9336df3b</checksum><checksum checksum-type="sha-1" verify-process="gunzip">9157250d2b3e5d2194d2d694c1e37a35eafc914b</checksum></payload></payloads></vib>