<vib version="5.0"><type>bootbank</type><name>qfle3f</name><version>1.0.51.0-12vmw.700.1.0.15843807</version><vendor>VMW</vendor><summary>VMware Esx VIB</summary><description>QLogic E3 Native FC driver</description><release-date>2020-03-16T09:39:53.506429+00:00</release-date><urls/><relationships><depends><constraint name="vmkapi_2_6_0_0"/></depends><conflicts/><replaces/><provides/><compatibleWith/></relationships><software-tags><tag>RestrictStickyFiles</tag><tag>module</tag><tag>driver</tag></software-tags><relative-path>vib20/qfle3f/VMW_bootbank_qfle3f_1.0.51.0-12vmw.700.1.0.15843807.vib</relative-path><packed-size>351748</packed-size><checksum checksum-type="sha-256">f742285f28f3bbf9a522ca479d6ae7901b422ff68ee594bcad687f975e29e137</checksum><system-requires><maintenance-mode>true</maintenance-mode></system-requires><file-list><file>etc/vmware/default.map.d/qfle3f.map</file><file>usr/lib/vmware/vmkmod/qfle3f</file></file-list><acceptance-level>certified</acceptance-level><live-install-allowed>false</live-install-allowed><live-remove-allowed>false</live-remove-allowed><cimom-restart>false</cimom-restart><stateless-ready>true</stateless-ready><overlay>false</overlay><payloads><payload name="qfle3f" type="vgz" size="346801"><checksum checksum-type="sha-256" verify-process="gunzip">98d8f0c9c20f94df84089edf1e91b76502fda342712b40f2172f6c7917cb68c0</checksum><checksum checksum-type="sha-256">3d48a2fc5e69ce62d959d9db48ac04a463c15f1d9da0930b72bf2f25397611a9</checksum><checksum checksum-type="sha-1" verify-process="gunzip">b3667528630ef058d02f62f0a8d54405331c183b</checksum></payload></payloads></vib>