<vib version="5.0"><type>bootbank</type><name>qfle3</name><version>1.0.66.0-5vmw.700.1.0.15843807</version><vendor>VMW</vendor><summary>VMware Esx VIB</summary><description>Native QLogic E3 network driver for VMware ESXi</description><release-date>2020-03-16T09:39:53.954117+00:00</release-date><urls/><relationships><depends><constraint name="vmkapi_2_6_0_0"/></depends><conflicts/><replaces/><provides/><compatibleWith/></relationships><software-tags><tag>RestrictStickyFiles</tag><tag>PCIID 107716a1</tag><tag>PCIID 107716a4</tag><tag>PCIID 107716ad</tag><tag>PCIID 14e4163d</tag><tag>PCIID 14e4163e</tag><tag>PCIID 14e41663</tag><tag>PCIID 14e4168a</tag><tag>PCIID 14e4168a10281f67</tag><tag>PCIID 14e4168a10281f68</tag><tag>PCIID 14e4168a14e40200</tag><tag>PCIID 14e4168a1bcf805f</tag><tag>PCIID 14e4168e</tag><tag>PCIID 14e416a1</tag><tag>PCIID 14e416a2</tag><tag>PCIID 14e416a2103c22fa</tag><tag>PCIID 14e416a4</tag><tag>PCIID 14e416a5</tag><tag>PCIID 14e416ad</tag><tag>PCIID 14e416ae</tag><tag>module</tag><tag>driver</tag></software-tags><relative-path>vib20/qfle3/VMW_bootbank_qfle3_1.0.66.0-5vmw.700.1.0.15843807.vib</relative-path><packed-size>852066</packed-size><checksum checksum-type="sha-256">f7b14065f9d002c13b5c81e682ee58e37959fea448a6dc445910dfa8255b92c1</checksum><system-requires><maintenance-mode>true</maintenance-mode></system-requires><file-list><file>etc/vmware/default.map.d/qfle3.map</file><file>usr/lib/vmware/vmkmod/qfle3</file><file>usr/share/hwdata/default.pciids.d/qfle3.ids</file></file-list><acceptance-level>certified</acceptance-level><live-install-allowed>false</live-install-allowed><live-remove-allowed>false</live-remove-allowed><cimom-restart>false</cimom-restart><stateless-ready>true</stateless-ready><overlay>false</overlay><payloads><payload name="qfle3" type="vgz" size="846534"><checksum checksum-type="sha-256" verify-process="gunzip">5faf67919a9413323fd4cd76a4c8ed3dce1f0a40cfd170271fe8b46590ab3491</checksum><checksum checksum-type="sha-256">c6a88069fc84a8f37aea4f1bbc87543670aed2a29d0edc2c5a6d151bee6a35a1</checksum><checksum checksum-type="sha-1" verify-process="gunzip">d7a45ecf25c521056ee680ed1adca4431f4bdbba</checksum></payload></payloads></vib>