<vib version="5.0"><type>bootbank</type><name>qfle3i</name><version>1.0.15.0-6vmw.700.1.0.15843807</version><vendor>VMW</vendor><summary>VMware Esx VIB</summary><description>Qlogic E3 iSCSI Native Driver</description><release-date>2020-03-16T09:39:53.484965+00:00</release-date><urls/><relationships><depends><constraint name="vmkapi_2_6_0_0"/></depends><conflicts><constraint name="FirstConflict"/><constraint name="SecondConflict" relation="&gt;&gt;" version="1.2.3.4"/></conflicts><replaces/><provides><provide name="ABCD" version="123.456"/><provide name="XYZ"/></provides><compatibleWith/></relationships><software-tags><tag>RestrictStickyFiles</tag><tag>module</tag><tag>driver</tag></software-tags><relative-path>vib20/qfle3i/VMW_bootbank_qfle3i_1.0.15.0-6vmw.700.1.0.15843807.vib</relative-path><packed-size>114858</packed-size><checksum checksum-type="sha-256">bb1a29d1218631afc6de2e652010dc9f637fddf4fec517a74edef8f55f9aac8b</checksum><system-requires><maintenance-mode>false</maintenance-mode></system-requires><file-list><file>etc/vmware/default.map.d/qfle3i.map</file><file>usr/lib/vmware/vmkmod/qfle3i</file></file-list><acceptance-level>certified</acceptance-level><live-install-allowed>false</live-install-allowed><live-remove-allowed>false</live-remove-allowed><cimom-restart>false</cimom-restart><stateless-ready>true</stateless-ready><overlay>false</overlay><payloads><payload name="qfle3i" type="vgz" size="109718"><checksum checksum-type="sha-256" verify-process="gunzip">87e8f8b768bcf340377d4d2fd0efa2aaa78f13cd013aca1d156e55f4005f1ee8</checksum><checksum checksum-type="sha-256">b1717d01ff20ca7f07d1cfefba700f06fff4b03dec7d92284d530ee09a660110</checksum><checksum checksum-type="sha-1" verify-process="gunzip">b659e4ac9ae886543fccf9d7ed8329aeb9b03ecb</checksum></payload></payloads></vib>