<vib version="5.0"><type>bootbank</type><name>qflge</name><version>1.1.0.11-1vmw.700.1.0.15843807</version><vendor>VMW</vendor><summary>VMware Esx VIB</summary><description>Network driver for QLogic NetXtreme II PCI/PCIe Gigabit Ethernet Adapters</description><release-date>2020-03-16T09:39:54.098976+00:00</release-date><urls/><relationships><depends><constraint name="vmkapi_2_6_0_0"/></depends><conflicts/><replaces/><provides/><compatibleWith/></relationships><software-tags><tag>RestrictStickyFiles</tag><tag>PCIID 14e41639</tag><tag>PCIID 14e41639103c7055</tag><tag>PCIID 14e41639103c7059</tag><tag>PCIID 14e4163a</tag><tag>PCIID 14e4163b</tag><tag>PCIID 14e4163c</tag><tag>PCIID 14e4164a</tag><tag>PCIID 14e4164c</tag><tag>PCIID 14e4164c103c7037</tag><tag>PCIID 14e4164c103c7038</tag><tag>PCIID 14e416aa</tag><tag>PCIID 14e416ac</tag><tag>module</tag><tag>driver</tag></software-tags><relative-path>vib20/qflge/VMW_bootbank_qflge_1.1.0.11-1vmw.700.1.0.15843807.vib</relative-path><packed-size>206684</packed-size><checksum checksum-type="sha-256">954457570ff2e93118634e821fa9aec27397e86e891aa5f1c2b94417af7d5799</checksum><system-requires><maintenance-mode>true</maintenance-mode></system-requires><file-list><file>etc/vmware/default.map.d/qflge.map</file><file>usr/lib/vmware/vmkmod/qflge</file><file>usr/share/hwdata/default.pciids.d/qflge.ids</file></file-list><acceptance-level>certified</acceptance-level><live-install-allowed>false</live-install-allowed><live-remove-allowed>false</live-remove-allowed><cimom-restart>false</cimom-restart><stateless-ready>true</stateless-ready><overlay>false</overlay><payloads><payload name="qflge" type="vgz" size="201308"><checksum checksum-type="sha-256" verify-process="gunzip">5e13b9d47cea7bf6ec07219f50f2517b62b40d2812eeff986333fdfe1640a086</checksum><checksum checksum-type="sha-256">6b7fa53d73e6916b6dedfabe399db1f2888f2e4ad5dea27a9e310eec1975c5f3</checksum><checksum checksum-type="sha-1" verify-process="gunzip">6bc1593d57d3057dd57516f8f772dce1e8865846</checksum></payload></payloads></vib>