<vib version="5.0"><type>bootbank</type><name>qlnativefc</name><version>4.1.9.0-1OEM.700.1.0.15525992</version><vendor>Marvell</vendor><summary>VMware Esx VIB</summary><description>QLogic Native FC driver for vmkernel</description><release-date>2020-02-12T23:00:46.466364+00:00</release-date><urls/><relationships><depends><constraint name="vmkapi_2_6_0_0"/></depends><conflicts/><replaces/><provides/><compatibleWith/></relationships><software-tags><tag>PCIID 10772031</tag><tag>PCIID 10772061</tag><tag>PCIID 10772071</tag><tag>PCIID 1077207110770283</tag><tag>PCIID 1077207110770290</tag><tag>PCIID 1077207110770295</tag><tag>PCIID 1077207110770297</tag><tag>PCIID 107720711077029e</tag><tag>PCIID 10772071107702a2</tag><tag>PCIID 10772071107702a3</tag><tag>PCIID 10772071107702a4</tag><tag>PCIID 10772071107702a5</tag><tag>PCIID 10772071107702ad</tag><tag>PCIID 10772081</tag><tag>PCIID 10772081107702e1</tag><tag>PCIID 10772081107702e3</tag><tag>PCIID 10772089</tag><tag>PCIID 10772261</tag><tag>PCIID 1077226110770299</tag><tag>PCIID 107722611077029a</tag><tag>PCIID 107722611077029b</tag><tag>PCIID 107722611077029c</tag><tag>PCIID 10772261107702a7</tag><tag>PCIID 10772261107702a8</tag><tag>PCIID 10772261107702ab</tag><tag>PCIID 10772261107702ac</tag><tag>PCIID 10772261107702ae</tag><tag>PCIID 10772261107702af</tag><tag>PCIID 10772261107702b0</tag><tag>PCIID 10772261107702b1</tag><tag>PCIID 10772261107702b2</tag><tag>PCIID 10772261107702b3</tag><tag>PCIID 10772261107702b4</tag><tag>PCIID 10772261107702b6</tag><tag>PCIID 10772261107702b7</tag><tag>PCIID 10772261107702b8</tag><tag>PCIID 10772261107702b9</tag><tag>PCIID 10772261159000f9</tag><tag>PCIID 10772261159000fa</tag><tag>PCIID 1077226115900203</tag><tag>PCIID 1077226115900204</tag><tag>PCIID 10772271</tag><tag>PCIID 10772281</tag><tag>PCIID 10772281107702d3</tag><tag>PCIID 10772281107702d4</tag><tag>PCIID 10772281107702e2</tag><tag>PCIID 10772281107702e4</tag><tag>PCIID 10772281107702ee</tag><tag>PCIID 10772281107702f0</tag><tag>PCIID 10772289</tag><tag>PCIID 10772532</tag><tag>PCIID 10778001</tag><tag>PCIID 10778021</tag><tag>PCIID 10778031</tag><tag>module</tag><tag>driver</tag></software-tags><relative-path>vib20/qlnativefc/Marvell_bootbank_qlnativefc_4.1.9.0-1OEM.700.1.0.15525992.vib</relative-path><packed-size>872690</packed-size><checksum checksum-type="sha-256">d0b3dccbca0f919e556084c512ed96cf2fa8ced29c20cb06cd75944f7111af67</checksum><system-requires><maintenance-mode>true</maintenance-mode></system-requires><file-list><file>etc/vmware/default.map.d/qlnativefc.map</file><file>usr/lib/vmware/vmkmod/qlnativefc</file><file>usr/share/hwdata/default.pciids.d/qlnativefc.ids</file></file-list><acceptance-level>certified</acceptance-level><live-install-allowed>false</live-install-allowed><live-remove-allowed>false</live-remove-allowed><cimom-restart>false</cimom-restart><stateless-ready>true</stateless-ready><overlay>false</overlay><payloads><payload name="qlnative" type="vgz" size="866010"><checksum checksum-type="sha-256" verify-process="gunzip">99ec750809ba973b62100a08ee4eb7c7ab9f9f3cfc5e6ea691c0715485e0b309</checksum><checksum checksum-type="sha-256">e6b3fe6e7399536350a92bb2a9b27a278c37792e93430654a60a4e5de7e84a2c</checksum><checksum checksum-type="sha-1" verify-process="gunzip">df048d180731c1d1b7283c8edfb5c3d415f6cd5e</checksum></payload></payloads></vib>