<vib version="5.0"><type>bootbank</type><name>rste</name><version>2.0.2.0088-7vmw.700.1.0.15843807</version><vendor>VMW</vendor><summary>VMware Esx VIB</summary><description>Intel SCU SAS/SATA for VMware ESX</description><release-date>2020-03-16T09:39:53.157416+00:00</release-date><urls/><relationships><depends><constraint name="vmkapi_2_6_0_0"/></depends><conflicts/><replaces><constraint name="scsi-rste"/></replaces><provides/><compatibleWith/></relationships><software-tags><tag>RestrictStickyFiles</tag><tag>PCIID 80861d60</tag><tag>PCIID 80861d64</tag><tag>PCIID 80861d65</tag><tag>PCIID 80861d68</tag><tag>PCIID 80861d69</tag><tag>PCIID 80861d6a</tag><tag>PCIID 80861d6b</tag><tag>module</tag><tag>driver</tag></software-tags><relative-path>vib20/rste/VMW_bootbank_rste_2.0.2.0088-7vmw.700.1.0.15843807.vib</relative-path><packed-size>226294</packed-size><checksum checksum-type="sha-256">932d0ea9f9ce1befb4919520bdeff3eba1a60663fcf74f562fa51639c48333cc</checksum><system-requires><maintenance-mode>true</maintenance-mode></system-requires><file-list><file>etc/vmware/default.map.d/rste.map</file><file>usr/lib/vmware/vmkmod/rste</file><file>usr/share/hwdata/default.pciids.d/rste.ids</file></file-list><acceptance-level>certified</acceptance-level><live-install-allowed>false</live-install-allowed><live-remove-allowed>false</live-remove-allowed><cimom-restart>false</cimom-restart><stateless-ready>true</stateless-ready><overlay>false</overlay><payloads><payload name="rste" type="vgz" size="221078"><checksum checksum-type="sha-256" verify-process="gunzip">cad7b950ebff7f51d8a07c3957bbf36ad8bd0d1e9fe9e2d1976bbd187b24846c</checksum><checksum checksum-type="sha-256">afe3ec8c7085251d5fcb7102359f7752fe5080af26c640a515cb9942648fd5f3</checksum><checksum checksum-type="sha-1" verify-process="gunzip">2d0c7d6ab07355cd02b1aac12ccfa11ac5d71acf</checksum></payload></payloads></vib>