<vib version="5.0"><type>bootbank</type><name>sfvmk</name><version>2.0.0.1004-3vmw.700.1.0.15843807</version><vendor>VMW</vendor><summary>VMware Esx VIB</summary><description>Networking driver for Solarflare XtremeScale SFC9xxx Ethernet Controller</description><release-date>2020-03-16T09:39:54.001841+00:00</release-date><urls/><relationships><depends><constraint name="vmkapi_2_6_0_0"/></depends><conflicts/><replaces/><provides/><compatibleWith/></relationships><software-tags><tag>RestrictStickyFiles</tag><tag>PCIID 19240a031924</tag><tag>PCIID 19240b031924</tag><tag>module</tag><tag>driver</tag></software-tags><relative-path>vib20/sfvmk/VMW_bootbank_sfvmk_2.0.0.1004-3vmw.700.1.0.15843807.vib</relative-path><packed-size>185886</packed-size><checksum checksum-type="sha-256">92ca6063817135e0aaf8b0b8b3436042182943f2f1b1e1c46098b3e0446b0600</checksum><system-requires><maintenance-mode>false</maintenance-mode></system-requires><file-list><file>etc/vmware/default.map.d/sfvmk.map</file><file>usr/lib/vmware/vmkmod/sfvmk</file><file>usr/share/hwdata/default.pciids.d/sfvmk.ids</file></file-list><acceptance-level>certified</acceptance-level><live-install-allowed>false</live-install-allowed><live-remove-allowed>false</live-remove-allowed><cimom-restart>false</cimom-restart><stateless-ready>true</stateless-ready><overlay>false</overlay><payloads><payload name="sfvmk" type="vgz" size="180782"><checksum checksum-type="sha-256" verify-process="gunzip">8adab7a845863299b806c1044bd540148de59ab1ebd2af96c78cb2145b5d26d4</checksum><checksum checksum-type="sha-256">bebb67989148072760a7963480160b23a5d512794b783463f84672f11782f41a</checksum><checksum checksum-type="sha-1" verify-process="gunzip">1359609150dbea44d2f3ccd9d3d1f360d5c36b3a</checksum></payload></payloads></vib>