<vib version="5.0"><type>bootbank</type><name>smartpqi</name><version>1.0.4.3011-1vmw.700.1.0.15843807</version><vendor>VMW</vendor><summary>VMware Esx VIB</summary><description>VMware native driver module for Microsemi SmartPqi controllers</description><release-date>2020-03-16T09:39:53.535033+00:00</release-date><urls/><relationships><depends><constraint name="vmkapi_2_6_0_0"/></depends><conflicts/><replaces/><provides/><compatibleWith/></relationships><software-tags><tag>RestrictStickyFiles</tag><tag>PCIID 9005028f10281fe0</tag><tag>PCIID 9005028f103c0600</tag><tag>PCIID 9005028f103c0601</tag><tag>PCIID 9005028f103c0602</tag><tag>PCIID 9005028f103c0603</tag><tag>PCIID 9005028f103c0609</tag><tag>PCIID 9005028f103c0650</tag><tag>PCIID 9005028f103c0651</tag><tag>PCIID 9005028f103c0652</tag><tag>PCIID 9005028f103c0653</tag><tag>PCIID 9005028f103c0654</tag><tag>PCIID 9005028f103c0655</tag><tag>PCIID 9005028f103c0700</tag><tag>PCIID 9005028f103c0701</tag><tag>PCIID 9005028f103c1001</tag><tag>PCIID 9005028f103c1100</tag><tag>PCIID 9005028f103c1101</tag><tag>PCIID 9005028f105b1211</tag><tag>PCIID 9005028f105b1321</tag><tag>PCIID 9005028f13fe8312</tag><tag>PCIID 9005028f14581000</tag><tag>PCIID 9005028f152d8a22</tag><tag>PCIID 9005028f152d8a23</tag><tag>PCIID 9005028f152d8a24</tag><tag>PCIID 9005028f152d8a36</tag><tag>PCIID 9005028f152d8a37</tag><tag>PCIID 9005028f193d1104</tag><tag>PCIID 9005028f193d1105</tag><tag>PCIID 9005028f193d1106</tag><tag>PCIID 9005028f193d1107</tag><tag>PCIID 9005028f193d8460</tag><tag>PCIID 9005028f193d8461</tag><tag>PCIID 9005028f193dc460</tag><tag>PCIID 9005028f193dc461</tag><tag>PCIID 9005028f193df460</tag><tag>PCIID 9005028f193df461</tag><tag>PCIID 9005028f19e5d227</tag><tag>PCIID 9005028f19e5d228</tag><tag>PCIID 9005028f19e5d229</tag><tag>PCIID 9005028f19e5d22a</tag><tag>PCIID 9005028f19e5d22b</tag><tag>PCIID 9005028f19e5d22c</tag><tag>PCIID 9005028f1bd40045</tag><tag>PCIID 9005028f1bd40046</tag><tag>PCIID 9005028f1bd40047</tag><tag>PCIID 9005028f1bd40048</tag><tag>PCIID 9005028f1bd4004a</tag><tag>PCIID 9005028f1bd4004b</tag><tag>PCIID 9005028f1bd4004c</tag><tag>PCIID 9005028f1bd4004f</tag><tag>PCIID 9005028f1d8d0800</tag><tag>PCIID 9005028f1d8d0806</tag><tag>PCIID 9005028f1d8d0908</tag><tag>PCIID 9005028f1d8d0916</tag><tag>PCIID 9005028f90050608</tag><tag>PCIID 9005028f90050800</tag><tag>PCIID 9005028f90050801</tag><tag>PCIID 9005028f90050802</tag><tag>PCIID 9005028f90050803</tag><tag>PCIID 9005028f90050804</tag><tag>PCIID 9005028f90050805</tag><tag>PCIID 9005028f90050806</tag><tag>PCIID 9005028f90050807</tag><tag>PCIID 9005028f90050900</tag><tag>PCIID 9005028f90050901</tag><tag>PCIID 9005028f90050902</tag><tag>PCIID 9005028f90050903</tag><tag>PCIID 9005028f90050904</tag><tag>PCIID 9005028f90050905</tag><tag>PCIID 9005028f90050906</tag><tag>PCIID 9005028f90050907</tag><tag>PCIID 9005028f90050908</tag><tag>PCIID 9005028f9005090a</tag><tag>PCIID 9005028f90051200</tag><tag>PCIID 9005028f90051201</tag><tag>PCIID 9005028f90051202</tag><tag>PCIID 9005028f90051280</tag><tag>PCIID 9005028f90051281</tag><tag>PCIID 9005028f90051282</tag><tag>PCIID 9005028f90051300</tag><tag>PCIID 9005028f90051301</tag><tag>PCIID 9005028f90051302</tag><tag>PCIID 9005028f90051303</tag><tag>PCIID 9005028f90051380</tag><tag>module</tag><tag>driver</tag></software-tags><relative-path>vib20/smartpqi/VMW_bootbank_smartpqi_1.0.4.3011-1vmw.700.1.0.15843807.vib</relative-path><packed-size>110226</packed-size><checksum checksum-type="sha-256">3c5313550d97f0444b5f299986b7105c3ec602ae71d4f34708921c4fddfd7c3f</checksum><system-requires><maintenance-mode>false</maintenance-mode></system-requires><file-list><file>etc/vmware/default.map.d/smartpqi.map</file><file>usr/lib/vmware/vmkmod/smartpqi</file><file>usr/share/hwdata/default.pciids.d/smartpqi.ids</file></file-list><acceptance-level>certified</acceptance-level><live-install-allowed>false</live-install-allowed><live-remove-allowed>false</live-remove-allowed><cimom-restart>false</cimom-restart><stateless-ready>true</stateless-ready><overlay>false</overlay><payloads><payload name="smartpqi" type="vgz" size="102403"><checksum checksum-type="sha-256" verify-process="gunzip">1f9145154f619fae3efc9b2e8185c5e2fff8da2ad0bf3a275e246a7382a71086</checksum><checksum checksum-type="sha-256">0d9738411778a7e0901b07e52296f5ea1e2ac7337715560a4fb597b04dd7eb65</checksum><checksum checksum-type="sha-1" verify-process="gunzip">fad2fc7fdbe08a14d527b23caacf266180284a8a</checksum></payload></payloads></vib>