<vib version="5.0"><type>bootbank</type><name>smx-provider</name><version>700.03.16.00.12-14828939</version><vendor>HPE</vendor><summary>WBEM Providers for ESXi 7.0</summary><description>WBEM Providers for ESXi 7.0</description><release-date>2019-12-03T07:02:18.797152+00:00</release-date><urls><url key="hp">http://www.hp.com</url><url key="hpwbem">http://www.hp.com/go/vmware</url></urls><relationships><depends/><conflicts/><replaces><constraint name="hp-smx-limited"/><constraint name="hp-smx-provider"/><constraint name="hpe-smx-limited"/><constraint name="hpe-smx-provider"/><constraint name="smx-limited"/></replaces><provides><provide name="cim.DMTF.DSP1004" version="1.0.0"/><provide name="cim.SNIA.FC-HBA" version="1.3.0"/></provides><compatibleWith/></relationships><software-tags/><relative-path>vib20/smx-provider/HPE_bootbank_smx-provider_700.03.16.00.12-14828939.vib</relative-path><packed-size>21980138</packed-size><checksum checksum-type="sha-256">b5bf227fb1680fb6d71bbb6dfe52e98cc8803b311c8c549aa2e433a14ca87edc</checksum><system-requires><maintenance-mode>false</maintenance-mode></system-requires><file-list><file>etc/cim/openwsman/hp-smx.conf</file><file>etc/init.d/smx.init</file><file>etc/vmware/firewall/smxprovider.xml</file><file>opt/smx/SDR2Physloc.conf</file><file>opt/smx/SNIA/HBAAPI/FcHbaApi.c</file><file>opt/smx/SNIA/HBAAPI/FcHbaApi.h</file><file>opt/smx/SNIA/HBAAPI/SNIA_README.txt</file><file>opt/smx/pci.ids</file><file>opt/smx/vmw-gen10</file><file>opt/tools/gen10ornewer</file><file>opt/tools/getipmibtaddress</file><file>usr/lib64/cim/libIMLtext.so</file><file>usr/lib64/cim/libSMXBaseServerProvider.so</file><file>usr/lib64/cim/libSMXBladeMRA.so</file><file>usr/lib64/cim/libSMXBladeSystemLiteProvider.so</file><file>usr/lib64/cim/libSMXCPUMRA.so</file><file>usr/lib64/cim/libSMXCPUProvider.so</file><file>usr/lib64/cim/libSMXCmpiCpp.so</file><file>usr/lib64/cim/libSMXCmpiCppClient.so</file><file>usr/lib64/cim/libSMXCommon.so</file><file>usr/lib64/cim/libSMXComputerSystemMRA.so</file><file>usr/lib64/cim/libSMXEVFilters.so</file><file>usr/lib64/cim/libSMXEthernetMRA.so</file><file>usr/lib64/cim/libSMXEthernetMRI.so</file><file>usr/lib64/cim/libSMXEthernetPortProvider.so</file><file>usr/lib64/cim/libSMXExecutiveProvider.so</file><file>usr/lib64/cim/libSMXFCHBAProvider.so</file><file>usr/lib64/cim/libSMXFanMRA.so</file><file>usr/lib64/cim/libSMXFanProvider.so</file><file>usr/lib64/cim/libSMXFcHbaApi.so</file><file>usr/lib64/cim/libSMXFcHbaMRA.so</file><file>usr/lib64/cim/libSMXIMLMRA.so</file><file>usr/lib64/cim/libSMXIMLRecordLogProvider.so</file><file>usr/lib64/cim/libSMXLogger.so</file><file>usr/lib64/cim/libSMXMPLiteProvider.so</file><file>usr/lib64/cim/libSMXMPMRA.so</file><file>usr/lib64/cim/libSMXMPMRI.so</file><file>usr/lib64/cim/libSMXMemoryMRA.so</file><file>usr/lib64/cim/libSMXMemoryProvider.so</file><file>usr/lib64/cim/libSMXPCIMRA.so</file><file>usr/lib64/cim/libSMXPCIMRI.so</file><file>usr/lib64/cim/libSMXPCIProvider.so</file><file>usr/lib64/cim/libSMXPhysloc.so</file><file>usr/lib64/cim/libSMXPowerSupplyMRA.so</file><file>usr/lib64/cim/libSMXPowerSupplyProvider.so</file><file>usr/lib64/cim/libSMXProfileRegistrationProvider.so</file><file>usr/lib64/cim/libSMXResMem.so</file><file>usr/lib64/cim/libSMXRubah.so</file><file>usr/lib64/cim/libSMXSASHBAProvider.so</file><file>usr/lib64/cim/libSMXSCInstallerProvider.so</file><file>usr/lib64/cim/libSMXSCSIHBAProvider.so</file><file>usr/lib64/cim/libSMXSCSIMRA.so</file><file>usr/lib64/cim/libSMXSFWMRA.so</file><file>usr/lib64/cim/libSMXSasHbaMRA.so</file><file>usr/lib64/cim/libSMXSataMRA.so</file><file>usr/lib64/cim/libSMXSensorMRA.so</file><file>usr/lib64/cim/libSMXSensorProvider.so</file><file>usr/lib64/cim/libSMXSmBios.so</file><file>usr/lib64/cim/libSMXSmartArrayMRA.so</file><file>usr/lib64/cim/libSMXSmartArrayProvider.so</file><file>usr/lib64/cim/libSMXSysFs.so</file><file>usr/lib64/cim/libchif.so</file><file>usr/lib64/cim/libezbmc.so</file><file>usr/lib64/cim/libezbmcIPMItext.so</file><file>usr/lib64/cim/libhpbmic.so</file><file>usr/lib64/cim/libhpsgio.so</file><file>usr/lib64/cim/libsmartarray_eventbroker.so</file><file>usr/lib64/cim/libsmartarray_eventbroker_client.so</file><file>var/lib/sfcb/registration/repository/smx-0-0/interop/classSchemas</file><file>var/lib/sfcb/registration/repository/smx-0-0/interop/qualifiers</file><file>var/lib/sfcb/registration/repository/smx-0-0/interop/qualifiers.idx</file><file>var/lib/sfcb/registration/repository/smx-0-0/root/cimv2/classSchemas</file><file>var/lib/sfcb/registration/repository/smx-0-0/root/cimv2/qualifiers</file><file>var/lib/sfcb/registration/repository/smx-0-0/root/cimv2/qualifiers.idx</file><file>var/lib/sfcb/registration/repository/smx-0-0/root/hpq/classSchemas</file><file>var/lib/sfcb/registration/repository/smx-0-0/root/hpq/qualifiers</file><file>var/lib/sfcb/registration/repository/smx-0-0/root/hpq/qualifiers.idx</file><file>var/lib/sfcb/registration/repository/smx-0-0/root/interop/classSchemas</file><file>var/lib/sfcb/registration/repository/smx-0-0/root/interop/qualifiers</file><file>var/lib/sfcb/registration/repository/smx-0-0/root/interop/qualifiers.idx</file><file>var/lib/sfcb/registration/vmw_smx-provider-providerRegister</file></file-list><acceptance-level>accepted</acceptance-level><live-install-allowed>true</live-install-allowed><live-remove-allowed>false</live-remove-allowed><cimom-restart>true</cimom-restart><stateless-ready>true</stateless-ready><overlay>false</overlay><payloads><payload name="stage" type="vgz" size="21968325"><checksum checksum-type="sha-256" verify-process="gunzip">502bfbe3ff834a25f02cac8c15951c0a79cfbf88cab50b30fe02dc1aec75ec9c</checksum><checksum checksum-type="sha-256">e7cd46e8e7b769e4fc70fa43ff11d9d21c775a478547f66a053575fdee7fbb6a</checksum><checksum checksum-type="sha-1" verify-process="gunzip">9ba75725a93b8929dabcfa40315bfaad076f6671</checksum></payload></payloads></vib>