<vib version="5.0"><type>bootbank</type><name>testevent</name><version>700.10.5.0.24-7.0.0.15525992</version><vendor>HPE</vendor><summary>Test Event Utility for ESXi</summary><description>Test Event Utility for ESXi</description><release-date>2020-03-02T01:56:26.046186+00:00</release-date><urls><url key="General info">http://www.example.com</url></urls><relationships><depends><constraint name="esx-version" relation="&gt;=" version="7.0.0"/><constraint name="esx-version" relation="&lt;&lt;" version="7.1.0"/><constraint name="uwglibc64-2.12.2-1"/><constraint name="libvmkuser-7.0.0-1"/><constraint name="uwvmkcall-7.0.0-1"/><constraint name="vmkapi_2_6_0_0"/></depends><conflicts/><replaces><constraint name="hptestevent"/></replaces><provides/><compatibleWith/></relationships><software-tags/><relative-path>vib20/testevent/HPE_bootbank_testevent_700.10.5.0.24-7.0.0.15525992.vib</relative-path><packed-size>20028</packed-size><checksum checksum-type="sha-256">764e76c1a7797fcc98750513aefb2e170445f372ca32c32bc58d3c053096508e</checksum><system-requires><maintenance-mode>false</maintenance-mode></system-requires><file-list><file>opt/tools/testevent</file><file>opt/tools/testevent_esxcli</file><file>usr/lib/vmware/esxcli/ext/testevent.xml</file></file-list><acceptance-level>partner</acceptance-level><live-install-allowed>false</live-install-allowed><live-remove-allowed>false</live-remove-allowed><cimom-restart>false</cimom-restart><stateless-ready>true</stateless-ready><overlay>false</overlay><payloads><payload name="stage" type="vgz" size="12153"><checksum checksum-type="sha-256" verify-process="gunzip">a2d251ab5a0a4134ece8c79230d3f9e997e71c6fc6efce1e26b66544012a5051</checksum><checksum checksum-type="sha-256">04719c4213baf3b9a0d047ee4e2ad2757658b036c2d0c49443dac7f5f74dc807</checksum><checksum checksum-type="sha-1" verify-process="gunzip">b069e6d7bd69b9a0762ac6d7b3cd73c488b028ad</checksum></payload></payloads></vib>