<vib version="5.0"><type>locker</type><name>tools-light</name><version>11.0.5.15389592-15843807</version><vendor>VMware</vendor><summary>VMware Tools VIB for Windows and Linux guests (generated by ESXi server build 15843807)</summary><description>This package contains cdrom and floppy images used to install the VMware Tools inside virtual machines.</description><release-date>2020-03-16T09:40:26.443562+00:00</release-date><urls/><relationships><depends><constraint name="esx-version" relation="&gt;=" version="6.6.0"/></depends><conflicts/><replaces/><provides/><compatibleWith/></relationships><software-tags><tag>RestrictStickyFiles</tag></software-tags><relative-path>vib20/tools-light/VMware_locker_tools-light_11.0.5.15389592-15843807.vib</relative-path><packed-size>185072946</packed-size><checksum checksum-type="sha-256">97812bf7fca03255861114f899c0da5a24a16b52485ba732a0e6b5f73fcb144a</checksum><system-requires><maintenance-mode>false</maintenance-mode></system-requires><file-list><file>vmtoolsRepo/floppies/pvscsi-Windows2008.flp</file><file>vmtoolsRepo/floppies/pvscsi-Windows8.flp</file><file>vmtoolsRepo/floppies/pvscsi-WindowsVista.flp</file><file>vmtoolsRepo/vmtools/isoimages_manifest.txt</file><file>vmtoolsRepo/vmtools/isoimages_manifest.txt.sig</file><file>vmtoolsRepo/vmtools/linux.iso</file><file>vmtoolsRepo/vmtools/linux.iso.sha</file><file>vmtoolsRepo/vmtools/linux.iso.sig</file><file>vmtoolsRepo/vmtools/linux_avr_manifest.txt</file><file>vmtoolsRepo/vmtools/linux_avr_manifest.txt.sig</file><file>vmtoolsRepo/vmtools/windows.iso</file><file>vmtoolsRepo/vmtools/windows.iso.sha</file><file>vmtoolsRepo/vmtools/windows.iso.sig</file><file>vmtoolsRepo/vmtools/windows_avr_manifest.txt</file><file>vmtoolsRepo/vmtools/windows_avr_manifest.txt.sig</file></file-list><acceptance-level>certified</acceptance-level><live-install-allowed>true</live-install-allowed><live-remove-allowed>true</live-remove-allowed><cimom-restart>false</cimom-restart><stateless-ready>true</stateless-ready><overlay>false</overlay><payloads><payload name="tools" type="tgz" size="185067158"><checksum checksum-type="sha-256" verify-process="gunzip">f0d74893833e224d600b89a135733e7bd7ad1505ffeb10b3de52ee34c3e5d855</checksum><checksum checksum-type="sha-256">b07b2506b0c4663e94b2222e69f7867bd72508b479718bb886c136469d47de2b</checksum><checksum checksum-type="sha-1" verify-process="gunzip">0492fc0360bd795856bb3bb52f2080885a220404</checksum></payload></payloads></vib>