<vib version="5.0"><type>bootbank</type><name>vdfs</name><version>7.0.0-1.0.15843807</version><vendor>VMware</vendor><summary>ESXi VDFS</summary><description>VDFS for ESXi</description><release-date>2020-03-16T09:40:41.213346+00:00</release-date><urls/><relationships><depends><constraint name="esx-base" relation="&gt;=" version="7.0.0-1.0"/><constraint name="esx-base" relation="&lt;&lt;" version="7.0.0-1.1"/><constraint name="vmkapi_2_6_0_0"/></depends><conflicts/><replaces/><provides/><compatibleWith/></relationships><software-tags><tag>RestrictStickyFiles</tag></software-tags><relative-path>vib20/vdfs/VMware_bootbank_vdfs_7.0.0-1.0.15843807.vib</relative-path><packed-size>4578098</packed-size><checksum checksum-type="sha-256">3a83de19248f7dda20fb11042ad49fbebf799c1e012493358c67183389eda607</checksum><system-requires><maintenance-mode>false</maintenance-mode></system-requires><file-list><file>etc/init.d/fsvmsockrelay</file><file>etc/init.d/vdfsd</file><file>etc/vmsyslog.conf.d/vsanfs.configdump.conf</file><file>etc/vmsyslog.conf.d/vsanfs.mgmt.conf</file><file>etc/vmsyslog.conf.d/vsanfs.vdfsop.conf</file><file>etc/vmware/secpolicy/tardisks/vdfs</file><file>etc/vmware/vm-support/vsan-filesvc-dump.mfx</file><file>etc/vmware/vm-support/vsan-filesvc.mfx</file><file>etc/vmware/vsan/vsanfs_endpointmgmt.conf</file><file>lib64/libdouble-conversion.so</file><file>lib64/libdouble-conversion.so.3.0.0</file><file>lib64/libevent-2.0.so.5</file><file>lib64/libevent-2.0.so.5.1.10</file><file>lib64/libevent.so</file><file>lib64/libfolly.so</file><file>lib64/libgflags.so</file><file>lib64/libgflags.so.2.2</file><file>lib64/libgflags.so.2.2.1</file><file>lib64/libglog.so</file><file>lib64/libglog.so.0</file><file>lib64/libglog.so.0.3.5</file><file>lib64/liblz4.so</file><file>lib64/liblz4.so.1</file><file>lib64/liblz4.so.1.7.1</file><file>lib64/python3.5/site-packages/xattr.cpython-35m-x86_64-linux-gnu.so</file><file>usr/lib/vmware/osfs/lib/vdfs.so</file><file>usr/lib/vmware/vdfs/bin/sockrelay</file><file>usr/lib/vmware/vdfs/bin/vdfstool</file><file>usr/lib/vmware/vdfs/lib64/libvdfslibs.so</file><file>usr/lib/vmware/vmkmod/vdfs_9p</file><file>usr/lib/vmware/vsan/perfsvc/VDFSCollectRootFs.pyc</file><file>usr/lib/vmware/vsan/perfsvc/VDFSEndpointArbitrator.pyc</file><file>usr/lib/vmware/vsan/perfsvc/VDFSEndpointConfig.pyc</file><file>usr/lib/vmware/vsan/perfsvc/VDFSEndpointContainer.pyc</file><file>usr/lib/vmware/vsan/perfsvc/VDFSEndpointContainerDocker.pyc</file><file>usr/lib/vmware/vsan/perfsvc/VDFSEndpointController.pyc</file><file>usr/lib/vmware/vsan/perfsvc/VDFSEndpointESXProvider.pyc</file><file>usr/lib/vmware/vsan/perfsvc/VDFSEndpointGaneshaUtil.pyc</file><file>usr/lib/vmware/vsan/perfsvc/VDFSEndpointLibrary.pyc</file><file>usr/lib/vmware/vsan/perfsvc/VDFSEndpointMgrImpl.pyc</file><file>usr/lib/vmware/vsan/perfsvc/VDFSEndpointMonitor.pyc</file><file>usr/lib/vmware/vsan/perfsvc/VDFSEndpointOperator.pyc</file><file>usr/lib/vmware/vsan/perfsvc/VDFSEndpointPlatform.pyc</file><file>usr/lib/vmware/vsan/perfsvc/VDFSEndpointProtoUtil.pyc</file><file>usr/lib/vmware/vsan/perfsvc/VDFSEndpointUtil.pyc</file><file>usr/lib/vmware/vsan/perfsvc/VDFSFSVMStub.pyc</file><file>usr/lib/vmware/vsan/perfsvc/VDFSFetchContainerLogs.pyc</file><file>usr/lib/vmware/vsan/perfsvc/VDFSFetchVDFSToolDump.pyc</file><file>usr/lib/vmware/vsan/perfsvc/VDFSStubImpl.pyc</file><file>usr/lib/vmware/vsan/perfsvc/VsanFileServiceLibrary.pyc</file><file>usr/lib/vmware/vsan/perfsvc/VsanFileServiceOVF.pyc</file><file>usr/lib/vmware/vsan/perfsvc/VsanFileServiceSystem.pyc</file><file>usr/lib/vmware/vsan/perfsvc/VsanFileServiceSystemImpl.pyc</file><file>usr/lib/vmware/vsan/perfsvc/VsanFileServiceSystem__ext_init__.pyc</file><file>usr/lib/vmware/vsan/perfsvc/certifi/__init__.pyc</file><file>usr/lib/vmware/vsan/perfsvc/certifi/__main__.pyc</file><file>usr/lib/vmware/vsan/perfsvc/certifi/cacert.pem</file><file>usr/lib/vmware/vsan/perfsvc/certifi/core.pyc</file><file>usr/lib/vmware/vsan/perfsvc/certifi/old_root.pem</file><file>usr/lib/vmware/vsan/perfsvc/certifi/weak.pem</file><file>usr/lib/vmware/vsan/perfsvc/chardet/__init__.pyc</file><file>usr/lib/vmware/vsan/perfsvc/chardet/big5freq.pyc</file><file>usr/lib/vmware/vsan/perfsvc/chardet/big5prober.pyc</file><file>usr/lib/vmware/vsan/perfsvc/chardet/chardistribution.pyc</file><file>usr/lib/vmware/vsan/perfsvc/chardet/charsetgroupprober.pyc</file><file>usr/lib/vmware/vsan/perfsvc/chardet/charsetprober.pyc</file><file>usr/lib/vmware/vsan/perfsvc/chardet/cli/__init__.pyc</file><file>usr/lib/vmware/vsan/perfsvc/chardet/cli/chardetect.pyc</file><file>usr/lib/vmware/vsan/perfsvc/chardet/codingstatemachine.pyc</file><file>usr/lib/vmware/vsan/perfsvc/chardet/compat.pyc</file><file>usr/lib/vmware/vsan/perfsvc/chardet/cp949prober.pyc</file><file>usr/lib/vmware/vsan/perfsvc/chardet/enums.pyc</file><file>usr/lib/vmware/vsan/perfsvc/chardet/escprober.pyc</file><file>usr/lib/vmware/vsan/perfsvc/chardet/escsm.pyc</file><file>usr/lib/vmware/vsan/perfsvc/chardet/eucjpprober.pyc</file><file>usr/lib/vmware/vsan/perfsvc/chardet/euckrfreq.pyc</file><file>usr/lib/vmware/vsan/perfsvc/chardet/euckrprober.pyc</file><file>usr/lib/vmware/vsan/perfsvc/chardet/euctwfreq.pyc</file><file>usr/lib/vmware/vsan/perfsvc/chardet/euctwprober.pyc</file><file>usr/lib/vmware/vsan/perfsvc/chardet/gb2312freq.pyc</file><file>usr/lib/vmware/vsan/perfsvc/chardet/gb2312prober.pyc</file><file>usr/lib/vmware/vsan/perfsvc/chardet/hebrewprober.pyc</file><file>usr/lib/vmware/vsan/perfsvc/chardet/jisfreq.pyc</file><file>usr/lib/vmware/vsan/perfsvc/chardet/jpcntx.pyc</file><file>usr/lib/vmware/vsan/perfsvc/chardet/langbulgarianmodel.pyc</file><file>usr/lib/vmware/vsan/perfsvc/chardet/langcyrillicmodel.pyc</file><file>usr/lib/vmware/vsan/perfsvc/chardet/langgreekmodel.pyc</file><file>usr/lib/vmware/vsan/perfsvc/chardet/langhebrewmodel.pyc</file><file>usr/lib/vmware/vsan/perfsvc/chardet/langhungarianmodel.pyc</file><file>usr/lib/vmware/vsan/perfsvc/chardet/langthaimodel.pyc</file><file>usr/lib/vmware/vsan/perfsvc/chardet/langturkishmodel.pyc</file><file>usr/lib/vmware/vsan/perfsvc/chardet/latin1prober.pyc</file><file>usr/lib/vmware/vsan/perfsvc/chardet/mbcharsetprober.pyc</file><file>usr/lib/vmware/vsan/perfsvc/chardet/mbcsgroupprober.pyc</file><file>usr/lib/vmware/vsan/perfsvc/chardet/mbcssm.pyc</file><file>usr/lib/vmware/vsan/perfsvc/chardet/sbcharsetprober.pyc</file><file>usr/lib/vmware/vsan/perfsvc/chardet/sbcsgroupprober.pyc</file><file>usr/lib/vmware/vsan/perfsvc/chardet/sjisprober.pyc</file><file>usr/lib/vmware/vsan/perfsvc/chardet/universaldetector.pyc</file><file>usr/lib/vmware/vsan/perfsvc/chardet/utf8prober.pyc</file><file>usr/lib/vmware/vsan/perfsvc/chardet/version.pyc</file><file>usr/lib/vmware/vsan/perfsvc/docker/__init__.pyc</file><file>usr/lib/vmware/vsan/perfsvc/docker/api/__init__.pyc</file><file>usr/lib/vmware/vsan/perfsvc/docker/api/build.pyc</file><file>usr/lib/vmware/vsan/perfsvc/docker/api/client.pyc</file><file>usr/lib/vmware/vsan/perfsvc/docker/api/config.pyc</file><file>usr/lib/vmware/vsan/perfsvc/docker/api/container.pyc</file><file>usr/lib/vmware/vsan/perfsvc/docker/api/daemon.pyc</file><file>usr/lib/vmware/vsan/perfsvc/docker/api/exec_api.pyc</file><file>usr/lib/vmware/vsan/perfsvc/docker/api/image.pyc</file><file>usr/lib/vmware/vsan/perfsvc/docker/api/network.pyc</file><file>usr/lib/vmware/vsan/perfsvc/docker/api/plugin.pyc</file><file>usr/lib/vmware/vsan/perfsvc/docker/api/secret.pyc</file><file>usr/lib/vmware/vsan/perfsvc/docker/api/service.pyc</file><file>usr/lib/vmware/vsan/perfsvc/docker/api/swarm.pyc</file><file>usr/lib/vmware/vsan/perfsvc/docker/api/volume.pyc</file><file>usr/lib/vmware/vsan/perfsvc/docker/auth.pyc</file><file>usr/lib/vmware/vsan/perfsvc/docker/client.pyc</file><file>usr/lib/vmware/vsan/perfsvc/docker/constants.pyc</file><file>usr/lib/vmware/vsan/perfsvc/docker/errors.pyc</file><file>usr/lib/vmware/vsan/perfsvc/docker/models/__init__.pyc</file><file>usr/lib/vmware/vsan/perfsvc/docker/models/configs.pyc</file><file>usr/lib/vmware/vsan/perfsvc/docker/models/containers.pyc</file><file>usr/lib/vmware/vsan/perfsvc/docker/models/images.pyc</file><file>usr/lib/vmware/vsan/perfsvc/docker/models/networks.pyc</file><file>usr/lib/vmware/vsan/perfsvc/docker/models/nodes.pyc</file><file>usr/lib/vmware/vsan/perfsvc/docker/models/plugins.pyc</file><file>usr/lib/vmware/vsan/perfsvc/docker/models/resource.pyc</file><file>usr/lib/vmware/vsan/perfsvc/docker/models/secrets.pyc</file><file>usr/lib/vmware/vsan/perfsvc/docker/models/services.pyc</file><file>usr/lib/vmware/vsan/perfsvc/docker/models/swarm.pyc</file><file>usr/lib/vmware/vsan/perfsvc/docker/models/volumes.pyc</file><file>usr/lib/vmware/vsan/perfsvc/docker/tls.pyc</file><file>usr/lib/vmware/vsan/perfsvc/docker/transport/__init__.pyc</file><file>usr/lib/vmware/vsan/perfsvc/docker/transport/npipeconn.pyc</file><file>usr/lib/vmware/vsan/perfsvc/docker/transport/npipesocket.pyc</file><file>usr/lib/vmware/vsan/perfsvc/docker/transport/ssladapter.pyc</file><file>usr/lib/vmware/vsan/perfsvc/docker/transport/unixconn.pyc</file><file>usr/lib/vmware/vsan/perfsvc/docker/types/__init__.pyc</file><file>usr/lib/vmware/vsan/perfsvc/docker/types/base.pyc</file><file>usr/lib/vmware/vsan/perfsvc/docker/types/containers.pyc</file><file>usr/lib/vmware/vsan/perfsvc/docker/types/healthcheck.pyc</file><file>usr/lib/vmware/vsan/perfsvc/docker/types/networks.pyc</file><file>usr/lib/vmware/vsan/perfsvc/docker/types/services.pyc</file><file>usr/lib/vmware/vsan/perfsvc/docker/types/swarm.pyc</file><file>usr/lib/vmware/vsan/perfsvc/docker/utils/__init__.pyc</file><file>usr/lib/vmware/vsan/perfsvc/docker/utils/build.pyc</file><file>usr/lib/vmware/vsan/perfsvc/docker/utils/decorators.pyc</file><file>usr/lib/vmware/vsan/perfsvc/docker/utils/fnmatch.pyc</file><file>usr/lib/vmware/vsan/perfsvc/docker/utils/json_stream.pyc</file><file>usr/lib/vmware/vsan/perfsvc/docker/utils/ports.pyc</file><file>usr/lib/vmware/vsan/perfsvc/docker/utils/socket.pyc</file><file>usr/lib/vmware/vsan/perfsvc/docker/utils/utils.pyc</file><file>usr/lib/vmware/vsan/perfsvc/docker/version.pyc</file><file>usr/lib/vmware/vsan/perfsvc/dockerpycreds/__init__.pyc</file><file>usr/lib/vmware/vsan/perfsvc/dockerpycreds/constants.pyc</file><file>usr/lib/vmware/vsan/perfsvc/dockerpycreds/errors.pyc</file><file>usr/lib/vmware/vsan/perfsvc/dockerpycreds/store.pyc</file><file>usr/lib/vmware/vsan/perfsvc/dockerpycreds/version.pyc</file><file>usr/lib/vmware/vsan/perfsvc/idna/__init__.pyc</file><file>usr/lib/vmware/vsan/perfsvc/idna/codec.pyc</file><file>usr/lib/vmware/vsan/perfsvc/idna/compat.pyc</file><file>usr/lib/vmware/vsan/perfsvc/idna/core.pyc</file><file>usr/lib/vmware/vsan/perfsvc/idna/idnadata.pyc</file><file>usr/lib/vmware/vsan/perfsvc/idna/intranges.pyc</file><file>usr/lib/vmware/vsan/perfsvc/idna/uts46data.pyc</file><file>usr/lib/vmware/vsan/perfsvc/platforms/esx/PlatformCMMDS.pyc</file><file>usr/lib/vmware/vsan/perfsvc/platforms/esx/PlatformHost.pyc</file><file>usr/lib/vmware/vsan/perfsvc/platforms/esx/PlatformLogger.pyc</file><file>usr/lib/vmware/vsan/perfsvc/platforms/esx/PlatformVDFS.pyc</file><file>usr/lib/vmware/vsan/perfsvc/requests/__init__.pyc</file><file>usr/lib/vmware/vsan/perfsvc/requests/__version__.pyc</file><file>usr/lib/vmware/vsan/perfsvc/requests/_internal_utils.pyc</file><file>usr/lib/vmware/vsan/perfsvc/requests/adapters.pyc</file><file>usr/lib/vmware/vsan/perfsvc/requests/api.pyc</file><file>usr/lib/vmware/vsan/perfsvc/requests/auth.pyc</file><file>usr/lib/vmware/vsan/perfsvc/requests/certs.pyc</file><file>usr/lib/vmware/vsan/perfsvc/requests/compat.pyc</file><file>usr/lib/vmware/vsan/perfsvc/requests/cookies.pyc</file><file>usr/lib/vmware/vsan/perfsvc/requests/exceptions.pyc</file><file>usr/lib/vmware/vsan/perfsvc/requests/help.pyc</file><file>usr/lib/vmware/vsan/perfsvc/requests/hooks.pyc</file><file>usr/lib/vmware/vsan/perfsvc/requests/models.pyc</file><file>usr/lib/vmware/vsan/perfsvc/requests/packages.pyc</file><file>usr/lib/vmware/vsan/perfsvc/requests/sessions.pyc</file><file>usr/lib/vmware/vsan/perfsvc/requests/status_codes.pyc</file><file>usr/lib/vmware/vsan/perfsvc/requests/structures.pyc</file><file>usr/lib/vmware/vsan/perfsvc/requests/utils.pyc</file><file>usr/lib/vmware/vsan/perfsvc/urllib3/__init__.pyc</file><file>usr/lib/vmware/vsan/perfsvc/urllib3/_collections.pyc</file><file>usr/lib/vmware/vsan/perfsvc/urllib3/connection.pyc</file><file>usr/lib/vmware/vsan/perfsvc/urllib3/connectionpool.pyc</file><file>usr/lib/vmware/vsan/perfsvc/urllib3/contrib/__init__.pyc</file><file>usr/lib/vmware/vsan/perfsvc/urllib3/contrib/_securetransport/__init__.pyc</file><file>usr/lib/vmware/vsan/perfsvc/urllib3/contrib/_securetransport/bindings.pyc</file><file>usr/lib/vmware/vsan/perfsvc/urllib3/contrib/_securetransport/low_level.pyc</file><file>usr/lib/vmware/vsan/perfsvc/urllib3/contrib/appengine.pyc</file><file>usr/lib/vmware/vsan/perfsvc/urllib3/contrib/ntlmpool.pyc</file><file>usr/lib/vmware/vsan/perfsvc/urllib3/contrib/pyopenssl.pyc</file><file>usr/lib/vmware/vsan/perfsvc/urllib3/contrib/securetransport.pyc</file><file>usr/lib/vmware/vsan/perfsvc/urllib3/contrib/socks.pyc</file><file>usr/lib/vmware/vsan/perfsvc/urllib3/exceptions.pyc</file><file>usr/lib/vmware/vsan/perfsvc/urllib3/fields.pyc</file><file>usr/lib/vmware/vsan/perfsvc/urllib3/filepost.pyc</file><file>usr/lib/vmware/vsan/perfsvc/urllib3/packages/__init__.pyc</file><file>usr/lib/vmware/vsan/perfsvc/urllib3/packages/backports/__init__.pyc</file><file>usr/lib/vmware/vsan/perfsvc/urllib3/packages/backports/makefile.pyc</file><file>usr/lib/vmware/vsan/perfsvc/urllib3/packages/ordered_dict.pyc</file><file>usr/lib/vmware/vsan/perfsvc/urllib3/packages/six.pyc</file><file>usr/lib/vmware/vsan/perfsvc/urllib3/packages/ssl_match_hostname/__init__.pyc</file><file>usr/lib/vmware/vsan/perfsvc/urllib3/packages/ssl_match_hostname/_implementation.pyc</file><file>usr/lib/vmware/vsan/perfsvc/urllib3/poolmanager.pyc</file><file>usr/lib/vmware/vsan/perfsvc/urllib3/request.pyc</file><file>usr/lib/vmware/vsan/perfsvc/urllib3/response.pyc</file><file>usr/lib/vmware/vsan/perfsvc/urllib3/util/__init__.pyc</file><file>usr/lib/vmware/vsan/perfsvc/urllib3/util/connection.pyc</file><file>usr/lib/vmware/vsan/perfsvc/urllib3/util/request.pyc</file><file>usr/lib/vmware/vsan/perfsvc/urllib3/util/response.pyc</file><file>usr/lib/vmware/vsan/perfsvc/urllib3/util/retry.pyc</file><file>usr/lib/vmware/vsan/perfsvc/urllib3/util/selectors.pyc</file><file>usr/lib/vmware/vsan/perfsvc/urllib3/util/ssl_.pyc</file><file>usr/lib/vmware/vsan/perfsvc/urllib3/util/timeout.pyc</file><file>usr/lib/vmware/vsan/perfsvc/urllib3/util/url.pyc</file><file>usr/lib/vmware/vsan/perfsvc/urllib3/util/wait.pyc</file><file>usr/lib/vmware/vsan/perfsvc/websocket/__init__.pyc</file><file>usr/lib/vmware/vsan/perfsvc/websocket/_abnf.pyc</file><file>usr/lib/vmware/vsan/perfsvc/websocket/_app.pyc</file><file>usr/lib/vmware/vsan/perfsvc/websocket/_core.pyc</file><file>usr/lib/vmware/vsan/perfsvc/websocket/_exceptions.pyc</file><file>usr/lib/vmware/vsan/perfsvc/websocket/_handshake.pyc</file><file>usr/lib/vmware/vsan/perfsvc/websocket/_http.pyc</file><file>usr/lib/vmware/vsan/perfsvc/websocket/_logging.pyc</file><file>usr/lib/vmware/vsan/perfsvc/websocket/_socket.pyc</file><file>usr/lib/vmware/vsan/perfsvc/websocket/_ssl_compat.pyc</file><file>usr/lib/vmware/vsan/perfsvc/websocket/_url.pyc</file><file>usr/lib/vmware/vsan/perfsvc/websocket/_utils.pyc</file><file>usr/lib/vmware/vsan/perfsvc/websocket/cacert.pem</file><file>usr/lib64/libboost_thread-gcc64-mt-x64-1_67.so.1.67.0</file></file-list><acceptance-level>certified</acceptance-level><live-install-allowed>true</live-install-allowed><live-remove-allowed>true</live-remove-allowed><cimom-restart>false</cimom-restart><stateless-ready>true</stateless-ready><overlay>false</overlay><payloads><payload name="vdfs" type="vgz" size="4558421"><checksum checksum-type="sha-256" verify-process="gunzip">a33420f0785a94a84eff088105a11bcfb57e1406d39797b48abdda342bb1c3cd</checksum><checksum checksum-type="sha-256">7ba8a2dbb4ea6a5735a4c40ae8e779332b83c5aa03fb8959b5779973ce907489</checksum><checksum checksum-type="sha-1" verify-process="gunzip">51d73a56473c5a9863fe9bdc7ee604b083ae692a</checksum></payload></payloads></vib>