<vib version="5.0"><type>bootbank</type><name>vmkata</name><version>0.1-1vmw.700.1.0.15843807</version><vendor>VMW</vendor><summary>VMware Esx VIB</summary><description>Native ATA driver for VMware</description><release-date>2020-03-16T09:39:53.812949+00:00</release-date><urls/><relationships><depends><constraint name="vmkapi_2_6_0_0"/><constraint name="vmkapi_incompat_2_6_0_0"/></depends><conflicts/><replaces/><provides/><compatibleWith/></relationships><software-tags><tag>RestrictStickyFiles</tag><tag>PCIID 11660240</tag><tag>PCIID 11660241</tag><tag>PCIID 11660242</tag><tag>PCIID 1166024a</tag><tag>PCIID 1166024b</tag><tag>PCIID 80861c00</tag><tag>PCIID 80861c01</tag><tag>PCIID 80861c08</tag><tag>PCIID 80861c09</tag><tag>PCIID 80861d00</tag><tag>PCIID 80861d08</tag><tag>PCIID 80861e00</tag><tag>PCIID 80861e01</tag><tag>PCIID 80861e08</tag><tag>PCIID 80861e09</tag><tag>PCIID 80861f20</tag><tag>PCIID 80861f21</tag><tag>PCIID 80861f30</tag><tag>PCIID 80861f31</tag><tag>PCIID 808623a1</tag><tag>PCIID 808623a6</tag><tag>PCIID 80862411</tag><tag>PCIID 80862421</tag><tag>PCIID 8086244a</tag><tag>PCIID 8086244b</tag><tag>PCIID 8086245b</tag><tag>PCIID 8086248a</tag><tag>PCIID 8086248b</tag><tag>PCIID 808624ca</tag><tag>PCIID 808624cb</tag><tag>PCIID 808624d1</tag><tag>PCIID 808624db</tag><tag>PCIID 808624df</tag><tag>PCIID 808625a2</tag><tag>PCIID 808625a3</tag><tag>PCIID 808625b0</tag><tag>PCIID 80862651</tag><tag>PCIID 8086266f</tag><tag>PCIID 80862680</tag><tag>PCIID 8086269e</tag><tag>PCIID 808627c0</tag><tag>PCIID 808627c4</tag><tag>PCIID 808627df</tag><tag>PCIID 80862820</tag><tag>PCIID 80862825</tag><tag>PCIID 80862828</tag><tag>PCIID 80862850</tag><tag>PCIID 80862920</tag><tag>PCIID 80862921</tag><tag>PCIID 80862926</tag><tag>PCIID 80862928</tag><tag>PCIID 8086292d</tag><tag>PCIID 8086292e</tag><tag>PCIID 80863a00</tag><tag>PCIID 80863a06</tag><tag>PCIID 80863a20</tag><tag>PCIID 80863a26</tag><tag>PCIID 80863b20</tag><tag>PCIID 80863b21</tag><tag>PCIID 80863b26</tag><tag>PCIID 80863b28</tag><tag>PCIID 80863b2d</tag><tag>PCIID 80863b2e</tag><tag>PCIID 80867010</tag><tag>PCIID 80867111</tag><tag>PCIID 80867199</tag><tag>PCIID 80867601</tag><tag>PCIID 808684ca</tag><tag>PCIID 80868c00</tag><tag>PCIID 80868c01</tag><tag>PCIID 80868c08</tag><tag>PCIID 80868c09</tag><tag>PCIID 80868d00</tag><tag>PCIID 80868d08</tag><tag>PCIID 80868d60</tag><tag>PCIID 80868d68</tag><tag>module</tag><tag>driver</tag></software-tags><relative-path>vib20/vmkata/VMW_bootbank_vmkata_0.1-1vmw.700.1.0.15843807.vib</relative-path><packed-size>63834</packed-size><checksum checksum-type="sha-256">edcc872ed274aff68c5f9aae48ea73266a58fb0c94b7caedfd61a2589321b53f</checksum><system-requires><maintenance-mode>true</maintenance-mode></system-requires><file-list><file>etc/vmware/default.map.d/vmkata.map</file><file>usr/lib/vmware/vmkmod/vmkata</file><file>usr/share/hwdata/default.pciids.d/vmkata.ids</file></file-list><acceptance-level>certified</acceptance-level><live-install-allowed>false</live-install-allowed><live-remove-allowed>true</live-remove-allowed><cimom-restart>false</cimom-restart><stateless-ready>true</stateless-ready><overlay>false</overlay><payloads><payload name="vmkata" type="vgz" size="56892"><checksum checksum-type="sha-256" verify-process="gunzip">340eaa53a84a8abc11f5cc09a971eda2826fce5eb75eb1b0c658abe2997c019a</checksum><checksum checksum-type="sha-256">ca7d667ce391d1bd6b2fad5635edc58003157cd19b0be4ca0e00649f0dbdbd13</checksum><checksum checksum-type="sha-1" verify-process="gunzip">668446f5decde02c1ee4a5d4f3e211dd12ceaa7d</checksum></payload></payloads></vib>