<vib version="5.0"><type>bootbank</type><name>vmkfcoe</name><version>1.0.0.2-1vmw.700.1.0.15843807</version><vendor>VMW</vendor><summary>VMware Esx VIB</summary><description>Native Software FCoE Driver for VMware ESX</description><release-date>2020-03-16T09:39:54.278330+00:00</release-date><urls/><relationships><depends><constraint name="vmkapi_2_6_0_0"/><constraint name="vmkapi_incompat_2_6_0_0"/></depends><conflicts/><replaces/><provides/><compatibleWith/></relationships><software-tags><tag>RestrictStickyFiles</tag><tag>module</tag><tag>driver</tag></software-tags><relative-path>vib20/vmkfcoe/VMW_bootbank_vmkfcoe_1.0.0.2-1vmw.700.1.0.15843807.vib</relative-path><packed-size>276608</packed-size><checksum checksum-type="sha-256">5f64f09b5bc001b08cd3e8c55715dbdb41c72a8f50593134056d34480ada4e18</checksum><system-requires><maintenance-mode>true</maintenance-mode></system-requires><file-list><file>etc/vmware/default.map.d/vmkfcoe.map</file><file>usr/lib/vmware/vmkmod/vmkfcoe</file></file-list><acceptance-level>certified</acceptance-level><live-install-allowed>false</live-install-allowed><live-remove-allowed>false</live-remove-allowed><cimom-restart>false</cimom-restart><stateless-ready>true</stateless-ready><overlay>false</overlay><payloads><payload name="vmkfcoe" type="vgz" size="271599"><checksum checksum-type="sha-256" verify-process="gunzip">71145ed8826af0adae8aa651b0e6ec2739be8d3eb9e0c6cac22d1c9e2bf29ce8</checksum><checksum checksum-type="sha-256">984bdd442900e536e445cbfc45a9ff2b16ed0a5dd5559ea7a6c1facbaedd2447</checksum><checksum checksum-type="sha-1" verify-process="gunzip">eb6b7930100a322dde6dfe675ec5018a39be4d64</checksum></payload></payloads></vib>