<vib version="5.0"><type>bootbank</type><name>vmkusb</name><version>0.1-1vmw.700.1.0.15843807</version><vendor>VMW</vendor><summary>VMware Esx VIB</summary><description>USB Native Driver for VMware</description><release-date>2020-03-16T09:39:53.881836+00:00</release-date><urls/><relationships><depends><constraint name="vmkapi_2_6_0_0"/><constraint name="vmkapi_incompat_2_6_0_0"/></depends><conflicts/><replaces/><provides/><compatibleWith/></relationships><software-tags><tag>RestrictStickyFiles</tag><tag>PCIID ................0c0300</tag><tag>PCIID ................0c0310</tag><tag>PCIID ................0c0320</tag><tag>PCIID ................0c0330</tag><tag>module</tag><tag>driver</tag></software-tags><relative-path>vib20/vmkusb/VMW_bootbank_vmkusb_0.1-1vmw.700.1.0.15843807.vib</relative-path><packed-size>336414</packed-size><checksum checksum-type="sha-256">2a6303352313d6c6af85921cf74fe0dc1f2fec4d182028a67a18f1087c424ce6</checksum><system-requires><maintenance-mode>true</maintenance-mode></system-requires><file-list><file>etc/vmware/default.map.d/vmkusb_acpi.map</file><file>etc/vmware/default.map.d/vmkusb_pci.map</file><file>usr/lib/vmware/vmkmod/vmkusb</file></file-list><acceptance-level>certified</acceptance-level><live-install-allowed>false</live-install-allowed><live-remove-allowed>false</live-remove-allowed><cimom-restart>false</cimom-restart><stateless-ready>true</stateless-ready><overlay>false</overlay><payloads><payload name="vmkusb" type="vgz" size="331213"><checksum checksum-type="sha-256" verify-process="gunzip">68b360652c1b5caeb08da6d4d00937f90765c3e539dc1497722dd5750be1b501</checksum><checksum checksum-type="sha-256">2831a982df675df4135dd8e990df886bdc30c1dbf9f88eb2ab355d160c273515</checksum><checksum checksum-type="sha-1" verify-process="gunzip">a82fa18a3a6a77fd22916b582c9addd43d73999c</checksum></payload></payloads></vib>