<vib version="5.0"><type>bootbank</type><name>vmw-ahci</name><version>1.3.9-1vmw.700.1.0.15843807</version><vendor>VMW</vendor><summary>VMware Esx VIB</summary><description>VMware Native AHCI Driver</description><release-date>2020-03-16T09:39:53.851951+00:00</release-date><urls/><relationships><depends><constraint name="vmkapi_2_6_0_0"/></depends><conflicts/><replaces/><provides/><compatibleWith/></relationships><software-tags><tag>RestrictStickyFiles</tag><tag>PCIID ................010601</tag><tag>PCIID 10024390</tag><tag>PCIID 10024391</tag><tag>PCIID 10024392</tag><tag>PCIID 10024393</tag><tag>PCIID 10024394</tag><tag>PCIID 10227800</tag><tag>PCIID 10227801</tag><tag>PCIID 10227804</tag><tag>PCIID 10227900</tag><tag>PCIID 10227901</tag><tag>PCIID 10227904</tag><tag>PCIID 10b95288</tag><tag>PCIID 10de0ad0</tag><tag>PCIID 10de0ad4</tag><tag>PCIID 10de0d88</tag><tag>PCIID 144d1600</tag><tag>PCIID 144da801</tag><tag>PCIID 15ad07e0</tag><tag>PCIID 1b210612</tag><tag>PCIID 1b4b9230</tag><tag>PCIID 1b622923</tag><tag>PCIID 808619b0</tag><tag>PCIID 808619b1</tag><tag>PCIID 808619b2</tag><tag>PCIID 808619b3</tag><tag>PCIID 808619b4</tag><tag>PCIID 808619b5</tag><tag>PCIID 808619b6</tag><tag>PCIID 808619b7</tag><tag>PCIID 808619be</tag><tag>PCIID 808619bf</tag><tag>PCIID 808619c0</tag><tag>PCIID 808619c1</tag><tag>PCIID 808619c2</tag><tag>PCIID 808619c3</tag><tag>PCIID 808619c4</tag><tag>PCIID 808619c5</tag><tag>PCIID 808619c6</tag><tag>PCIID 808619c7</tag><tag>PCIID 808619ce</tag><tag>PCIID 808619cf</tag><tag>PCIID 80861c02</tag><tag>PCIID 80861c03</tag><tag>PCIID 80861c04</tag><tag>PCIID 80861c05</tag><tag>PCIID 80861c06</tag><tag>PCIID 80861c07</tag><tag>PCIID 80861d02</tag><tag>PCIID 80861d04</tag><tag>PCIID 80861d06</tag><tag>PCIID 80861e02</tag><tag>PCIID 80861e03</tag><tag>PCIID 80861f22</tag><tag>PCIID 80861f23</tag><tag>PCIID 80861f24</tag><tag>PCIID 80861f25</tag><tag>PCIID 80861f26</tag><tag>PCIID 80861f27</tag><tag>PCIID 80861f2e</tag><tag>PCIID 80861f2f</tag><tag>PCIID 80861f32</tag><tag>PCIID 80861f33</tag><tag>PCIID 80861f34</tag><tag>PCIID 80861f35</tag><tag>PCIID 80861f36</tag><tag>PCIID 80861f37</tag><tag>PCIID 80861f3e</tag><tag>PCIID 80861f3f</tag><tag>PCIID 80862321</tag><tag>PCIID 80862323</tag><tag>PCIID 80862326</tag><tag>PCIID 808623a3</tag><tag>PCIID 80862652</tag><tag>PCIID 80862653</tag><tag>PCIID 80862681</tag><tag>PCIID 80862682</tag><tag>PCIID 80862683</tag><tag>PCIID 808627c1</tag><tag>PCIID 808627c3</tag><tag>PCIID 808627c5</tag><tag>PCIID 808627c6</tag><tag>PCIID 80862821</tag><tag>PCIID 80862822</tag><tag>PCIID 80862823</tag><tag>PCIID 80862824</tag><tag>PCIID 80862826</tag><tag>PCIID 80862827</tag><tag>PCIID 80862829</tag><tag>PCIID 8086282a</tag><tag>PCIID 80862922</tag><tag>PCIID 80862923</tag><tag>PCIID 80862924</tag><tag>PCIID 80862925</tag><tag>PCIID 80862927</tag><tag>PCIID 80862929</tag><tag>PCIID 8086292a</tag><tag>PCIID 8086292b</tag><tag>PCIID 8086292f</tag><tag>PCIID 8086294d</tag><tag>PCIID 8086294e</tag><tag>PCIID 80863a02</tag><tag>PCIID 80863a05</tag><tag>PCIID 80863a22</tag><tag>PCIID 80863a25</tag><tag>PCIID 80863b22</tag><tag>PCIID 80863b23</tag><tag>PCIID 80863b24</tag><tag>PCIID 80863b25</tag><tag>PCIID 80863b29</tag><tag>PCIID 80863b2b</tag><tag>PCIID 80863b2c</tag><tag>PCIID 80863b2f</tag><tag>PCIID 80868c02</tag><tag>PCIID 80868c03</tag><tag>PCIID 80868c04</tag><tag>PCIID 80868c05</tag><tag>PCIID 80868c06</tag><tag>PCIID 80868c07</tag><tag>PCIID 80868c0e</tag><tag>PCIID 80868c0f</tag><tag>PCIID 80868d02</tag><tag>PCIID 80868d04</tag><tag>PCIID 80868d06</tag><tag>PCIID 80868d0e</tag><tag>PCIID 80868d62</tag><tag>PCIID 80868d64</tag><tag>PCIID 80868d66</tag><tag>PCIID 80868d6e</tag><tag>PCIID 80869c03</tag><tag>PCIID 80869c83</tag><tag>PCIID 80869d03</tag><tag>PCIID 80869d05</tag><tag>PCIID 80869d07</tag><tag>PCIID 8086a102</tag><tag>PCIID 8086a103</tag><tag>PCIID 8086a105</tag><tag>PCIID 8086a106</tag><tag>PCIID 8086a107</tag><tag>PCIID 8086a10f</tag><tag>PCIID 8086a182</tag><tag>PCIID 8086a1d2</tag><tag>PCIID 8086a202</tag><tag>PCIID 8086a252</tag><tag>PCIID 8086a282</tag><tag>PCIID 8086a352</tag><tag>module</tag><tag>driver</tag></software-tags><relative-path>vib20/vmw-ahci/VMW_bootbank_vmw-ahci_1.3.9-1vmw.700.1.0.15843807.vib</relative-path><packed-size>75348</packed-size><checksum checksum-type="sha-256">688f0fec49ac63215fe01d894eca3bb04937f477c5a7a0aa8946b3e36af06d00</checksum><system-requires><maintenance-mode>true</maintenance-mode></system-requires><file-list><file>etc/vmware/default.map.d/vmw_ahci_acpi.map</file><file>etc/vmware/default.map.d/vmw_ahci_pci.map</file><file>usr/lib/vmware/vmkmod/vmw_ahci</file><file>usr/share/hwdata/default.pciids.d/vmw_ahci.ids</file></file-list><acceptance-level>certified</acceptance-level><live-install-allowed>false</live-install-allowed><live-remove-allowed>false</live-remove-allowed><cimom-restart>false</cimom-restart><stateless-ready>true</stateless-ready><overlay>false</overlay><payloads><payload name="vmw-ahci" type="vgz" size="66617"><checksum checksum-type="sha-256" verify-process="gunzip">927db57000ac9fc99d68e75624d3cd61b577a6355c97a51851ee10abab0e0a64</checksum><checksum checksum-type="sha-256">4cfee0d96ef0f81965fd6e78b1ad08b51979e858f8a3940a37ef319b4da3edb0</checksum><checksum checksum-type="sha-1" verify-process="gunzip">12004500c218e0f2534de21c8fb43f47aec5ad81</checksum></payload></payloads></vib>