<vib version="5.0"><type>bootbank</type><name>vmware-esx-esxcli-nvme-plugin</name><version>1.2.0.37-1vmw.700.1.0.15843807</version><vendor>VMware</vendor><summary>VMware nvme driver esxcli plugin</summary><description>This package contains the esxcli plugin of the VMwarenvme driver.</description><release-date>2020-03-16T09:40:36.357673+00:00</release-date><urls/><relationships><depends/><conflicts/><replaces/><provides/><compatibleWith/></relationships><software-tags><tag>RestrictStickyFiles</tag></software-tags><relative-path>vib20/vmware-esx-esxcli-nvme-plugin/VMware_bootbank_vmware-esx-esxcli-nvme-plugin_1.2.0.37-1vmw.700.1.0.15843807.vib</relative-path><packed-size>48860</packed-size><checksum checksum-type="sha-256">e2b7d8b4aa48876d4fcdeb895b5e1b5501032ff72aee784f18412cfbd4b3863f</checksum><system-requires><maintenance-mode>false</maintenance-mode></system-requires><file-list><file>opt/vmware/nvme/esxcli-nvme-plugin</file><file>usr/lib/vmware/esxcli/ext/esxcli-nvme.xml</file></file-list><acceptance-level>certified</acceptance-level><live-install-allowed>true</live-install-allowed><live-remove-allowed>true</live-remove-allowed><cimom-restart>false</cimom-restart><stateless-ready>true</stateless-ready><overlay>false</overlay><payloads><payload name="vmware-e" type="vgz" size="43898"><checksum checksum-type="sha-256" verify-process="gunzip">e209bc422612cb339cc7086cfca881c021d6755f04ab892fbfaf78aba5147577</checksum><checksum checksum-type="sha-256">567d144ce4b40ca07348d4c27db3a782571c7c240c477dc253e4c16aed72a04b</checksum><checksum checksum-type="sha-1" verify-process="gunzip">cb7c96f1a771d5f4d1bf5a71c0e0c4751a69d683</checksum></payload></payloads></vib>