<vib version="5.0"><type>bootbank</type><name>vsan</name><version>7.0.0-1.0.15843807</version><vendor>VMware</vendor><summary>VSAN ESXi</summary><description>VSAN for ESXi.</description><release-date>2020-03-16T09:40:39.281067+00:00</release-date><urls/><relationships><depends><constraint name="esx-version" relation="&gt;=" version="7.0.0-1.0"/><constraint name="esx-version" relation="&lt;&lt;" version="7.0.0-1.1"/><constraint name="vsanhealth" relation="&gt;=" version="7.0.0-1.0"/><constraint name="vsanhealth" relation="&lt;&lt;" version="7.0.0-1.1"/><constraint name="vmkapi_2_6_0_0"/></depends><conflicts/><replaces/><provides/><compatibleWith/></relationships><software-tags><tag>RestrictStickyFiles</tag></software-tags><relative-path>vib20/vsan/VMware_bootbank_vsan_7.0.0-1.0.15843807.vib</relative-path><packed-size>14643806</packed-size><checksum checksum-type="sha-256">e41284845c5ffe017a03b3d2add7fc1c82ef74f4518b5f766dbe224ba4555da5</checksum><system-requires><maintenance-mode>true</maintenance-mode></system-requires><file-list><file>bin/cmmds-tool</file><file>bin/udpTraceLogger</file><file>bin/vdq</file><file>bin/vsantop</file><file>etc/init.d/clomd</file><file>etc/init.d/cmmdsTimeMachine</file><file>etc/init.d/cmmdsd</file><file>etc/init.d/ddecomd</file><file>etc/init.d/epd</file><file>etc/init.d/rpd</file><file>etc/init.d/vit_loader</file><file>etc/init.d/vitd</file><file>etc/init.d/vsanObserver</file><file>etc/init.d/vsandevicemonitord</file><file>etc/init.d/vsandpd</file><file>etc/init.d/vsantraced</file><file>etc/vmsyslog.conf.d/clomd.conf</file><file>etc/vmsyslog.conf.d/cmmdsTimeMachine.conf</file><file>etc/vmsyslog.conf.d/cmmdsTimeMachineDump.conf</file><file>etc/vmsyslog.conf.d/cmmdsd.conf</file><file>etc/vmsyslog.conf.d/ddecomd.conf</file><file>etc/vmsyslog.conf.d/epd.conf</file><file>etc/vmsyslog.conf.d/sockrelay.conf</file><file>etc/vmsyslog.conf.d/vdfsd-proxy.conf</file><file>etc/vmsyslog.conf.d/vdfsd-server.conf</file><file>etc/vmsyslog.conf.d/vitd.conf</file><file>etc/vmsyslog.conf.d/vsanTraceUrgent.conf</file><file>etc/vmsyslog.conf.d/vsandpd.conf</file><file>etc/vmsyslog.conf.d/vsanrpd.conf</file><file>etc/vmware/secpolicy/tardisks/vsan</file><file>etc/vmware/ssl/vsan_kms_castore.pem</file><file>etc/vmware/ssl/vsan_kms_castore_old.pem</file><file>etc/vmware/ssl/vsan_kms_client.crt</file><file>etc/vmware/ssl/vsan_kms_client.key</file><file>etc/vmware/ssl/vsan_kms_client_old.crt</file><file>etc/vmware/ssl/vsan_kms_client_old.key</file><file>etc/vmware/ssl/vsanvp_castore.pem</file><file>etc/vmware/vm-support/vsan-minimal.mfx</file><file>etc/vmware/vm-support/vsan-obfuscate-clom-traces.mfx</file><file>etc/vmware/vm-support/vsan-obfuscate-cmmds.mfx</file><file>etc/vmware/vm-support/vsan-obfuscate-lsom-traces.mfx</file><file>etc/vmware/vm-support/vsan-obfuscate-normal-traces.mfx</file><file>etc/vmware/vm-support/vsan-obfuscate-observer.mfx</file><file>etc/vmware/vm-support/vsan-obfuscate-urgent-traces.mfx</file><file>etc/vmware/vm-support/vsan-traces.mfx</file><file>etc/vmware/vm-support/vsan.mfx</file><file>etc/vmware/vm-support/vsanIscsiTarget.mfx</file><file>etc/vmware/vm-support/vsandp-livecores.mfx</file><file>etc/vmware/vm-support/vsandp.mfx</file><file>etc/vmware/vsan/vsandevicemonitord.conf</file><file>etc/vmware/vsan/vsandpd.xml</file><file>etc/vmware/vsan/vsansvc.xml</file><file>etc/vmware/vsan/vsantraced.conf</file><file>lib64/libPyCppVmomi.so</file><file>lib64/libaws-cpp-sdk-core.so</file><file>lib64/libaws-cpp-sdk-kms.so</file><file>lib64/libaws-cpp-sdk-s3.so</file><file>lib64/librepcommon.so</file><file>lib64/librepdpd.so</file><file>lib64/libreplication.so</file><file>lib64/libsdm.so</file><file>lib64/libvsandp-memstatsutil.so</file><file>lib64/libvsandp-types.so</file><file>lib64/libvsanexternalapi.so</file><file>lib64/libvsanlib.so</file><file>lib64/libvsanspbm.so</file><file>lib64/libvsanvitvmkctl.so</file><file>lib64/libvsanvmkctl.so</file><file>lib64/python3.5/lib-dynload/libpyvit.so</file><file>lib64/python3.5/lib-dynload/pyCMMDS.so</file><file>lib64/python3.5/lib-dynload/pymath.so</file><file>lib64/python3.5/lib-dynload/pyvsan.so</file><file>lib64/python3.5/site-packages/pyMo/vim/vsan/__init__.pyc</file><file>lib64/python3.5/site-packages/vmware/vsan/__init__.pyc</file><file>lib64/python3.5/site-packages/vmware/vsan/dom_util.pyc</file><file>lib64/python3.5/site-packages/vmware/vsan/traceDatatypesPy.pyc</file><file>lib64/python3.5/site-packages/vmware/vsan/traceEntry.pyc</file><file>lib64/python3.5/site-packages/vmware/vsan/vitcli_helper.pyc</file><file>usr/lib/hostprofiles/plugins/vsan/__init__.py</file><file>usr/lib/hostprofiles/plugins/vsan/vsanConstants.py</file><file>usr/lib/hostprofiles/plugins/vsan/vsanNicAllProfiles.py</file><file>usr/lib/hostprofiles/plugins/vsan/vsanNicPolicies.py</file><file>usr/lib/hostprofiles/plugins/vsan/vsanNicProfiles.py</file><file>usr/lib/hostprofiles/plugins/vsan/vsanPolicies.py</file><file>usr/lib/hostprofiles/plugins/vsan/vsanProfiles.py</file><file>usr/lib/hostprofiles/plugins/vsan/vsanUtils.py</file><file>usr/lib/vmware/configmanager/upgrade/lib/libupgradevsanconfig.so</file><file>usr/lib/vmware/esxcli/int/lib64/libvsan-internal.so</file><file>usr/lib/vmware/esxcli/int/lib64/libvsan-iscsi-internal.so</file><file>usr/lib/vmware/esxcli/lib64/libvsan-iscsi.so</file><file>usr/lib/vmware/esxcli/lib64/libvsan.so</file><file>usr/lib/vmware/osfs/bin/dumpVsanObject.py</file><file>usr/lib/vmware/osfs/bin/objtool</file><file>usr/lib/vmware/osfs/lib/vsan.so</file><file>usr/lib/vmware/vm-support/bin/vsanIscsiTarget.sh</file><file>usr/lib/vmware/vm-support/bin/vsanIscsiTargetCollectPRFile.py</file><file>usr/lib/vmware/vm-support/bin/vsanIscsiTargetVitConf.sh</file><file>usr/lib/vmware/vm-support/bin/vsanIscsiTargetVitConfBackup.sh</file><file>usr/lib/vmware/vm-support/bin/vsanIscsiTargetVitStatus.py</file><file>usr/lib/vmware/vmkmod/cmmds</file><file>usr/lib/vmware/vmkmod/cmmds2</file><file>usr/lib/vmware/vmkmod/cmmds_net</file><file>usr/lib/vmware/vmkmod/cmmds_resolver</file><file>usr/lib/vmware/vmkmod/lsom</file><file>usr/lib/vmware/vmkmod/lsomcommon</file><file>usr/lib/vmware/vmkmod/plog</file><file>usr/lib/vmware/vmkmod/rdt</file><file>usr/lib/vmware/vmkmod/tracing</file><file>usr/lib/vmware/vmkmod/virsto</file><file>usr/lib/vmware/vmkmod/vit</file><file>usr/lib/vmware/vmkmod/vsan</file><file>usr/lib/vmware/vmkmod/vsanbase</file><file>usr/lib/vmware/vmkmod/vsanutil</file><file>usr/lib/vmware/vsan/bin/VSANDeviceMonitor.py</file><file>usr/lib/vmware/vsan/bin/VsanSystemCmd</file><file>usr/lib/vmware/vsan/bin/clom-tool</file><file>usr/lib/vmware/vsan/bin/clomd</file><file>usr/lib/vmware/vsan/bin/cmmdsAnalyzer.py</file><file>usr/lib/vmware/vsan/bin/cmmdsTimeMachine.py</file><file>usr/lib/vmware/vsan/bin/cmmdsd</file><file>usr/lib/vmware/vsan/bin/configVsanRP</file><file>usr/lib/vmware/vsan/bin/dbobjtool</file><file>usr/lib/vmware/vsan/bin/ddecomd</file><file>usr/lib/vmware/vsan/bin/epd</file><file>usr/lib/vmware/vsan/bin/fixDescriptors.py</file><file>usr/lib/vmware/vsan/bin/killInaccessibleVms.py</file><file>usr/lib/vmware/vsan/bin/obfuscateCmmdsDump.py</file><file>usr/lib/vmware/vsan/bin/rpd</file><file>usr/lib/vmware/vsan/bin/slotfstool</file><file>usr/lib/vmware/vsan/bin/tokenBucket.py</file><file>usr/lib/vmware/vsan/bin/vitRecoveryTool.pyc</file><file>usr/lib/vmware/vsan/bin/vitd</file><file>usr/lib/vmware/vsan/bin/vitsafehd</file><file>usr/lib/vmware/vsan/bin/vsan-config.py</file><file>usr/lib/vmware/vsan/bin/vsanObserver</file><file>usr/lib/vmware/vsan/bin/vsanObserver.sh</file><file>usr/lib/vmware/vsan/bin/vsanObserverObfuscated.sh</file><file>usr/lib/vmware/vsan/bin/vsanSparseRealign</file><file>usr/lib/vmware/vsan/bin/vsanTraceCollector.pyc</file><file>usr/lib/vmware/vsan/bin/vsanTraceReader</file><file>usr/lib/vmware/vsan/bin/vsanTraceReader.py</file><file>usr/lib/vmware/vsan/bin/vsanUpdateUuid.py</file><file>usr/lib/vmware/vsan/bin/vsandf.pyc</file><file>usr/lib/vmware/vsan/bin/vsandpd</file><file>usr/lib/vmware/vsan/bin/vsandpd-support.py</file><file>usr/lib/vmware/vsan/bin/vsanmgmtd</file><file>usr/lib/vmware/vsan/dpd/locale/de/fault.vmsg</file><file>usr/lib/vmware/vsan/dpd/locale/en/fault.vmsg</file><file>usr/lib/vmware/vsan/dpd/locale/es/fault.vmsg</file><file>usr/lib/vmware/vsan/dpd/locale/fr/fault.vmsg</file><file>usr/lib/vmware/vsan/dpd/locale/ja/fault.vmsg</file><file>usr/lib/vmware/vsan/dpd/locale/ko/fault.vmsg</file><file>usr/lib/vmware/vsan/dpd/locale/zh_CN/fault.vmsg</file><file>usr/lib/vmware/vsan/dpd/locale/zh_TW/fault.vmsg</file><file>usr/lib/vmware/vsan/perfsvc/VsanAsyncSystem.pyc</file><file>usr/lib/vmware/vsan/perfsvc/VsanAsyncSystemImpl.pyc</file><file>usr/lib/vmware/vsan/perfsvc/VsanClusterAndHostCommonTypes.pyc</file><file>usr/lib/vmware/vsan/perfsvc/VsanCmmdsHelper.pyc</file><file>usr/lib/vmware/vsan/perfsvc/VsanDiskManagementSystem.pyc</file><file>usr/lib/vmware/vsan/perfsvc/VsanDiskManagementSystemImpl.pyc</file><file>usr/lib/vmware/vsan/perfsvc/VsanDiskManagementSystem__ext_init__.pyc</file><file>usr/lib/vmware/vsan/perfsvc/VsanIscsiTargetHelper.pyc</file><file>usr/lib/vmware/vsan/perfsvc/VsanIscsiTargetSystem.pyc</file><file>usr/lib/vmware/vsan/perfsvc/VsanIscsiTargetSystemImpl.pyc</file><file>usr/lib/vmware/vsan/perfsvc/VsanIscsiTargetSystem__ext_init__.pyc</file><file>usr/lib/vmware/vsan/perfsvc/VsanLazyImport.pyc</file><file>usr/lib/vmware/vsan/perfsvc/VsanLogger.pyc</file><file>usr/lib/vmware/vsan/perfsvc/VsanMgmtConfigurations.pyc</file><file>usr/lib/vmware/vsan/perfsvc/VsanPrecheckerSystem.pyc</file><file>usr/lib/vmware/vsan/perfsvc/VsanPrecheckerSystemImpl.pyc</file><file>usr/lib/vmware/vsan/perfsvc/VsanPrecheckerSystem__ext_init__.pyc</file><file>usr/lib/vmware/vsan/perfsvc/VsanPyDummyProfiler.pyc</file><file>usr/lib/vmware/vsan/perfsvc/VsanRealign.pyc</file><file>usr/lib/vmware/vsan/perfsvc/VsanResourceCheckSystem.pyc</file><file>usr/lib/vmware/vsan/perfsvc/VsanResourceCheckSystemImpl.pyc</file><file>usr/lib/vmware/vsan/perfsvc/VsanResourceCheckSystem__ext_init__.pyc</file><file>usr/lib/vmware/vsan/perfsvc/VsanScheduler.pyc</file><file>usr/lib/vmware/vsan/perfsvc/VsanStretchedClusterSystem.pyc</file><file>usr/lib/vmware/vsan/perfsvc/VsanStretchedClusterSystemImpl.pyc</file><file>usr/lib/vmware/vsan/perfsvc/VsanStretchedCluster__ext_init__.pyc</file><file>usr/lib/vmware/vsan/perfsvc/VsanVcIscsiTargetSystemImpl.pyc</file><file>usr/lib/vmware/vsan/perfsvc/VsanVcIscsiTargetSystem_Extension_.pyc</file><file>usr/lib/vmware/vsan/perfsvc/VsanVcIscsiTargetSystem__ext_init__.pyc</file><file>usr/lib/vmware/vsan/perfsvc/vitResources/locale/de/extension.vmsg</file><file>usr/lib/vmware/vsan/perfsvc/vitResources/locale/de/fault.vmsg</file><file>usr/lib/vmware/vsan/perfsvc/vitResources/locale/de/task.vmsg</file><file>usr/lib/vmware/vsan/perfsvc/vitResources/locale/de/vsaniscsiservice.vmsg</file><file>usr/lib/vmware/vsan/perfsvc/vitResources/locale/en/extension.vmsg</file><file>usr/lib/vmware/vsan/perfsvc/vitResources/locale/en/fault.vmsg</file><file>usr/lib/vmware/vsan/perfsvc/vitResources/locale/en/task.vmsg</file><file>usr/lib/vmware/vsan/perfsvc/vitResources/locale/en/vsaniscsiservice.vmsg</file><file>usr/lib/vmware/vsan/perfsvc/vitResources/locale/es/extension.vmsg</file><file>usr/lib/vmware/vsan/perfsvc/vitResources/locale/es/fault.vmsg</file><file>usr/lib/vmware/vsan/perfsvc/vitResources/locale/es/task.vmsg</file><file>usr/lib/vmware/vsan/perfsvc/vitResources/locale/es/vsaniscsiservice.vmsg</file><file>usr/lib/vmware/vsan/perfsvc/vitResources/locale/fr/extension.vmsg</file><file>usr/lib/vmware/vsan/perfsvc/vitResources/locale/fr/fault.vmsg</file><file>usr/lib/vmware/vsan/perfsvc/vitResources/locale/fr/task.vmsg</file><file>usr/lib/vmware/vsan/perfsvc/vitResources/locale/fr/vsaniscsiservice.vmsg</file><file>usr/lib/vmware/vsan/perfsvc/vitResources/locale/ja/extension.vmsg</file><file>usr/lib/vmware/vsan/perfsvc/vitResources/locale/ja/fault.vmsg</file><file>usr/lib/vmware/vsan/perfsvc/vitResources/locale/ja/task.vmsg</file><file>usr/lib/vmware/vsan/perfsvc/vitResources/locale/ja/vsaniscsiservice.vmsg</file><file>usr/lib/vmware/vsan/perfsvc/vitResources/locale/ko/extension.vmsg</file><file>usr/lib/vmware/vsan/perfsvc/vitResources/locale/ko/fault.vmsg</file><file>usr/lib/vmware/vsan/perfsvc/vitResources/locale/ko/task.vmsg</file><file>usr/lib/vmware/vsan/perfsvc/vitResources/locale/ko/vsaniscsiservice.vmsg</file><file>usr/lib/vmware/vsan/perfsvc/vitResources/locale/zh_CN/extension.vmsg</file><file>usr/lib/vmware/vsan/perfsvc/vitResources/locale/zh_CN/fault.vmsg</file><file>usr/lib/vmware/vsan/perfsvc/vitResources/locale/zh_CN/task.vmsg</file><file>usr/lib/vmware/vsan/perfsvc/vitResources/locale/zh_CN/vsaniscsiservice.vmsg</file><file>usr/lib/vmware/vsan/perfsvc/vitResources/locale/zh_TW/extension.vmsg</file><file>usr/lib/vmware/vsan/perfsvc/vitResources/locale/zh_TW/fault.vmsg</file><file>usr/lib/vmware/vsan/perfsvc/vitResources/locale/zh_TW/task.vmsg</file><file>usr/lib/vmware/vsan/perfsvc/vitResources/locale/zh_TW/vsaniscsiservice.vmsg</file><file>usr/lib/vmware/vsan/perfsvc/vsan_mgmt_config.json</file><file>usr/lib64/vmware/plugin/objLib/upitObjBE.so</file><file>usr/lib64/vmware/plugin/objLib/vsanObjBE.so</file><file>usr/libexec/jumpstart/plugins/libvsan-config-once.so</file><file>usr/libexec/jumpstart/plugins/libvsan-config.so</file><file>usr/libexec/jumpstart/plugins/libvsan-devel.so</file><file>usr/libexec/jumpstart/plugins/vit.json</file><file>usr/libexec/jumpstart/plugins/vsan-base.json</file><file>usr/libexec/jumpstart/plugins/vsan-early.json</file><file>usr/libexec/jumpstart/plugins/vsan-late.json</file><file>usr/libexec/jumpstart/plugins/vsan.json</file></file-list><acceptance-level>certified</acceptance-level><live-install-allowed>false</live-install-allowed><live-remove-allowed>false</live-remove-allowed><cimom-restart>false</cimom-restart><stateless-ready>true</stateless-ready><overlay>false</overlay><payloads><payload name="vsan" type="vgz" size="14626056"><checksum checksum-type="sha-256" verify-process="gunzip">9f95d50e0aea508a35b382cefbcbbc07f3262565a66c088b40729b9a8662a47a</checksum><checksum checksum-type="sha-256">f67de72256f86eafa610caa5acef85ca3fdf4dec4c2bb58ff314abfe41f5568c</checksum><checksum checksum-type="sha-1" verify-process="gunzip">a39c5994e4df9638c6658ed0a3a756057e7ce3f7</checksum></payload></payloads></vib>