<vib version="5.0"><type>bootbank</type><name>vsanhealth</name><version>7.0.0-1.0.15843807</version><vendor>VMware</vendor><summary>ESXi VSAN Health Service</summary><description>VSAN Refresh for ESXi.</description><release-date>2020-03-16T09:40:40.269587+00:00</release-date><urls/><relationships><depends><constraint name="esx-base" relation="&gt;=" version="7.0.0-1.0"/><constraint name="esx-base" relation="&lt;&lt;" version="7.0.0-1.1"/><constraint name="vmkapi_2_6_0_0"/></depends><conflicts/><replaces/><provides/><compatibleWith/></relationships><software-tags><tag>RestrictStickyFiles</tag><tag>ConfigSchema:vsanhealth-7.0.0_1.0.15843807:vsanmgmt:usr/lib/vmware/configmanager/schemas/vsanhealth-7.0.0_1.0.15843807-schema.json:sha-256:874591a633dd2e3985346decb76f3b073c25c8fcf38e58b05663d6cce10834fa</tag></software-tags><relative-path>vib20/vsanhealth/VMware_bootbank_vsanhealth_7.0.0-1.0.15843807.vib</relative-path><packed-size>4590986</packed-size><checksum checksum-type="sha-256">41a81843a4abb7c3b68bbedeadadfaff74aa150bc8d9299d2a92d3a09253ab84</checksum><system-requires><maintenance-mode>false</maintenance-mode></system-requires><file-list><file>etc/init.d/vsanmgmtd</file><file>etc/vmsyslog.conf.d/PyVsanMOProvider.conf</file><file>etc/vmsyslog.conf.d/vsanmgmt.conf</file><file>etc/vmware/firewall/vsanhealth.xml</file><file>etc/vmware/vm-support/base-minimal.mfx</file><file>etc/vmware/vm-support/vsan-health.mfx</file><file>etc/vmware/vm-support/vsan-obfuscation-log.mfx</file><file>etc/vmware/vm-support/vsan-perfsvc-stats-diagnostic.mfx</file><file>etc/vmware/vm-support/vsan-perfsvc-stats-extended.mfx</file><file>etc/vmware/vm-support/vsan-perfsvc-stats-minimal.mfx</file><file>etc/vmware/vm-support/vsan-perfsvc-stats-vmdk.mfx</file><file>etc/vmware/vm-support/vsan-perfsvc-stats.mfx</file><file>etc/vmware/vm-support/vsan-perfsvc.mfx</file><file>etc/vmware/vsan/VsanMgmtServices.xml</file><file>etc/vmware/vsan/default-config.xml</file><file>etc/vmware/vsan/ilo.conf</file><file>etc/vmware/vsan/vsanmgmt-config.xml</file><file>etc/vmware/vsan/vsanperf.conf</file><file>lib64/libspbm.so</file><file>lib64/libvsanmgmt-types.so</file><file>lib64/python3.5/lib-dynload/PyVsanMOProvider.so</file><file>lib64/python3.5/lib-dynload/VsanPerfQuery.so</file><file>lib64/python3.5/lib-dynload/_cns.so</file><file>lib64/python3.5/lib-dynload/libpyspbm.so</file><file>lib64/python3.5/lib-dynload/pyVsanHealth.so</file><file>lib64/python3.5/site-packages/stubVmodlEmitterLib.pyc</file><file>lib64/python3.5/site-packages/vsanPerfPyMo/VsanPerformanceManager.pyc</file><file>lib64/python3.5/site-packages/vsanPerfPyMo/__init__.pyc</file><file>usr/lib/vmware/configmanager/schemas/vsanhealth-7.0.0_1.0.15843807-schema.json</file><file>usr/lib/vmware/esxcli/ext/esxcli-vsan-cmmds.xml</file><file>usr/lib/vmware/esxcli/ext/esxcli-vsan-debug.xml</file><file>usr/lib/vmware/esxcli/ext/esxcli-vsan-encryption.xml</file><file>usr/lib/vmware/esxcli/ext/esxcli-vsan-health-summary.xml</file><file>usr/lib/vmware/esxcli/ext/esxcli-vsan-perf.xml</file><file>usr/lib/vmware/hostd/docroot/sdk/vsanServiceVersions.xml</file><file>usr/lib/vmware/vsan/bin/iperf3</file><file>usr/lib/vmware/vsan/bin/obfuscateLog.pyc</file><file>usr/lib/vmware/vsan/bin/reboot_helper.py</file><file>usr/lib/vmware/vsan/bin/upgrade-vsanmgmtd-config.pyc</file><file>usr/lib/vmware/vsan/bin/vsan-health-status.pyc</file><file>usr/lib/vmware/vsan/bin/vsan-perfsvc-collector.py</file><file>usr/lib/vmware/vsan/bin/vsanDiskFaultInjection.pyc</file><file>usr/lib/vmware/vsan/bin/vsansvcctl.py</file><file>usr/lib/vmware/vsan/esxcli/esxcli_vsan_cmmds.pyc</file><file>usr/lib/vmware/vsan/esxcli/esxcli_vsan_debug.pyc</file><file>usr/lib/vmware/vsan/esxcli/esxcli_vsan_debug_advcfg.pyc</file><file>usr/lib/vmware/vsan/esxcli/esxcli_vsan_encryption.pyc</file><file>usr/lib/vmware/vsan/esxcli/esxcli_vsan_health.pyc</file><file>usr/lib/vmware/vsan/esxcli/esxcli_vsan_memory.pyc</file><file>usr/lib/vmware/vsan/esxcli/esxcli_vsan_perf.pyc</file><file>usr/lib/vmware/vsan/esxcli/set_vsan_encryption.pyc</file><file>usr/lib/vmware/vsan/perfsvc/CnsCommonTypes.pyc</file><file>usr/lib/vmware/vsan/perfsvc/DynamicTypeManager.pyc</file><file>usr/lib/vmware/vsan/perfsvc/EnumValueVersionCollector.pyc</file><file>usr/lib/vmware/vsan/perfsvc/HostSpbm.pyc</file><file>usr/lib/vmware/vsan/perfsvc/HostSpbmImpl.pyc</file><file>usr/lib/vmware/vsan/perfsvc/HostSpbm__ext_init__.pyc</file><file>usr/lib/vmware/vsan/perfsvc/L10N/__init__.pyc</file><file>usr/lib/vmware/vsan/perfsvc/L10N/errorHandler.pyc</file><file>usr/lib/vmware/vsan/perfsvc/L10N/localization.pyc</file><file>usr/lib/vmware/vsan/perfsvc/L10N/textHandler.pyc</file><file>usr/lib/vmware/vsan/perfsvc/LazyDictionary.pyc</file><file>usr/lib/vmware/vsan/perfsvc/MMDecomChecker.pyc</file><file>usr/lib/vmware/vsan/perfsvc/PropertyAnnotationMarkerCollector.pyc</file><file>usr/lib/vmware/vsan/perfsvc/RequestSocketPoll.pyc</file><file>usr/lib/vmware/vsan/perfsvc/ServiceInstanceImpl.pyc</file><file>usr/lib/vmware/vsan/perfsvc/StatsMetricsMethods.pyc</file><file>usr/lib/vmware/vsan/perfsvc/VSAN_VERSION</file><file>usr/lib/vmware/vsan/perfsvc/VcsaDeployerSystem.pyc</file><file>usr/lib/vmware/vsan/perfsvc/VcsaDeployerSystem__ext_init__.pyc</file><file>usr/lib/vmware/vsan/perfsvc/VmodlProxyUtil.pyc</file><file>usr/lib/vmware/vsan/perfsvc/VsanCapabilityStressOptions.pyc</file><file>usr/lib/vmware/vsan/perfsvc/VsanCapabilitySystem.pyc</file><file>usr/lib/vmware/vsan/perfsvc/VsanCapabilitySystemImpl.pyc</file><file>usr/lib/vmware/vsan/perfsvc/VsanCapabilitySystem__ext_init__.pyc</file><file>usr/lib/vmware/vsan/perfsvc/VsanClomToolHelper.pyc</file><file>usr/lib/vmware/vsan/perfsvc/VsanCloudHealthCache.pyc</file><file>usr/lib/vmware/vsan/perfsvc/VsanCloudHealthJsonUtil.pyc</file><file>usr/lib/vmware/vsan/perfsvc/VsanCloudHealthMnemonic.pyc</file><file>usr/lib/vmware/vsan/perfsvc/VsanCloudHealthUtil.pyc</file><file>usr/lib/vmware/vsan/perfsvc/VsanClusterHealthSystem.pyc</file><file>usr/lib/vmware/vsan/perfsvc/VsanClusterHealthSystemImpl.pyc</file><file>usr/lib/vmware/vsan/perfsvc/VsanClusterPrototypeHelper.pyc</file><file>usr/lib/vmware/vsan/perfsvc/VsanCommonTypes.pyc</file><file>usr/lib/vmware/vsan/perfsvc/VsanConfigUtil.pyc</file><file>usr/lib/vmware/vsan/perfsvc/VsanDataProtectionHostRecoverySystemImpl.pyc</file><file>usr/lib/vmware/vsan/perfsvc/VsanDataProtectionSpaceSystem.pyc</file><file>usr/lib/vmware/vsan/perfsvc/VsanDataProtectionSpaceSystemImpl.pyc</file><file>usr/lib/vmware/vsan/perfsvc/VsanDebugSystem.pyc</file><file>usr/lib/vmware/vsan/perfsvc/VsanDebugSystemImpl.pyc</file><file>usr/lib/vmware/vsan/perfsvc/VsanDebugSystem__ext_init__.pyc</file><file>usr/lib/vmware/vsan/perfsvc/VsanDiskFormatUtils.pyc</file><file>usr/lib/vmware/vsan/perfsvc/VsanEsxHclUtil.pyc</file><file>usr/lib/vmware/vsan/perfsvc/VsanEsxcliNvme.pyc</file><file>usr/lib/vmware/vsan/perfsvc/VsanEventUtil.pyc</file><file>usr/lib/vmware/vsan/perfsvc/VsanFwSystem.pyc</file><file>usr/lib/vmware/vsan/perfsvc/VsanHclHostTypes.pyc</file><file>usr/lib/vmware/vsan/perfsvc/VsanHclUtil.pyc</file><file>usr/lib/vmware/vsan/perfsvc/VsanHcmSystem.pyc</file><file>usr/lib/vmware/vsan/perfsvc/VsanHcmSystemImpl.pyc</file><file>usr/lib/vmware/vsan/perfsvc/VsanHealthCheckBase.pyc</file><file>usr/lib/vmware/vsan/perfsvc/VsanHealthDaemon.pyc</file><file>usr/lib/vmware/vsan/perfsvc/VsanHealthDpHelpers.pyc</file><file>usr/lib/vmware/vsan/perfsvc/VsanHealthEncUtil.pyc</file><file>usr/lib/vmware/vsan/perfsvc/VsanHealthGroupGenerateUtil.pyc</file><file>usr/lib/vmware/vsan/perfsvc/VsanHealthHelpers.pyc</file><file>usr/lib/vmware/vsan/perfsvc/VsanHealthPcapLib.pyc</file><file>usr/lib/vmware/vsan/perfsvc/VsanHealthPing.pyc</file><file>usr/lib/vmware/vsan/perfsvc/VsanHealthStatusUtil.pyc</file><file>usr/lib/vmware/vsan/perfsvc/VsanHealthStressOptions.pyc</file><file>usr/lib/vmware/vsan/perfsvc/VsanHealthSummaryLogUtil.pyc</file><file>usr/lib/vmware/vsan/perfsvc/VsanHealthSystem.pyc</file><file>usr/lib/vmware/vsan/perfsvc/VsanHealthSystemImpl.pyc</file><file>usr/lib/vmware/vsan/perfsvc/VsanHealthThreadMgmt.pyc</file><file>usr/lib/vmware/vsan/perfsvc/VsanHealthUtil.pyc</file><file>usr/lib/vmware/vsan/perfsvc/VsanHealth__ext_init__.pyc</file><file>usr/lib/vmware/vsan/perfsvc/VsanHostConfigSystem.pyc</file><file>usr/lib/vmware/vsan/perfsvc/VsanHostHelper.pyc</file><file>usr/lib/vmware/vsan/perfsvc/VsanHostSystemProxyImpl.pyc</file><file>usr/lib/vmware/vsan/perfsvc/VsanHostdExtension.pyc</file><file>usr/lib/vmware/vsan/perfsvc/VsanHostdHelpers.pyc</file><file>usr/lib/vmware/vsan/perfsvc/VsanHpssacli.pyc</file><file>usr/lib/vmware/vsan/perfsvc/VsanHttpProvider.pyc</file><file>usr/lib/vmware/vsan/perfsvc/VsanHttpProxyUtil.pyc</file><file>usr/lib/vmware/vsan/perfsvc/VsanHttpRequestWrapper.pyc</file><file>usr/lib/vmware/vsan/perfsvc/VsanInternalSystem.pyc</file><file>usr/lib/vmware/vsan/perfsvc/VsanIsdct.pyc</file><file>usr/lib/vmware/vsan/perfsvc/VsanLogTraceCountCollector.pyc</file><file>usr/lib/vmware/vsan/perfsvc/VsanLookupUtils.pyc</file><file>usr/lib/vmware/vsan/perfsvc/VsanLsomHealth.pyc</file><file>usr/lib/vmware/vsan/perfsvc/VsanManagementVcConnection.pyc</file><file>usr/lib/vmware/vsan/perfsvc/VsanMassCollector.pyc</file><file>usr/lib/vmware/vsan/perfsvc/VsanMassCollectorImpl.pyc</file><file>usr/lib/vmware/vsan/perfsvc/VsanMetricsRequestHandler.pyc</file><file>usr/lib/vmware/vsan/perfsvc/VsanMetricsServer.pyc</file><file>usr/lib/vmware/vsan/perfsvc/VsanMgmtAdapters.pyc</file><file>usr/lib/vmware/vsan/perfsvc/VsanMgmtCli.pyc</file><file>usr/lib/vmware/vsan/perfsvc/VsanMgmtUtil.pyc</file><file>usr/lib/vmware/vsan/perfsvc/VsanMicronRssdm.pyc</file><file>usr/lib/vmware/vsan/perfsvc/VsanMockControllerTool.pyc</file><file>usr/lib/vmware/vsan/perfsvc/VsanMsgUtil.pyc</file><file>usr/lib/vmware/vsan/perfsvc/VsanObjectHelper.pyc</file><file>usr/lib/vmware/vsan/perfsvc/VsanObjectPolicyTypes.pyc</file><file>usr/lib/vmware/vsan/perfsvc/VsanObjectSystem.pyc</file><file>usr/lib/vmware/vsan/perfsvc/VsanObjectSystemImpl.pyc</file><file>usr/lib/vmware/vsan/perfsvc/VsanObjectSystem__ext_init__.pyc</file><file>usr/lib/vmware/vsan/perfsvc/VsanOpId.pyc</file><file>usr/lib/vmware/vsan/perfsvc/VsanPerfAggregateEntityTypes.pyc</file><file>usr/lib/vmware/vsan/perfsvc/VsanPerfDiagnosticExceptionTypes.pyc</file><file>usr/lib/vmware/vsan/perfsvc/VsanPerfEntityTypes.pyc</file><file>usr/lib/vmware/vsan/perfsvc/VsanPerfHttpProvider.pyc</file><file>usr/lib/vmware/vsan/perfsvc/VsanPerfVmomiServer.pyc</file><file>usr/lib/vmware/vsan/perfsvc/VsanPerformanceManagerImpl.pyc</file><file>usr/lib/vmware/vsan/perfsvc/VsanPhoneHomeHostSystem.pyc</file><file>usr/lib/vmware/vsan/perfsvc/VsanPhoneHomeHostSystemImpl.pyc</file><file>usr/lib/vmware/vsan/perfsvc/VsanPhoneHomeHostSystem__ext_init__.pyc</file><file>usr/lib/vmware/vsan/perfsvc/VsanPhoneHomeUtil.pyc</file><file>usr/lib/vmware/vsan/perfsvc/VsanPyVmomiProfiler.pyc</file><file>usr/lib/vmware/vsan/perfsvc/VsanRebootUtil.pyc</file><file>usr/lib/vmware/vsan/perfsvc/VsanResultCacheUtil.pyc</file><file>usr/lib/vmware/vsan/perfsvc/VsanSpaceReportSystem.pyc</file><file>usr/lib/vmware/vsan/perfsvc/VsanSystemEx.pyc</file><file>usr/lib/vmware/vsan/perfsvc/VsanSystemExImpl.pyc</file><file>usr/lib/vmware/vsan/perfsvc/VsanSystemImpl.pyc</file><file>usr/lib/vmware/vsan/perfsvc/VsanSystem__ext_init__.pyc</file><file>usr/lib/vmware/vsan/perfsvc/VsanTaskTracker.pyc</file><file>usr/lib/vmware/vsan/perfsvc/VsanTaskTrackerImpl.pyc</file><file>usr/lib/vmware/vsan/perfsvc/VsanUpdateManager.pyc</file><file>usr/lib/vmware/vsan/perfsvc/VsanUpdateManagerImpl.pyc</file><file>usr/lib/vmware/vsan/perfsvc/VsanVcClusterConfigSystem.pyc</file><file>usr/lib/vmware/vsan/perfsvc/VsanVcClusterHealthManagement_Extension_.pyc</file><file>usr/lib/vmware/vsan/perfsvc/VsanVcClusterHealthSystem.pyc</file><file>usr/lib/vmware/vsan/perfsvc/VsanVcClusterHealthSystemImpl.pyc</file><file>usr/lib/vmware/vsan/perfsvc/VsanVcClusterUtil.pyc</file><file>usr/lib/vmware/vsan/perfsvc/VsanVcDiskFormatConverter.pyc</file><file>usr/lib/vmware/vsan/perfsvc/VsanVcDiskFormatConverterImpl.pyc</file><file>usr/lib/vmware/vsan/perfsvc/VsanVcDiskManagementSystem.pyc</file><file>usr/lib/vmware/vsan/perfsvc/VsanVcDiskManagementSystemImpl.pyc</file><file>usr/lib/vmware/vsan/perfsvc/VsanVcDiskManagementSystem__ext_init__.pyc</file><file>usr/lib/vmware/vsan/perfsvc/VsanVcExtension.pyc</file><file>usr/lib/vmware/vsan/perfsvc/VsanVcObjectHelper.pyc</file><file>usr/lib/vmware/vsan/perfsvc/VsanVcObjectSystemImpl.pyc</file><file>usr/lib/vmware/vsan/perfsvc/VsanVcPerformanceManagerImpl.pyc</file><file>usr/lib/vmware/vsan/perfsvc/VsanVcsaDeployerSystemImpl.pyc</file><file>usr/lib/vmware/vsan/perfsvc/VsanVdsSystem.pyc</file><file>usr/lib/vmware/vsan/perfsvc/VsanVdsSystemImpl.pyc</file><file>usr/lib/vmware/vsan/perfsvc/VsanVersions.pyc</file><file>usr/lib/vmware/vsan/perfsvc/VsanVimHelpers.pyc</file><file>usr/lib/vmware/vsan/perfsvc/VsanVmdkWorkloadTypeUtil.pyc</file><file>usr/lib/vmware/vsan/perfsvc/VsanVmomiPatcher.pyc</file><file>usr/lib/vmware/vsan/perfsvc/VsanVmomiUtil.pyc</file><file>usr/lib/vmware/vsan/perfsvc/WcpChecker.pyc</file><file>usr/lib/vmware/vsan/perfsvc/calculator/__init__.pyc</file><file>usr/lib/vmware/vsan/perfsvc/calculator/aggregator.pyc</file><file>usr/lib/vmware/vsan/perfsvc/calculator/calculator.pyc</file><file>usr/lib/vmware/vsan/perfsvc/calculator/constants.pyc</file><file>usr/lib/vmware/vsan/perfsvc/calculator/methods.pyc</file><file>usr/lib/vmware/vsan/perfsvc/cliutils.pyc</file><file>usr/lib/vmware/vsan/perfsvc/config_parser.pyc</file><file>usr/lib/vmware/vsan/perfsvc/hcm/__init__.pyc</file><file>usr/lib/vmware/vsan/perfsvc/hcm/bin/__init__.pyc</file><file>usr/lib/vmware/vsan/perfsvc/hcm/bin/model/__init__.pyc</file><file>usr/lib/vmware/vsan/perfsvc/hcm/bin/model/hw_capability.pyc</file><file>usr/lib/vmware/vsan/perfsvc/hcm/bin/plugin_manager.pyc</file><file>usr/lib/vmware/vsan/perfsvc/hcm/bin/plugins/__init__.pyc</file><file>usr/lib/vmware/vsan/perfsvc/hcm/bin/plugins/hp/__init__.pyc</file><file>usr/lib/vmware/vsan/perfsvc/hcm/bin/plugins/hp/hp_control_plugin.pyc</file><file>usr/lib/vmware/vsan/perfsvc/hcm/bin/plugins/hp/hp_query_plugin.pyc</file><file>usr/lib/vmware/vsan/perfsvc/hcm/bin/plugins/hp/hp_schema_filter.pyc</file><file>usr/lib/vmware/vsan/perfsvc/hcm/bin/plugins/hp/ilo_redfish/additional_hw_support.pyc</file><file>usr/lib/vmware/vsan/perfsvc/hcm/bin/plugins/hp/ilo_redfish/drive.pyc</file><file>usr/lib/vmware/vsan/perfsvc/hcm/bin/plugins/hp/ilo_redfish/drive_cache.pyc</file><file>usr/lib/vmware/vsan/perfsvc/hcm/bin/plugins/hp/ilo_redfish/exceptions.pyc</file><file>usr/lib/vmware/vsan/perfsvc/hcm/bin/plugins/hp/ilo_redfish/ilo_server_config.pyc</file><file>usr/lib/vmware/vsan/perfsvc/hcm/bin/plugins/hp/ilo_redfish/misc.pyc</file><file>usr/lib/vmware/vsan/perfsvc/healthResources/locale/de/alarm.vmsg</file><file>usr/lib/vmware/vsan/perfsvc/healthResources/locale/de/event.vmsg</file><file>usr/lib/vmware/vsan/perfsvc/healthResources/locale/de/extension.vmsg</file><file>usr/lib/vmware/vsan/perfsvc/healthResources/locale/de/fault.vmsg</file><file>usr/lib/vmware/vsan/perfsvc/healthResources/locale/de/task.vmsg</file><file>usr/lib/vmware/vsan/perfsvc/healthResources/locale/de/vsanhealthtest.vmsg</file><file>usr/lib/vmware/vsan/perfsvc/healthResources/locale/de/vsanperf.vmsg</file><file>usr/lib/vmware/vsan/perfsvc/healthResources/locale/de/vsanvum.vmsg</file><file>usr/lib/vmware/vsan/perfsvc/healthResources/locale/en/alarm.vmsg</file><file>usr/lib/vmware/vsan/perfsvc/healthResources/locale/en/event.vmsg</file><file>usr/lib/vmware/vsan/perfsvc/healthResources/locale/en/extension.vmsg</file><file>usr/lib/vmware/vsan/perfsvc/healthResources/locale/en/fault.vmsg</file><file>usr/lib/vmware/vsan/perfsvc/healthResources/locale/en/task.vmsg</file><file>usr/lib/vmware/vsan/perfsvc/healthResources/locale/en/vsanhealthtest.vmsg</file><file>usr/lib/vmware/vsan/perfsvc/healthResources/locale/en/vsanperf.vmsg</file><file>usr/lib/vmware/vsan/perfsvc/healthResources/locale/en/vsanvum.vmsg</file><file>usr/lib/vmware/vsan/perfsvc/healthResources/locale/es/alarm.vmsg</file><file>usr/lib/vmware/vsan/perfsvc/healthResources/locale/es/event.vmsg</file><file>usr/lib/vmware/vsan/perfsvc/healthResources/locale/es/extension.vmsg</file><file>usr/lib/vmware/vsan/perfsvc/healthResources/locale/es/fault.vmsg</file><file>usr/lib/vmware/vsan/perfsvc/healthResources/locale/es/task.vmsg</file><file>usr/lib/vmware/vsan/perfsvc/healthResources/locale/es/vsanhealthtest.vmsg</file><file>usr/lib/vmware/vsan/perfsvc/healthResources/locale/es/vsanperf.vmsg</file><file>usr/lib/vmware/vsan/perfsvc/healthResources/locale/es/vsanvum.vmsg</file><file>usr/lib/vmware/vsan/perfsvc/healthResources/locale/fr/alarm.vmsg</file><file>usr/lib/vmware/vsan/perfsvc/healthResources/locale/fr/event.vmsg</file><file>usr/lib/vmware/vsan/perfsvc/healthResources/locale/fr/extension.vmsg</file><file>usr/lib/vmware/vsan/perfsvc/healthResources/locale/fr/fault.vmsg</file><file>usr/lib/vmware/vsan/perfsvc/healthResources/locale/fr/task.vmsg</file><file>usr/lib/vmware/vsan/perfsvc/healthResources/locale/fr/vsanhealthtest.vmsg</file><file>usr/lib/vmware/vsan/perfsvc/healthResources/locale/fr/vsanperf.vmsg</file><file>usr/lib/vmware/vsan/perfsvc/healthResources/locale/fr/vsanvum.vmsg</file><file>usr/lib/vmware/vsan/perfsvc/healthResources/locale/ja/alarm.vmsg</file><file>usr/lib/vmware/vsan/perfsvc/healthResources/locale/ja/event.vmsg</file><file>usr/lib/vmware/vsan/perfsvc/healthResources/locale/ja/extension.vmsg</file><file>usr/lib/vmware/vsan/perfsvc/healthResources/locale/ja/fault.vmsg</file><file>usr/lib/vmware/vsan/perfsvc/healthResources/locale/ja/task.vmsg</file><file>usr/lib/vmware/vsan/perfsvc/healthResources/locale/ja/vsanhealthtest.vmsg</file><file>usr/lib/vmware/vsan/perfsvc/healthResources/locale/ja/vsanperf.vmsg</file><file>usr/lib/vmware/vsan/perfsvc/healthResources/locale/ja/vsanvum.vmsg</file><file>usr/lib/vmware/vsan/perfsvc/healthResources/locale/ko/alarm.vmsg</file><file>usr/lib/vmware/vsan/perfsvc/healthResources/locale/ko/event.vmsg</file><file>usr/lib/vmware/vsan/perfsvc/healthResources/locale/ko/extension.vmsg</file><file>usr/lib/vmware/vsan/perfsvc/healthResources/locale/ko/fault.vmsg</file><file>usr/lib/vmware/vsan/perfsvc/healthResources/locale/ko/task.vmsg</file><file>usr/lib/vmware/vsan/perfsvc/healthResources/locale/ko/vsanhealthtest.vmsg</file><file>usr/lib/vmware/vsan/perfsvc/healthResources/locale/ko/vsanperf.vmsg</file><file>usr/lib/vmware/vsan/perfsvc/healthResources/locale/ko/vsanvum.vmsg</file><file>usr/lib/vmware/vsan/perfsvc/healthResources/locale/zh_CN/alarm.vmsg</file><file>usr/lib/vmware/vsan/perfsvc/healthResources/locale/zh_CN/event.vmsg</file><file>usr/lib/vmware/vsan/perfsvc/healthResources/locale/zh_CN/extension.vmsg</file><file>usr/lib/vmware/vsan/perfsvc/healthResources/locale/zh_CN/fault.vmsg</file><file>usr/lib/vmware/vsan/perfsvc/healthResources/locale/zh_CN/task.vmsg</file><file>usr/lib/vmware/vsan/perfsvc/healthResources/locale/zh_CN/vsanhealthtest.vmsg</file><file>usr/lib/vmware/vsan/perfsvc/healthResources/locale/zh_CN/vsanperf.vmsg</file><file>usr/lib/vmware/vsan/perfsvc/healthResources/locale/zh_CN/vsanvum.vmsg</file><file>usr/lib/vmware/vsan/perfsvc/healthResources/locale/zh_TW/alarm.vmsg</file><file>usr/lib/vmware/vsan/perfsvc/healthResources/locale/zh_TW/event.vmsg</file><file>usr/lib/vmware/vsan/perfsvc/healthResources/locale/zh_TW/extension.vmsg</file><file>usr/lib/vmware/vsan/perfsvc/healthResources/locale/zh_TW/fault.vmsg</file><file>usr/lib/vmware/vsan/perfsvc/healthResources/locale/zh_TW/task.vmsg</file><file>usr/lib/vmware/vsan/perfsvc/healthResources/locale/zh_TW/vsanhealthtest.vmsg</file><file>usr/lib/vmware/vsan/perfsvc/healthResources/locale/zh_TW/vsanperf.vmsg</file><file>usr/lib/vmware/vsan/perfsvc/healthResources/locale/zh_TW/vsanvum.vmsg</file><file>usr/lib/vmware/vsan/perfsvc/ipaddr.pyc</file><file>usr/lib/vmware/vsan/perfsvc/labels.pyc</file><file>usr/lib/vmware/vsan/perfsvc/localize.pyc</file><file>usr/lib/vmware/vsan/perfsvc/logger.pyc</file><file>usr/lib/vmware/vsan/perfsvc/mgmtResources/locale/de/auth.vmsg</file><file>usr/lib/vmware/vsan/perfsvc/mgmtResources/locale/de/default.vmsg</file><file>usr/lib/vmware/vsan/perfsvc/mgmtResources/locale/de/enum.vmsg</file><file>usr/lib/vmware/vsan/perfsvc/mgmtResources/locale/de/event.vmsg</file><file>usr/lib/vmware/vsan/perfsvc/mgmtResources/locale/de/extension.vmsg</file><file>usr/lib/vmware/vsan/perfsvc/mgmtResources/locale/de/fault.vmsg</file><file>usr/lib/vmware/vsan/perfsvc/mgmtResources/locale/de/task.vmsg</file><file>usr/lib/vmware/vsan/perfsvc/mgmtResources/locale/en/auth.vmsg</file><file>usr/lib/vmware/vsan/perfsvc/mgmtResources/locale/en/default.vmsg</file><file>usr/lib/vmware/vsan/perfsvc/mgmtResources/locale/en/enum.vmsg</file><file>usr/lib/vmware/vsan/perfsvc/mgmtResources/locale/en/event.vmsg</file><file>usr/lib/vmware/vsan/perfsvc/mgmtResources/locale/en/extension.vmsg</file><file>usr/lib/vmware/vsan/perfsvc/mgmtResources/locale/en/fault.vmsg</file><file>usr/lib/vmware/vsan/perfsvc/mgmtResources/locale/en/task.vmsg</file><file>usr/lib/vmware/vsan/perfsvc/mgmtResources/locale/es/auth.vmsg</file><file>usr/lib/vmware/vsan/perfsvc/mgmtResources/locale/es/default.vmsg</file><file>usr/lib/vmware/vsan/perfsvc/mgmtResources/locale/es/enum.vmsg</file><file>usr/lib/vmware/vsan/perfsvc/mgmtResources/locale/es/event.vmsg</file><file>usr/lib/vmware/vsan/perfsvc/mgmtResources/locale/es/extension.vmsg</file><file>usr/lib/vmware/vsan/perfsvc/mgmtResources/locale/es/fault.vmsg</file><file>usr/lib/vmware/vsan/perfsvc/mgmtResources/locale/es/task.vmsg</file><file>usr/lib/vmware/vsan/perfsvc/mgmtResources/locale/fr/auth.vmsg</file><file>usr/lib/vmware/vsan/perfsvc/mgmtResources/locale/fr/default.vmsg</file><file>usr/lib/vmware/vsan/perfsvc/mgmtResources/locale/fr/enum.vmsg</file><file>usr/lib/vmware/vsan/perfsvc/mgmtResources/locale/fr/event.vmsg</file><file>usr/lib/vmware/vsan/perfsvc/mgmtResources/locale/fr/extension.vmsg</file><file>usr/lib/vmware/vsan/perfsvc/mgmtResources/locale/fr/fault.vmsg</file><file>usr/lib/vmware/vsan/perfsvc/mgmtResources/locale/fr/task.vmsg</file><file>usr/lib/vmware/vsan/perfsvc/mgmtResources/locale/ja/auth.vmsg</file><file>usr/lib/vmware/vsan/perfsvc/mgmtResources/locale/ja/default.vmsg</file><file>usr/lib/vmware/vsan/perfsvc/mgmtResources/locale/ja/enum.vmsg</file><file>usr/lib/vmware/vsan/perfsvc/mgmtResources/locale/ja/event.vmsg</file><file>usr/lib/vmware/vsan/perfsvc/mgmtResources/locale/ja/extension.vmsg</file><file>usr/lib/vmware/vsan/perfsvc/mgmtResources/locale/ja/fault.vmsg</file><file>usr/lib/vmware/vsan/perfsvc/mgmtResources/locale/ja/task.vmsg</file><file>usr/lib/vmware/vsan/perfsvc/mgmtResources/locale/ko/auth.vmsg</file><file>usr/lib/vmware/vsan/perfsvc/mgmtResources/locale/ko/default.vmsg</file><file>usr/lib/vmware/vsan/perfsvc/mgmtResources/locale/ko/enum.vmsg</file><file>usr/lib/vmware/vsan/perfsvc/mgmtResources/locale/ko/event.vmsg</file><file>usr/lib/vmware/vsan/perfsvc/mgmtResources/locale/ko/extension.vmsg</file><file>usr/lib/vmware/vsan/perfsvc/mgmtResources/locale/ko/fault.vmsg</file><file>usr/lib/vmware/vsan/perfsvc/mgmtResources/locale/ko/task.vmsg</file><file>usr/lib/vmware/vsan/perfsvc/mgmtResources/locale/zh_CN/auth.vmsg</file><file>usr/lib/vmware/vsan/perfsvc/mgmtResources/locale/zh_CN/default.vmsg</file><file>usr/lib/vmware/vsan/perfsvc/mgmtResources/locale/zh_CN/enum.vmsg</file><file>usr/lib/vmware/vsan/perfsvc/mgmtResources/locale/zh_CN/event.vmsg</file><file>usr/lib/vmware/vsan/perfsvc/mgmtResources/locale/zh_CN/extension.vmsg</file><file>usr/lib/vmware/vsan/perfsvc/mgmtResources/locale/zh_CN/fault.vmsg</file><file>usr/lib/vmware/vsan/perfsvc/mgmtResources/locale/zh_CN/task.vmsg</file><file>usr/lib/vmware/vsan/perfsvc/mgmtResources/locale/zh_TW/auth.vmsg</file><file>usr/lib/vmware/vsan/perfsvc/mgmtResources/locale/zh_TW/default.vmsg</file><file>usr/lib/vmware/vsan/perfsvc/mgmtResources/locale/zh_TW/enum.vmsg</file><file>usr/lib/vmware/vsan/perfsvc/mgmtResources/locale/zh_TW/event.vmsg</file><file>usr/lib/vmware/vsan/perfsvc/mgmtResources/locale/zh_TW/extension.vmsg</file><file>usr/lib/vmware/vsan/perfsvc/mgmtResources/locale/zh_TW/fault.vmsg</file><file>usr/lib/vmware/vsan/perfsvc/mgmtResources/locale/zh_TW/task.vmsg</file><file>usr/lib/vmware/vsan/perfsvc/patchCommon.pyc</file><file>usr/lib/vmware/vsan/perfsvc/patchManagerHelper.pyc</file><file>usr/lib/vmware/vsan/perfsvc/prometheus.pyc</file><file>usr/lib/vmware/vsan/perfsvc/statscollector.pyc</file><file>usr/lib/vmware/vsan/perfsvc/statsdaemon.pyc</file><file>usr/lib/vmware/vsan/perfsvc/statsdb.pyc</file><file>usr/lib/vmware/vsan/perfsvc/stubVmodlEmitterLib.pyc</file><file>usr/lib/vmware/vsan/perfsvc/vers.pyc</file><file>usr/lib/vmware/vsan/perfsvc/vsan-perfsvc-status.pyc</file><file>usr/lib/vmware/vsan/perfsvc/vsan.wsdl</file><file>usr/lib/vmware/vsan/perfsvc/vsanService.wsdl</file><file>usr/lib/vmware/vsan/perfsvc/vsanfw.db</file><file>usr/lib/vmware/vsan/perfsvc/vsanhealth.wsdl</file><file>usr/lib/vmware/vsan/perfsvc/vsanhealthService.wsdl</file><file>usr/lib/vmware/vsan/perfsvc/vsanmgmtObjects.py</file><file>usr/lib/vmware/vsan/perfsvc/vsanperfsvc.pyc</file><file>usr/lib/vmware/vsan/perfsvc/vsanvcg.db</file></file-list><acceptance-level>certified</acceptance-level><live-install-allowed>true</live-install-allowed><live-remove-allowed>true</live-remove-allowed><cimom-restart>false</cimom-restart><stateless-ready>true</stateless-ready><overlay>false</overlay><payloads><payload name="vsanheal" type="vgz" size="499280"><checksum checksum-type="sha-256" verify-process="gunzip">088546479e10c917d6e902a4ba5ad2d5298509bc6f4494c0368689009b7a9d3a</checksum><checksum checksum-type="sha-256">9d183e03dc0f1596a8ecef65fb8c9c64916064246f46ff4dabfb1f574346a964</checksum><checksum checksum-type="sha-1" verify-process="gunzip">56ba74d75ad6ac25e24b316579496bfb798c3c81</checksum></payload><payload name="vsanmgmt" type="vgz" size="4061832"><checksum checksum-type="sha-256" verify-process="gunzip">b67a4240f80463cc3dc15487ca16605896fa65d74177c3c11ab2c7817fda9172</checksum><checksum checksum-type="sha-256">ab5f5656c5f667f40fe0a18f6fb812f56a64fe9f376317ce30819b0f9a7ec292</checksum><checksum checksum-type="sha-1" verify-process="gunzip">0712063c87219243ccbb2eb76b34f6513b9995f4</checksum></payload></payloads></vib>