<bulletin><id>amsdComponent_700.3.5.0-26</id><vendor>Hewlett Packard Enterprise</vendor><summary>Agentless Management Component for ESXi</summary><severity>general</severity><category>enhancement</category><urgency>important</urgency><releaseType>extension</releaseType><description>Agentless Management Component 700.3.5.0-26 includes
        the latest Agentless Management Service Daemon (AMS) and AMSCLI Interface.</description><kbUrl>http://www.hpe.com</kbUrl><contact>HPEVMwareSupport@groups.ext.hpe.com</contact><componentNameSpec name="amsdComponent" uiString="Agentless Management Component"/><componentVersionSpec uiString="700.3.5.0-26" version="700.3.5.0-26"/><releaseDate>2020-04-02T12:00:00+00:00</releaseDate><platforms><softwarePlatform locale="" productLineID="embeddedEsx" version="7.0.0"/><softwarePlatform locale="" productLineID="esx" version="7.0.0"/></platforms><vibList><vibID>HPE_bootbank_amscli_11.5.0.22-1OEM.700.0.0.15525992</vibID><vibID>HPE_bootbank_amsd_700.11.5.0.28-1OEM.700.1.0.15525992</vibID></vibList></bulletin>