<bulletin><id>Broadcom-lsiv2-drivers-plugin_1.0.0-2vmw.700.1.0.15843807</id><vendor>VMware</vendor><summary>LSI NATIVE DRIVERS LSU Management Plugin</summary><severity>general</severity><category>enhancement</category><urgency>important</urgency><releaseType>extension</releaseType><description>LSI NATIVE DRIVERS LSU Management Plugin</description><kbUrl></kbUrl><contact>None</contact><componentNameSpec name="Broadcom-lsiv2-drivers-plugin" uiString="Broadcom LSI NATIVE DRIVERS LSU Management Plugin v2"/><componentVersionSpec uiString="1.0.0-2vmw" version="1.0.0-2vmw.700.1.0.15843807"/><releaseDate>2020-03-16T10:42:03.466079+00:00</releaseDate><platforms><softwarePlatform locale="" productLineID="embeddedEsx" version="7.0"/></platforms><vibList><vibID>VMware_bootbank_lsuv2-lsiv2-drivers-plugin_1.0.0-2vmw.700.1.0.15843807</vibID></vibList></bulletin>