<bulletin><id>Broadcom-lpnic_11.4.62.0-1vmw.700.1.0.15843807</id><vendor>VMware</vendor><summary>net driver for VMware ESX</summary><severity>general</severity><category>enhancement</category><urgency>important</urgency><releaseType>extension</releaseType><description>Emulex OneConnect Network Driver</description><kbUrl>http://kb.vmware.com/kb/example.html</kbUrl><contact>support@vmware.com</contact><componentNameSpec name="Broadcom-lpnic" uiString="Broadcom Emulex OneConnect Network Driver"/><componentVersionSpec uiString="11.4.62.0-1vmw" version="11.4.62.0-1vmw.700.1.0.15843807"/><releaseDate>2020-03-16T10:42:03.203998+00:00</releaseDate><platforms><softwarePlatform locale="" productLineID="embeddedEsx" version="7.0"/></platforms><vibList><vibID>VMW_bootbank_lpnic_11.4.62.0-1vmw.700.1.0.15843807</vibID></vibList></bulletin>