<bulletin><id>Broadcom-elxnet_12.0.1250.0-5vmw.700.1.0.15843807</id><vendor>VMware</vendor><summary>net driver for VMware ESX</summary><severity>general</severity><category>enhancement</category><urgency>important</urgency><releaseType>extension</releaseType><description>Emulex OneConnect Network Driver</description><kbUrl>http://kb.vmware.com/kb/example.html</kbUrl><contact>support@vmware.com</contact><componentNameSpec name="Broadcom-elxnet" uiString="Emulex OneConnect Network Driver"/><componentVersionSpec uiString="12.0.1250.0-5vmw" version="12.0.1250.0-5vmw.700.1.0.15843807"/><releaseDate>2020-03-16T10:42:02.987443+00:00</releaseDate><platforms><softwarePlatform locale="" productLineID="embeddedEsx" version="7.0"/></platforms><vibList><vibID>VMW_bootbank_elxnet_12.0.1250.0-5vmw.700.1.0.15843807</vibID></vibList></bulletin>