<bulletin><id>Broadcom-bnxt-Net-RoCE_216.0.0.0-1vmw.700.1.0.15843807</id><vendor>VMware</vendor><summary>Broadcom NetXtreme-E Network and ROCE/RDMA Drivers for VMware ESXi</summary><severity>general</severity><category>enhancement</category><urgency>important</urgency><releaseType>extension</releaseType><description>Broadcom NetXtreme-E Network and ROCE/RDMA Drivers</description><kbUrl>http://kb.vmware.com/kb/example.html</kbUrl><contact>support@vmware.com</contact><componentNameSpec name="Broadcom-bnxt-Net-RoCE" uiString="Broadcom NetXtreme-E Network and ROCE/RDMA Drivers"/><componentVersionSpec uiString="216.0.0.0-1vmw" version="216.0.0.0-1vmw.700.1.0.15843807"/><releaseDate>2020-03-16T10:41:57.919337+00:00</releaseDate><platforms><softwarePlatform locale="" productLineID="embeddedEsx" version="7.0"/></platforms><vibList><vibID>VMW_bootbank_bnxtnet_216.0.50.0-4vmw.700.1.0.15843807</vibID><vibID>VMW_bootbank_bnxtroce_216.0.58.0-1vmw.700.1.0.15843807</vibID></vibList></bulletin>