<bulletin><id>Broadcom-ELX-IMA-plugin_12.0.1200.0-2vmw.700.1.0.15843807</id><vendor>VMware</vendor><summary>IMA plugin for elxiscsi driver</summary><severity>general</severity><category>enhancement</category><urgency>important</urgency><releaseType>extension</releaseType><description>This package contains the IMA plugin of the elxiscsi driver.</description><kbUrl>http://kb.vmware.com/kb/example.html</kbUrl><contact>support@vmware.com</contact><componentNameSpec name="Broadcom-ELX-IMA-plugin" uiString="Broadcom IMA plugin for Emulex OneConnect iSCSI Driver"/><componentVersionSpec uiString="12.0.1200.0-2vmw" version="12.0.1200.0-2vmw.700.1.0.15843807"/><releaseDate>2020-03-16T10:42:02.880192+00:00</releaseDate><platforms><softwarePlatform locale="" productLineID="embeddedEsx" version="7.0"/></platforms><vibList><vibID>VMware_bootbank_elx-esx-libelxima.so_12.0.1200.0-2vmw.700.1.0.15843807</vibID></vibList></bulletin>