<bulletin><id>Broadcom-lsi-mr3_7.712.50.00-1vmw.700.1.0.15843807</id><vendor>VMware</vendor><summary>Broadcom Native MegaRAID SAS</summary><severity>general</severity><category>enhancement</category><urgency>important</urgency><releaseType>extension</releaseType><description>Broadcom Native MegaRAID SAS driver for vmkernel</description><kbUrl>http://kb.vmware.com/kb/example.html</kbUrl><contact>support@VMware.com</contact><componentNameSpec name="Broadcom-lsi-mr3" uiString="Broadcom 12Gbps SAS/PCIe MegaRAID Driver"/><componentVersionSpec uiString="7.712.50.00-1vmw" version="7.712.50.00-1vmw.700.1.0.15843807"/><releaseDate>2020-03-16T10:42:03.289761+00:00</releaseDate><platforms><softwarePlatform locale="" productLineID="embeddedEsx" version="7.0"/></platforms><vibList><vibID>VMW_bootbank_lsi-mr3_7.712.50.00-1vmw.700.1.0.15843807</vibID></vibList></bulletin>