<bulletin><id>Broadcom-ELX-brcmnvmefc_12.4.293.2-3vmw.700.1.0.15843807</id><vendor>VMware</vendor><summary>Broadcom NVMeF FC Driver</summary><severity>general</severity><category>enhancement</category><urgency>important</urgency><releaseType>extension</releaseType><description>Broadcom NVMe over Fabric Fibre Channel Driver</description><kbUrl>http://kb.vmware.com/kb/example.html</kbUrl><contact>support@vmware.com</contact><componentNameSpec name="Broadcom-ELX-brcmnvmefc" uiString="Broadcom Emulex Connectivity Division NVMe over Fabric driver for FC adapters"/><componentVersionSpec uiString="12.4.293.2-3vmw" version="12.4.293.2-3vmw.700.1.0.15843807"/><releaseDate>2020-03-16T10:41:58.729813+00:00</releaseDate><platforms><softwarePlatform locale="" productLineID="embeddedEsx" version="7.0"/></platforms><vibList><vibID>VMW_bootbank_brcmnvmefc_12.4.293.2-3vmw.700.1.0.15843807</vibID></vibList></bulletin>