<bulletin><id>Broadcom-ELX-brcmfcoe_12.0.1500.0-1vmw.700.1.0.15843807</id><vendor>VMware</vendor><summary>Emulex FCoE Driver</summary><severity>general</severity><category>enhancement</category><urgency>important</urgency><releaseType>extension</releaseType><description>Emulex FCoE Driver</description><kbUrl>http://kb.vmware.com/kb/example.html</kbUrl><contact>support@vmware.com</contact><componentNameSpec name="Broadcom-ELX-brcmfcoe" uiString="Broadcom Emulex Connectivity Division fcoe driver for FCoE adapters"/><componentVersionSpec uiString="12.0.1500.0-1vmw" version="12.0.1500.0-1vmw.700.1.0.15843807"/><releaseDate>2020-03-16T10:41:58.699418+00:00</releaseDate><platforms><softwarePlatform locale="" productLineID="embeddedEsx" version="7.0"/></platforms><vibList><vibID>VMW_bootbank_brcmfcoe_12.0.1500.0-1vmw.700.1.0.15843807</vibID></vibList></bulletin>