<bulletin><id>Broadcom-elxiscsi_12.0.1200.0-1vmw.700.1.0.15843807</id><vendor>VMware</vendor><summary>iscsi driver for VMware ESX</summary><severity>general</severity><category>enhancement</category><urgency>important</urgency><releaseType>extension</releaseType><description>Emulex OneConnect iSCSI Driver</description><kbUrl>http://kb.vmware.com/kb/example.html</kbUrl><contact>support@vmware.com</contact><componentNameSpec name="Broadcom-elxiscsi" uiString="Emulex OneConnect iSCSI Driver"/><componentVersionSpec uiString="12.0.1200.0-1vmw" version="12.0.1200.0-1vmw.700.1.0.15843807"/><releaseDate>2020-03-16T10:42:02.882763+00:00</releaseDate><platforms><softwarePlatform locale="" productLineID="embeddedEsx" version="7.0"/></platforms><vibList><vibID>VMW_bootbank_elxiscsi_12.0.1200.0-1vmw.700.1.0.15843807</vibID></vibList></bulletin>