<bulletin><id>Broadcom-ntg3_4.1.4.1-1vmw.700.1.0.15843807</id><vendor>VMware</vendor><summary>Broadcom NetXtreme I ESX VMKAPI ethernet driver</summary><severity>general</severity><category>enhancement</category><urgency>important</urgency><releaseType>extension</releaseType><description>Broadcom NetXtreme I ESX VMKAPI ethernet driver</description><kbUrl>http://kb.vmware.com/kb/example.html</kbUrl><contact>foobar@vmware.com</contact><componentNameSpec name="Broadcom-ntg3" uiString="Broadcom NetXtreme I ESX VMKAPI ethernet driver"/><componentVersionSpec uiString="4.1.4.1-1vmw" version="4.1.4.1-1vmw.700.1.0.15843807"/><releaseDate>2020-03-16T10:42:03.750442+00:00</releaseDate><platforms><softwarePlatform locale="" productLineID="embeddedEsx" version="7.0"/></platforms><vibList><vibID>VMW_bootbank_ntg3_4.1.4.1-1vmw.700.1.0.15843807</vibID></vibList></bulletin>