<bulletin><id>Cisco-nfnic_4.0.0.44-1vmw.700.1.0.15843807</id><vendor>VMware</vendor><summary>Cisco UCS VIC Native fNIC driver</summary><severity>general</severity><category>enhancement</category><urgency>important</urgency><releaseType>extension</releaseType><description>Cisco UCS VIC Native fNIC driver for vmkernel</description><kbUrl>http://kb.vmware.com/kb/example.html</kbUrl><contact>support@VMware.com</contact><componentNameSpec name="Cisco-nfnic" uiString="Cisco VIC FCoE Driver"/><componentVersionSpec uiString="4.0.0.44-1vmw" version="4.0.0.44-1vmw.700.1.0.15843807"/><releaseDate>2020-03-16T10:42:03.682341+00:00</releaseDate><platforms><softwarePlatform locale="" productLineID="embeddedEsx" version="7.0"/></platforms><vibList><vibID>VMW_bootbank_nfnic_4.0.0.44-1vmw.700.1.0.15843807</vibID></vibList></bulletin>