<bulletin><id>Cisco-nenic_1.0.29.0-1vmw.700.1.0.15843807</id><vendor>VMware</vendor><summary>Cisco VIC Native driver for VMware ESX</summary><severity>general</severity><category>enhancement</category><urgency>important</urgency><releaseType>extension</releaseType><description>Cisco VIC Ethernet NIC Driver</description><kbUrl>http://kb.vmware.com/kb/example.html</kbUrl><contact>support@vmware.com</contact><componentNameSpec name="Cisco-nenic" uiString="Cisco VIC Ethernet Driver"/><componentVersionSpec uiString="1.0.29.0-1vmw" version="1.0.29.0-1vmw.700.1.0.15843807"/><releaseDate>2020-03-16T10:42:03.560381+00:00</releaseDate><platforms><softwarePlatform locale="" productLineID="embeddedEsx" version="7.0"/></platforms><vibList><vibID>VMW_bootbank_nenic_1.0.29.0-1vmw.700.1.0.15843807</vibID></vibList></bulletin>