<bulletin><id>cru-driver_700.10.16-1OEM.700.0.0.14828939</id><vendor>Hewlett Packard Enterprise</vendor><summary>cru: cru driver</summary><severity>general</severity><category>enhancement</category><urgency>important</urgency><releaseType>extension</releaseType><description>cru driver for vmkernel</description><kbUrl>http://www.hpe.com</kbUrl><contact>none@example.com</contact><componentNameSpec name="cru-driver" uiString="cru driver for vmkernel"/><componentVersionSpec uiString="700.10.16" version="700.10.16-1OEM.700.0.0.14828939"/><releaseDate>2019-12-17T15:17:19+00:00</releaseDate><platforms><softwarePlatform locale="" productLineID="embeddedEsx" version="7.0.0"/></platforms><vibList><vibID>HPE_bootbank_cru_700.10.16-1OEM.700.0.0.14828939</vibID></vibList></bulletin>