<bulletin><id>esx-update_7.0.0-1.0.15843807</id><vendor>VMware</vendor><summary>ESXi Install/Upgrade Component</summary><severity>general</severity><category>general</category><urgency>important</urgency><releaseType>patch</releaseType><description>Component that supports installing and upgrading ESXi.</description><kbUrl></kbUrl><contact>VMware</contact><componentNameSpec name="esx-update" uiString="ESXi Install/Upgrade Component"/><componentVersionSpec uiString="7.0.0 Build 15843807" version="7.0.0-1.0.15843807"/><releaseDate>2020-03-16T10:44:49.018946+00:00</releaseDate><platforms><softwarePlatform locale="" productLineID="embeddedEsx" version="7.0"/></platforms><vibList><vibID>VMware_bootbank_loadesx_7.0.0-1.0.15843807</vibID><vibID>VMware_bootbank_esx-update_7.0.0-1.0.15843807</vibID></vibList></bulletin>