<bulletin><id>ESXi_7.0.0-1.0.15843807</id><vendor>VMware</vendor><summary>ESXi Component - core ESXi VIBs</summary><severity>general</severity><category>general</category><urgency>important</urgency><releaseType>patch</releaseType><description>ESXi component with core ESXi VIBs</description><kbUrl></kbUrl><contact>VMware</contact><componentNameSpec name="ESXi" uiString="ESXi"/><componentVersionSpec uiString="7.0.0 Build - 15843807" version="7.0.0-1.0.15843807"/><releaseDate>2020-03-16T10:48:52.739068+00:00</releaseDate><platforms><softwarePlatform locale="" productLineID="embeddedEsx" version="7.0"/></platforms><vibList><vibID>VMware_bootbank_esx-ui_1.34.0-15603211</vibID><vibID>VMware_bootbank_esx-dvfilter-generic-fastpath_7.0.0-1.0.15843807</vibID><vibID>VMware_bootbank_esx-base_7.0.0-1.0.15843807</vibID><vibID>VMware_bootbank_crx_7.0.0-1.0.15843807</vibID><vibID>VMware_bootbank_vdfs_7.0.0-1.0.15843807</vibID><vibID>VMware_bootbank_cpu-microcode_7.0.0-1.0.15843807</vibID><vibID>VMware_bootbank_vsan_7.0.0-1.0.15843807</vibID><vibID>VMware_bootbank_native-misc-drivers_7.0.0-1.0.15843807</vibID><vibID>VMware_bootbank_vsanhealth_7.0.0-1.0.15843807</vibID><vibID>VMware_bootbank_esx-xserver_7.0.0-1.0.15843807</vibID></vibList></bulletin>