<bulletin><id>fc-enablement-component_700.3.5.0.40-1</id><vendor>Hewlett Packard Enterprise</vendor><summary>Fiber Channel and Storage Enablement Bundle for ESXi</summary><severity>general</severity><category>enhancement</category><urgency>important</urgency><releaseType>extension</releaseType><description>Fiber Channel and Storage Enablement Bundle for ESXi</description><kbUrl>http://www.hpe.com</kbUrl><contact>hpvmwesxi@hpe.com</contact><componentNameSpec name="fc-enablement-component" uiString="Fiber Channel and Storage Enablement Bundle"/><componentVersionSpec uiString="700.3.5.0.40-1" version="700.3.5.0.40-1"/><releaseDate>2020-04-02T19:44:41+00:00</releaseDate><platforms><softwarePlatform locale="" productLineID="embeddedEsx" version="7.0.0"/></platforms><vibList><vibID>HPE_bootbank_fc-enablement_700.3.5.0.40-1OEM.700.0.0.15525992</vibID></vibList></bulletin>