<bulletin><id>HPE-nhpsa_2.0.50-1vmw.700.1.0.15843807</id><vendor>VMware</vendor><summary>HPSA native driver</summary><severity>general</severity><category>enhancement</category><urgency>important</urgency><releaseType>extension</releaseType><description>VMware native driver module for HPE Smart Array and Smart HBA controllers</description><kbUrl>http://kb.vmware.com/kb/example.html</kbUrl><contact>support@vmware.com</contact><componentNameSpec name="HPE-nhpsa" uiString="HPE Smart Array Controller Driver"/><componentVersionSpec uiString="2.0.50-1vmw" version="2.0.50-1vmw.700.1.0.15843807"/><releaseDate>2020-03-16T10:42:03.697933+00:00</releaseDate><platforms><softwarePlatform locale="" productLineID="embeddedEsx" version="7.0"/></platforms><vibList><vibID>VMW_bootbank_nhpsa_2.0.50-1vmw.700.1.0.15843807</vibID></vibList></bulletin>