<bulletin><id>HPE-hpv2-hpsa-plugin_1.0.0-2vmw.700.1.0.15843807</id><vendor>VMware</vendor><summary>HPSA LSU Management Plugin</summary><severity>general</severity><category>enhancement</category><urgency>important</urgency><releaseType>extension</releaseType><description>HPSA LSU Management Plugin</description><kbUrl></kbUrl><contact>None</contact><componentNameSpec name="HPE-hpv2-hpsa-plugin" uiString="HPE HPSA LSU V2 Management Plugin"/><componentVersionSpec uiString="1.0.0-2vmw" version="1.0.0-2vmw.700.1.0.15843807"/><releaseDate>2020-03-16T10:42:02.895640+00:00</releaseDate><platforms><softwarePlatform locale="" productLineID="embeddedEsx" version="7.0"/></platforms><vibList><vibID>VMware_bootbank_lsuv2-hpv2-hpsa-plugin_1.0.0-2vmw.700.1.0.15843807</vibID></vibList></bulletin>