<bulletin><id>HPE-Utility-Component_10.5.0-63</id><vendor>Hewlett Packard Enterprise</vendor><summary>HPE Utility Component for ESXi 7.0 10.5.0-63</summary><severity>general</severity><category>enhancement</category><urgency>important</urgency><releaseType>extension</releaseType><description>The ESXi Utilities Offline bundle for VMware ESXi 7.0 includes
    HPONCFG, BOOTCFG, TESTEVENT, SSACLI and CONREP utilities for online configuration of servers.
    HPONCFG can be used to set up and reconfigure the iLO (Integrated Lights-Out) management controller of a server.
    BOOTCFG can be used to set up the boot configuration for the server.
    Conrep can be used for the Configuration Replication Utility.
    SSACLI can be used in the configuration of Smart Array controllers and attached storage.</description><kbUrl>http://www.hpe.com</kbUrl><contact>HPEVMwareSupport@groups.ext.hpe.com</contact><componentNameSpec name="HPE-Utility-Component" uiString="HPE Utility Component"/><componentVersionSpec uiString="10.5.0" version="10.5.0-63"/><releaseDate>2020-04-02T12:00:00+00:00</releaseDate><platforms><softwarePlatform locale="" productLineID="embeddedEsx" version="7.0.0"/></platforms><vibList><vibID>HPE_bootbank_conrep_700.10.5.0.34-7.0.0.15525992</vibID><vibID>HPE_bootbank_bootcfg_700.10.5.0.23-7.0.0.15525992</vibID><vibID>HPE_bootbank_testevent_700.10.5.0.24-7.0.0.15525992</vibID><vibID>HPE_bootbank_hponcfg_700.10.5.0.25-7.0.0.15525992</vibID></vibList></bulletin>