<bulletin><id>hpessacli-component_4.18.1.0-7.0.0</id><vendor>Hewlett Packard Enterprise</vendor><summary>Smart Storage Administrator CLI for ESXi</summary><severity>general</severity><category>bugfix</category><urgency>low</urgency><releaseType>extension</releaseType><description>ssacli: Smart Storage Administrator CLI for ESXi</description><kbUrl>http://www.hpe.com</kbUrl><contact></contact><componentNameSpec name="hpessacli-component" uiString="Smart Storage Administrator CLI for ESXi"/><componentVersionSpec uiString="4.18.1.0" version="4.18.1.0-7.0.0"/><releaseDate>2020-03-10T10:45:51.320000+00:00</releaseDate><platforms><softwarePlatform locale="" productLineID="embeddedEsx" version="7.0.0"/></platforms><vibList><vibID>HPE_bootbank_hpessacli_4.18.1.0-7.0.0.15525992.hpe</vibID></vibList></bulletin>