<bulletin><id>ilo-driver_700.10.1.0.16-1OEM.700.0.0.14828939</id><vendor>Hewlett Packard Enterprise</vendor><summary>ilo: ilo driver</summary><severity>general</severity><category>enhancement</category><urgency>important</urgency><releaseType>extension</releaseType><description>ilo driver for vmkernel</description><kbUrl>http://www.hpe.com</kbUrl><contact>none@example.com</contact><componentNameSpec name="ilo-driver" uiString="ilo driver for vmkernel"/><componentVersionSpec uiString="700.10.1.0.16" version="700.10.1.0.16-1OEM.700.0.0.14828939"/><releaseDate>2019-12-17T15:04:37+00:00</releaseDate><platforms><softwarePlatform locale="" productLineID="embeddedEsx" version="7.0.0"/></platforms><vibList><vibID>HPE_bootbank_ilo_700.10.1.0.16-1OEM.700.0.0.14828939</vibID></vibList></bulletin>