<bulletin><id>Intel-Volume-Mgmt-Device_2.0.0.1055-3vmw.700.1.0.15843807</id><vendor>VMware</vendor><summary>Intel NVME Driver with VMD Technology</summary><severity>general</severity><category>enhancement</category><urgency>important</urgency><releaseType>extension</releaseType><description>Intel NVME Driver with VMD Technology</description><kbUrl>http://kb.vmware.com/kb/example.html</kbUrl><contact>support@VMware.com</contact><componentNameSpec name="Intel-Volume-Mgmt-Device" uiString="Intel(R) Volume Management Device enabled NVME Driver"/><componentVersionSpec uiString="2.0.0.1055-3vmw" version="2.0.0.1055-3vmw.700.1.0.15843807"/><releaseDate>2020-03-16T10:42:02.895963+00:00</releaseDate><platforms><softwarePlatform locale="" productLineID="embeddedEsx" version="7.0"/></platforms><vibList><vibID>VMW_bootbank_iavmd_2.0.0.1055-3vmw.700.1.0.15843807</vibID></vibList></bulletin>