<bulletin><id>Intel-ne1000_0.8.4-10vmw.700.1.0.15843807</id><vendor>VMware</vendor><summary>Networking Driver for Intel PRO/1000 Family Adapters</summary><severity>general</severity><category>enhancement</category><urgency>important</urgency><releaseType>extension</releaseType><description>Intel PRO/1000 Gigabit Ethernet Adapter</description><kbUrl>http://kb.vmware.com/kb/example.html</kbUrl><contact>support@vmware.com</contact><componentNameSpec name="Intel-ne1000" uiString="Intel Gigabit Ethernet Connection Driver"/><componentVersionSpec uiString="0.8.4-10vmw" version="0.8.4-10vmw.700.1.0.15843807"/><releaseDate>2020-03-16T10:42:03.578485+00:00</releaseDate><platforms><softwarePlatform locale="" productLineID="embeddedEsx" version="7.0"/></platforms><vibList><vibID>VMW_bootbank_ne1000_0.8.4-10vmw.700.1.0.15843807</vibID></vibList></bulletin>