<bulletin><id>Intel-i40iwn_1.1.2.5-1vmw.700.1.0.15843807</id><vendor>VMware</vendor><summary>Network driver for Intel(R) X722 RDMA Adapters</summary><severity>general</severity><category>enhancement</category><urgency>important</urgency><releaseType>extension</releaseType><description>Native i40iwn RDMA driver for VMware ESXi</description><kbUrl>http://kb.vmware.com/kb/example.html</kbUrl><contact>support@vmware.com</contact><componentNameSpec name="Intel-i40iwn" uiString="Intel Network Driver for Intel(R) X722 RDMA Adapters"/><componentVersionSpec uiString="1.1.2.5-1vmw" version="1.1.2.5-1vmw.700.1.0.15843807"/><releaseDate>2020-03-16T10:42:02.898211+00:00</releaseDate><platforms><softwarePlatform locale="" productLineID="embeddedEsx" version="7.0"/></platforms><vibList><vibID>VMW_bootbank_i40iwn_1.1.2.5-1vmw.700.1.0.15843807</vibID></vibList></bulletin>