<bulletin><id>Intel-SCU-rste_2.0.2.0088-7vmw.700.1.0.15843807</id><vendor>VMware</vendor><summary>rste: SCU SAS/SATA for VMware ESX</summary><severity>general</severity><category>enhancement</category><urgency>important</urgency><releaseType>extension</releaseType><description>Intel SCU SAS/SATA for VMware ESX</description><kbUrl>http://kb.vmware.com/kb/example.html</kbUrl><contact>foobar@vmware.com</contact><componentNameSpec name="Intel-SCU-rste" uiString="Intel SCU SAS/SATA for VMware ESX"/><componentVersionSpec uiString="2.0.2.0088-7vmw" version="2.0.2.0088-7vmw.700.1.0.15843807"/><releaseDate>2020-03-16T10:42:04.236734+00:00</releaseDate><platforms><softwarePlatform locale="" productLineID="embeddedEsx" version="7.0"/></platforms><vibList><vibID>VMW_bootbank_rste_2.0.2.0088-7vmw.700.1.0.15843807</vibID></vibList></bulletin>