<bulletin><id>Intel-i40en_1.8.1.16-1vmw.700.1.0.15843807</id><vendor>VMware</vendor><summary>Experimental network driver for Intel(R) X710/XL710/X722 Adapters</summary><severity>general</severity><category>enhancement</category><urgency>important</urgency><releaseType>extension</releaseType><description>Experimental native i40en network driver for VMware ESXi</description><kbUrl>http://kb.vmware.com/kb/example.html</kbUrl><contact>support@vmware.com</contact><componentNameSpec name="Intel-i40en" uiString="Intel Network Driver for Intel(R) X710/XL710/XXV710/X722 Adapters"/><componentVersionSpec uiString="1.8.1.16-1vmw" version="1.8.1.16-1vmw.700.1.0.15843807"/><releaseDate>2020-03-16T10:42:02.902095+00:00</releaseDate><platforms><softwarePlatform locale="" productLineID="embeddedEsx" version="7.0"/></platforms><vibList><vibID>VMW_bootbank_i40en_1.8.1.16-1vmw.700.1.0.15843807</vibID></vibList></bulletin>