<bulletin><id>Intel-ixgben_1.7.1.26-1vmw.700.1.0.15843807</id><vendor>VMware</vendor><summary>Network driver for Intel(R) 10 Gigabit NIC</summary><severity>general</severity><category>enhancement</category><urgency>important</urgency><releaseType>extension</releaseType><description>Native ixgben network driver for VMware ESXi</description><kbUrl>http://kb.vmware.com/kb/example.html</kbUrl><contact>support@vmware.com</contact><componentNameSpec name="Intel-ixgben" uiString="Intel Network Driver for Intel(R) 10 Gigabit Adapters"/><componentVersionSpec uiString="1.7.1.26-1vmw" version="1.7.1.26-1vmw.700.1.0.15843807"/><releaseDate>2020-03-16T10:42:03.168070+00:00</releaseDate><platforms><softwarePlatform locale="" productLineID="embeddedEsx" version="7.0"/></platforms><vibList><vibID>VMW_bootbank_ixgben_1.7.1.26-1vmw.700.1.0.15843807</vibID></vibList></bulletin>