<bulletin><id>Intel-igbn_0.1.1.0-6vmw.700.1.0.15843807</id><vendor>VMware</vendor><summary>Network driver for Intel(R) Gigabit Server Adapters</summary><severity>general</severity><category>enhancement</category><urgency>important</urgency><releaseType>extension</releaseType><description>Native igbn network driver for VMware ESXi</description><kbUrl>http://kb.vmware.com/kb/example.html</kbUrl><contact>support@vmware.com</contact><componentNameSpec name="Intel-igbn" uiString="Intel Network Driver for Intel(R) 1 Gigabit Server Adapters"/><componentVersionSpec uiString="0.1.1.0-6vmw" version="0.1.1.0-6vmw.700.1.0.15843807"/><releaseDate>2020-03-16T10:42:03.148585+00:00</releaseDate><platforms><softwarePlatform locale="" productLineID="embeddedEsx" version="7.0"/></platforms><vibList><vibID>VMW_bootbank_igbn_0.1.1.0-6vmw.700.1.0.15843807</vibID></vibList></bulletin>