<bulletin><id>Mellanox-nmlx5_4.19.16.7-1vmw.700.1.0.15843807</id><vendor>VMware</vendor><summary>Mellanox Technologies ConnectX-4/5 Core Ethernet and RoCE Drivers for VMware ESXi</summary><severity>general</severity><category>enhancement</category><urgency>important</urgency><releaseType>extension</releaseType><description>Mellanox Technologies ConnectX-4/5 Core Ethernet and RoCE Drivers</description><kbUrl>http://kb.vmware.com/kb/example.html</kbUrl><contact>support@vmware.com</contact><componentNameSpec name="Mellanox-nmlx5" uiString="Mellanox Technologies ConnectX-4/5 Core Ethernet and RoCE Drivers"/><componentVersionSpec uiString="4.19.16.7-1vmw" version="4.19.16.7-1vmw.700.1.0.15843807"/><releaseDate>2020-03-16T10:41:58.606379+00:00</releaseDate><platforms><softwarePlatform locale="" productLineID="embeddedEsx" version="7.0"/></platforms><vibList><vibID>VMW_bootbank_nmlx5-rdma_4.19.16.7-1vmw.700.1.0.15843807</vibID><vibID>VMW_bootbank_nmlx5-core_4.19.16.7-1vmw.700.1.0.15843807</vibID></vibList></bulletin>