<bulletin><id>Microchip-smartpqiv2-plugin_1.0.0-3vmw.700.1.0.15843807</id><vendor>VMware</vendor><summary>SMARTPQI LSU Management Plugin</summary><severity>general</severity><category>enhancement</category><urgency>important</urgency><releaseType>extension</releaseType><description>SMARTPQI LSU Management Plugin</description><kbUrl></kbUrl><contact>None</contact><componentNameSpec name="Microchip-smartpqiv2-plugin" uiString="Microsemi Storage Solution Smart Array Storage Controller Driver Plugin v2"/><componentVersionSpec uiString="1.0.0-3vmw" version="1.0.0-3vmw.700.1.0.15843807"/><releaseDate>2020-03-16T10:42:17.458892+00:00</releaseDate><platforms><softwarePlatform locale="" productLineID="embeddedEsx" version="7.0"/></platforms><vibList><vibID>VMware_bootbank_lsuv2-smartpqiv2-plugin_1.0.0-3vmw.700.1.0.15843807</vibID></vibList></bulletin>