<bulletin><id>Microchip-smartpqi_1.0.4.3011-1vmw.700.1.0.15843807</id><vendor>VMware</vendor><summary>SmartPqi Native driver</summary><severity>general</severity><category>enhancement</category><urgency>important</urgency><releaseType>extension</releaseType><description>VMware native driver module for Microsemi SmartPqi controllers</description><kbUrl>http://kb.vmware.com/kb/example.html</kbUrl><contact>support@vmware.com</contact><componentNameSpec name="Microchip-smartpqi" uiString="Microsemi Storage Solution Smart Array Storage Controller Driver"/><componentVersionSpec uiString="1.0.4.3011-1vmw" version="1.0.4.3011-1vmw.700.1.0.15843807"/><releaseDate>2020-03-16T10:42:04.286708+00:00</releaseDate><platforms><softwarePlatform locale="" productLineID="embeddedEsx" version="7.0"/></platforms><vibList><vibID>VMW_bootbank_smartpqi_1.0.4.3011-1vmw.700.1.0.15843807</vibID></vibList></bulletin>