<bulletin><id>Micron-mtip32xx-native_3.9.8-1vmw.700.1.0.15843807</id><vendor>VMware</vendor><summary>P32x/P42x PCIe SSD</summary><severity>general</severity><category>enhancement</category><urgency>important</urgency><releaseType>extension</releaseType><description>Micron RealSSD PCIe Native Driver</description><kbUrl>http://kb.vmware.com/kb/example.html</kbUrl><contact>support@micron.com</contact><componentNameSpec name="Micron-mtip32xx-native" uiString="Micron RealSSD PCIe Native Driver"/><componentVersionSpec uiString="3.9.8-1vmw" version="3.9.8-1vmw.700.1.0.15843807"/><releaseDate>2020-03-16T10:42:03.461532+00:00</releaseDate><platforms><softwarePlatform locale="" productLineID="embeddedEsx" version="7.0"/></platforms><vibList><vibID>VMW_bootbank_mtip32xx-native_3.9.8-1vmw.700.1.0.15843807</vibID></vibList></bulletin>