<bulletin><id>MRVL-E4-CNA-Driver-Bundle_1.0.0.0-1vmw.700.1.0.15843807</id><vendor>VMware</vendor><summary>QLogic FastLinQ 10/25/40/50/100 GbE Ethernet and RoCE/RDMA Drivers for VMware ESXi</summary><severity>general</severity><category>enhancement</category><urgency>important</urgency><releaseType>extension</releaseType><description>QLogic FastLinQ 10/25/40/50/100 GbE Ethernet and RoCE/RDMA Drivers</description><kbUrl>http://kb.vmware.com/kb/example.html</kbUrl><contact>support@vmware.com</contact><componentNameSpec name="MRVL-E4-CNA-Driver-Bundle" uiString="QLogic FastLinQ 10/25/40/50/100 GbE Ethernet and RoCE/RDMA Drivers"/><componentVersionSpec uiString="1.0.0.0-1vmw" version="1.0.0.0-1vmw.700.1.0.15843807"/><releaseDate>2020-03-16T10:41:58.454413+00:00</releaseDate><platforms><softwarePlatform locale="" productLineID="embeddedEsx" version="7.0"/></platforms><vibList><vibID>VMW_bootbank_qedrntv_3.12.1.2-12vmw.700.1.0.15843807</vibID><vibID>VMW_bootbank_qedentv_3.12.1.0-23vmw.700.1.0.15843807</vibID></vibList></bulletin>