<bulletin><id>MRVL-E3-Ethernet_1.1.0.11-1vmw.700.1.0.15843807</id><vendor>VMware</vendor><summary>Network driver for QLogic NetXtreme II PCI/PCIe Gigabit Ethernet Adapters</summary><severity>general</severity><category>enhancement</category><urgency>important</urgency><releaseType>extension</releaseType><description>Network driver for QLogic NetXtreme II PCI/PCIe Gigabit Ethernet Adapters</description><kbUrl>http://kb.vmware.com/kb/example.html</kbUrl><contact>support@vmware.com</contact><componentNameSpec name="MRVL-E3-Ethernet" uiString="QLogic NetXtreme II 1 Gigabit Ethernet Driver"/><componentVersionSpec uiString="1.1.0.11-1vmw" version="1.1.0.11-1vmw.700.1.0.15843807"/><releaseDate>2020-03-16T10:42:04.126038+00:00</releaseDate><platforms><softwarePlatform locale="" productLineID="embeddedEsx" version="7.0"/></platforms><vibList><vibID>VMW_bootbank_qflge_1.1.0.11-1vmw.700.1.0.15843807</vibID></vibList></bulletin>