<bulletin><id>MRVL-QLogic-FC_4.1.9.0-1OEM.700.1.0.15525992</id><vendor>Marvell</vendor><summary>qlnativefc: QLogic Fibre Channel HBA Driver</summary><severity>general</severity><category>enhancement</category><urgency>important</urgency><releaseType>extension</releaseType><description>QLogic Native FC driver for vmkernel</description><kbUrl>http://kb.vmware.com/kb/example.html</kbUrl><contact>support@marvell.com</contact><componentNameSpec name="MRVL-QLogic-FC" uiString="QLogic Fibre Channel HBA Driver"/><componentVersionSpec uiString="4.1.9.0 - Build 0001" version="4.1.9.0-1OEM.700.1.0.15525992"/><releaseDate>2020-02-28T07:16:14.161000+00:00</releaseDate><platforms><softwarePlatform locale="" productLineID="embeddedEsx" version="7.0.0"/></platforms><vibList><vibID>Marvell_bootbank_qlnativefc_4.1.9.0-1OEM.700.1.0.15525992</vibID></vibList></bulletin>