<bulletin><id>oem-build-component_700.0.0.10.5.0.38-1</id><vendor>Hewlett Packard Enterprise</vendor><summary>Custom Image Build Information for ESXi 7.0.0</summary><severity>general</severity><category>enhancement</category><urgency>important</urgency><releaseType>extension</releaseType><description>Custom Image Build Information for ESXi 7.0.0</description><kbUrl>http://www.hpe.com</kbUrl><contact>hpvmwesxi@hpe.com</contact><componentNameSpec name="oem-build-component" uiString="Custom Image Build Info"/><componentVersionSpec uiString="700.0.0.10.5.0.38-1" version="700.0.0.10.5.0.38-1"/><releaseDate>2020-04-02T12:00:00+00:00</releaseDate><platforms><softwarePlatform locale="" productLineID="embeddedEsx" version="7.0.0"/></platforms><vibList><vibID>HPE_bootbank_oem-build_700.0.0.10.5.0.38-1OEM.15525992</vibID></vibList></bulletin>