<bulletin><id>smxProvider_700.03.16.00.12-14828939</id><vendor>HPE</vendor><summary>smx:WBEM Providers for ESXi 7.0</summary><severity>general</severity><category>enhancement</category><urgency>important</urgency><releaseType>extension</releaseType><description>WBEM Providers for ESXi 7.0</description><kbUrl>http://kb.vmware.com/kb/2001543</kbUrl><contact>none</contact><componentNameSpec name="smxProvider" uiString="smxProvider"/><componentVersionSpec uiString="700.03.16.00.12-14828939" version="700.03.16.00.12-14828939"/><releaseDate>2019-12-03T07:02:19.012448+00:00</releaseDate><platforms><softwarePlatform locale="" productLineID="esx" version="7.0.0"/><softwarePlatform locale="" productLineID="embeddedEsx" version="7.0.0"/></platforms><vibList><vibID>HPE_bootbank_smx-provider_700.03.16.00.12-14828939</vibID></vibList></bulletin>