<bulletin><id>Solarflare-NIC_2.0.0.1004-3vmw.700.1.0.15843807</id><vendor>VMware</vendor><summary>Networking driver for Solarflare XtremeScale SFC9xxx Ethernet Controller</summary><severity>general</severity><category>enhancement</category><urgency>important</urgency><releaseType>extension</releaseType><description>Networking driver for Solarflare XtremeScale SFC9xxx Ethernet Controller</description><kbUrl>http://kb.vmware.com/kb/example.html</kbUrl><contact>support@vmware.com</contact><componentNameSpec name="Solarflare-NIC" uiString="Solarflare XtremeScale NIC Driver"/><componentVersionSpec uiString="2.0.0.1004-3vmw" version="2.0.0.1004-3vmw.700.1.0.15843807"/><releaseDate>2020-03-16T10:42:04.257319+00:00</releaseDate><platforms><softwarePlatform locale="" productLineID="embeddedEsx" version="7.0"/></platforms><vibList><vibID>VMW_bootbank_sfvmk_2.0.0.1004-3vmw.700.1.0.15843807</vibID></vibList></bulletin>