<bulletin><id>sutComponent_700.2.5.5-0</id><vendor>HPE</vendor><summary>sut: Integrated Smart Update Tool</summary><severity>general</severity><category>enhancement</category><urgency>important</urgency><releaseType>extension</releaseType><description>Integrated Smart Update Tools for VMware ESX</description><kbUrl>http://www.hpe.com</kbUrl><contact>nobody@hpe.com</contact><componentNameSpec name="sutComponent" uiString="Integrated Smart Update Tool"/><componentVersionSpec uiString="700.2.5.5" version="700.2.5.5-0"/><releaseDate>2020-03-10T09:04:01.903000+00:00</releaseDate><platforms><softwarePlatform locale="" productLineID="embeddedEsx" version="7.0.0"/></platforms><vibList><vibID>HPE_bootbank_sut_700.2.5.5-1OEM.700.1.0.15525992</vibID></vibList></bulletin>