<bulletin><id>VMW-ESX-7.0.0-lpfc-12.6.147.6</id><vendor>Broadcom</vendor><summary>lpfc: Broadcom Emulex Connectivity Division lpfc driver for FC adapters</summary><severity>general</severity><category>enhancement</category><urgency>important</urgency><releaseType>extension</releaseType><description>Broadcom Emulex Connectivity Division FC and FCoE Driver</description><kbUrl>http://kb.vmware.com/kb/example.html</kbUrl><contact>ecd-tech.support@broadcom.com</contact><componentNameSpec name="Broadcom-ELX-lpfc" uiString="Broadcom Emulex Connectivity Division lpfc driver for FC adapters"/><componentVersionSpec uiString="12.6.147.6-1" version="12.6.147.6-1OEM.700.0.0.14828939"/><releaseDate>2019-11-23T11:00:09+00:00</releaseDate><platforms><softwarePlatform locale="" productLineID="embeddedEsx" version="7.0.0"/></platforms><vibList><vibID>EMU_bootbank_lpfc_12.6.147.6-1OEM.700.0.0.14828939</vibID></vibList></bulletin>