<bulletin><id>VMware-NVMe-PCIe_1.2.2.13-1vmw.700.1.0.15843807</id><vendor>VMware</vendor><summary>Non-Volatile memory controller driver</summary><severity>general</severity><category>enhancement</category><urgency>important</urgency><releaseType>extension</releaseType><description>Non-Volatile memory controller driver</description><kbUrl>http://kb.vmware.com/kb/example.html</kbUrl><contact>support@vmware.com</contact><componentNameSpec name="VMware-NVMe-PCIe" uiString="VMware NVMe PCI Express Storage Driver"/><componentVersionSpec uiString="1.2.2.13-1vmw" version="1.2.2.13-1vmw.700.1.0.15843807"/><releaseDate>2020-03-16T10:42:03.807473+00:00</releaseDate><platforms><softwarePlatform locale="" productLineID="embeddedEsx" version="7.0"/></platforms><vibList><vibID>VMW_bootbank_nvme-pcie_1.2.2.13-1vmw.700.1.0.15843807</vibID></vibList></bulletin>