<bulletin><id>VMware-nvmxnet3_2.0.0.30-1vmw.700.1.0.15843807</id><vendor>VMware</vendor><summary>Network driver for VMware vmxnet3 Virtual Ethernet Controller</summary><severity>general</severity><category>enhancement</category><urgency>important</urgency><releaseType>extension</releaseType><description>Native vmxnet3 network driver for VMware ESXi</description><kbUrl>http://kb.vmware.com/kb/example.html</kbUrl><contact>support@vmware.com</contact><componentNameSpec name="VMware-nvmxnet3" uiString="VMware VMXNET3 Virtual Ethernet Driver"/><componentVersionSpec uiString="2.0.0.30-1vmw" version="2.0.0.30-1vmw.700.1.0.15843807"/><releaseDate>2020-03-16T10:42:03.954564+00:00</releaseDate><platforms><softwarePlatform locale="" productLineID="embeddedEsx" version="7.0"/></platforms><vibList><vibID>VMW_bootbank_nvmxnet3_2.0.0.30-1vmw.700.1.0.15843807</vibID></vibList></bulletin>