<bulletin><id>VMware-oem-dell-plugin_1.0.0-1vmw.700.1.0.15843807</id><vendor>VMware</vendor><summary>OEM DELL LSU Management Plugin</summary><severity>general</severity><category>enhancement</category><urgency>important</urgency><releaseType>extension</releaseType><description>OEM DELL LSU Management Plugin</description><kbUrl></kbUrl><contact>None</contact><componentNameSpec name="VMware-oem-dell-plugin" uiString="VMware OEM DELL LSU Management Plugin"/><componentVersionSpec uiString="1.0.0-1vmw" version="1.0.0-1vmw.700.1.0.15843807"/><releaseDate>2020-03-16T10:42:03.977744+00:00</releaseDate><platforms><softwarePlatform locale="" productLineID="embeddedEsx" version="7.0"/></platforms><vibList><vibID>VMware_bootbank_lsuv2-oem-dell-plugin_1.0.0-1vmw.700.1.0.15843807</vibID></vibList></bulletin>