<bulletin><id>VMware-nvme-plugin_1.2.0.37-1vmw.700.1.0.15843807</id><vendor>VMware</vendor><summary>esxcli plugin for VMware nvme driver</summary><severity>general</severity><category>enhancement</category><urgency>important</urgency><releaseType>extension</releaseType><description>This package contains the esxcli plugin of the VMware nvme driver.</description><kbUrl>http://kb.vmware.com/kb/example.html</kbUrl><contact>support@vmware.com</contact><componentNameSpec name="VMware-nvme-plugin" uiString="esxcli plugin for VMware PCI Express NVMe"/><componentVersionSpec uiString="1.2.0.37-1vmw" version="1.2.0.37-1vmw.700.1.0.15843807"/><releaseDate>2020-03-16T10:42:24.051671+00:00</releaseDate><platforms><softwarePlatform locale="" productLineID="embeddedEsx" version="7.0"/></platforms><vibList><vibID>VMware_bootbank_vmware-esx-esxcli-nvme-plugin_1.2.0.37-1vmw.700.1.0.15843807</vibID></vibList></bulletin>