<bulletin><id>VMware-vmkfcoe_1.0.0.2-1vmw.700.1.0.15843807</id><vendor>VMware</vendor><summary>Native Software FCoE Driver for VMware ESX</summary><severity>general</severity><category>enhancement</category><urgency>important</urgency><releaseType>extension</releaseType><description>Native Software FCoE Driver for VMware ESX</description><kbUrl>http://kb.vmware.com/kb/example.html</kbUrl><contact>support@vmware.com</contact><componentNameSpec name="VMware-vmkfcoe" uiString="VMware native Software FCoE Driver"/><componentVersionSpec uiString="1.0.0.2-1vmw" version="1.0.0.2-1vmw.700.1.0.15843807"/><releaseDate>2020-03-16T10:42:04.361469+00:00</releaseDate><platforms><softwarePlatform locale="" productLineID="embeddedEsx" version="7.0"/></platforms><vibList><vibID>VMW_bootbank_vmkfcoe_1.0.0.2-1vmw.700.1.0.15843807</vibID></vibList></bulletin>