<bulletin><id>VMware-VM-Tools_11.0.5.15389592-15843807</id><vendor>VMware</vendor><summary>ESXi Tools Component</summary><severity>general</severity><category>general</category><urgency>important</urgency><releaseType>extension</releaseType><description>This component contains the tools VIB.</description><kbUrl></kbUrl><contact>VMware</contact><componentNameSpec name="VMware-VM-Tools" uiString="ESXi VM Tools"/><componentVersionSpec uiString="11.0.5" version="11.0.5.15389592-15843807"/><releaseDate>2020-03-16T10:42:04.527932+00:00</releaseDate><platforms><softwarePlatform locale="" productLineID="embeddedEsx" version="7.0"/></platforms><vibList><vibID>VMware_locker_tools-light_11.0.5.15389592-15843807</vibID></vibList></bulletin>