<bulletin><id>VMware-nvme-pcie-plugin_1.0.0-1vmw.700.1.0.15843807</id><vendor>VMware</vendor><summary>NVME PCIe LSU Management Plugin</summary><severity>general</severity><category>enhancement</category><urgency>important</urgency><releaseType>extension</releaseType><description>NVME PCIe LSU Management Plugin</description><kbUrl></kbUrl><contact>None</contact><componentNameSpec name="VMware-nvme-pcie-plugin" uiString="VMware NVME PCIe LSU Management Plugin"/><componentVersionSpec uiString="1.0.0-1vmw" version="1.0.0-1vmw.700.1.0.15843807"/><releaseDate>2020-03-16T10:42:03.729635+00:00</releaseDate><platforms><softwarePlatform locale="" productLineID="embeddedEsx" version="7.0"/></platforms><vibList><vibID>VMware_bootbank_lsuv2-nvme-pcie-plugin_1.0.0-1vmw.700.1.0.15843807</vibID></vibList></bulletin>