<bulletin><id>VMware-NVMeoF-RDMA_1.0.0.0-1vmw.700.1.0.15843807</id><vendor>VMware</vendor><summary>VMware NVME over RDMA Driver</summary><severity>general</severity><category>enhancement</category><urgency>important</urgency><releaseType>extension</releaseType><description>VMware NVME over RDMA Driver</description><kbUrl>http://kb.vmware.com/kb/example.html</kbUrl><contact>support@vmware.com</contact><componentNameSpec name="VMware-NVMeoF-RDMA" uiString="VMware NVMe over Fabric - RDMA Driver"/><componentVersionSpec uiString="1.0.0.0-1vmw" version="1.0.0.0-1vmw.700.1.0.15843807"/><releaseDate>2020-03-16T10:42:03.834674+00:00</releaseDate><platforms><softwarePlatform locale="" productLineID="embeddedEsx" version="7.0"/></platforms><vibList><vibID>VMW_bootbank_nvmerdma_1.0.0.0-1vmw.700.1.0.15843807</vibID></vibList></bulletin>