<bulletin><id>VMware-pvscsi_0.1-2vmw.700.1.0.15843807</id><vendor>VMware</vendor><summary>PVSCSI Driver</summary><severity>general</severity><category>enhancement</category><urgency>important</urgency><releaseType>extension</releaseType><description>Native driver for VMware PVSCSI</description><kbUrl>http://kb.vmware.com/kb/example.html</kbUrl><contact>foobar@vmware.com</contact><componentNameSpec name="VMware-pvscsi" uiString="VMware Paravirtual Storage Controller Driver"/><componentVersionSpec uiString="0.1-2vmw" version="0.1-2vmw.700.1.0.15843807"/><releaseDate>2020-03-16T10:42:04.093504+00:00</releaseDate><platforms><softwarePlatform locale="" productLineID="embeddedEsx" version="7.0"/></platforms><vibList><vibID>VMW_bootbank_pvscsi_0.1-2vmw.700.1.0.15843807</vibID></vibList></bulletin>