<bulletin><id>VMware-vmkata_0.1-1vmw.700.1.0.15843807</id><vendor>VMware</vendor><summary>ATA Driver</summary><severity>general</severity><category>enhancement</category><urgency>important</urgency><releaseType>extension</releaseType><description>Native ATA driver for VMware</description><kbUrl>http://kb.vmware.com/kb/example.html</kbUrl><contact>support@vmware.com</contact><componentNameSpec name="VMware-vmkata" uiString="VMWare ATA Storage Controller Driver"/><componentVersionSpec uiString="0.1-1vmw" version="0.1-1vmw.700.1.0.15843807"/><releaseDate>2020-03-16T10:42:04.314429+00:00</releaseDate><platforms><softwarePlatform locale="" productLineID="embeddedEsx" version="7.0"/></platforms><vibList><vibID>VMW_bootbank_vmkata_0.1-1vmw.700.1.0.15843807</vibID></vibList></bulletin>