<bulletin><id>VMware-iser_1.1.0.0-1vmw.700.1.0.15843807</id><vendor>VMware</vendor><summary>VMware Native iSER Driver</summary><severity>general</severity><category>enhancement</category><urgency>important</urgency><releaseType>extension</releaseType><description>VMware Native iSER Driver</description><kbUrl>http://kb.vmware.com/kb/example.html</kbUrl><contact>support@vmware.com</contact><componentNameSpec name="VMware-iser" uiString="VMware iSCSI Extensions over RDMA Driver"/><componentVersionSpec uiString="1.1.0.0-1vmw" version="1.1.0.0-1vmw.700.1.0.15843807"/><releaseDate>2020-03-16T10:42:03.193515+00:00</releaseDate><platforms><softwarePlatform locale="" productLineID="embeddedEsx" version="7.0"/></platforms><vibList><vibID>VMW_bootbank_iser_1.1.0.0-1vmw.700.1.0.15843807</vibID></vibList></bulletin>