<bulletin><id>VMware-ahci_1.3.9-1vmw.700.1.0.15843807</id><vendor>VMware</vendor><summary>VMware Native AHCI Driver</summary><severity>general</severity><category>enhancement</category><urgency>important</urgency><releaseType>extension</releaseType><description>VMware Native AHCI Driver</description><kbUrl>http://kb.vmware.com/kb/example.html</kbUrl><contact>support@vmware.com</contact><componentNameSpec name="VMware-ahci" uiString="VMware AHCI SATA Storage Controller Driver"/><componentVersionSpec uiString="1.3.9-1vmw" version="1.3.9-1vmw.700.1.0.15843807"/><releaseDate>2020-03-16T10:42:04.418723+00:00</releaseDate><platforms><softwarePlatform locale="" productLineID="embeddedEsx" version="7.0"/></platforms><vibList><vibID>VMW_bootbank_vmw-ahci_1.3.9-1vmw.700.1.0.15843807</vibID></vibList></bulletin>